timestamp,broken clouds (%),clear skies (%),few clouds (%),overcast (%),Scattered Clouds (%),10th % Dew Point (deg),90th % Dew Point (deg*10),Dew Point (deg*10),Heat Index (deg*10),Heating Degree Days (deg*hr-65),10th % Pressure (hPa*10),90th % Pressure (hPa*10),Pressure (hPa*10),10th % Temp (deg*10),90th % Temp (deg*10),Temp (deg*10),Wind Chill (deg*10),Wind Calm (%)
1767243600,9.1,20.3,6.8,61.5,2.3,2.1,33.1,18.5,25.1,40.5,1006.2,1031.1,1018,8.6,37.9,24.5,18.9,25.2
1767247200,8.8,19.3,6.8,63.2,2,2.1,33.1,18.5,25.1,39.9,1006.2,1031.1,1018,9.1,37.9,25.1,18.9,25.2
1767250800,7.9,20.1,5.9,64.1,2,2.1,32,18.3,24.7,40.3,1006.5,1031.1,1018.2,8.6,37.9,24.7,18.6,24.6
1767254400,9.8,18.8,5.6,65.4,0.5,1.4,33.1,18.4,24.6,40.4,1007.5,1031.3,1018.6,9.1,37.4,24.6,18.6,27.4
1767258000,6.8,16.8,6.1,67.9,2.4,1.4,32.9,18.3,24.5,40.5,1005.9,1031,1018.1,9.9,37.4,24.5,18.5,27.3
1767261600,9.7,16.1,5.6,66.9,1.7,1.9,33.1,18.2,24.3,40.7,1005.7,1030.7,1018.1,8.6,37.4,24.3,18.2,27
1767265200,9.4,15.3,6.6,66.9,1.9,1.4,33.1,18.1,24,41,1006.1,1030.7,1018.4,8.6,37.4,24,18.1,28.4
1767268800,14.9,12.8,9.1,62,1.2,1.4,33.1,17.9,23.9,41.1,1006.8,1030.8,1018.6,8.2,37.4,23.9,17.6,25.2
1767272400,16.3,9.6,9.1,62.3,2.6,1.4,33.1,18.1,24,41,1006.1,1031.2,1018.9,8.6,37,24,17.9,24.3
1767276000,15.4,10.9,9.5,62.7,1.4,2.8,33.8,18.6,25.1,39.9,1006.9,1031.5,1019.4,10.4,37.9,25.1,18.7,21.4
1767279600,17.2,11.5,7.9,61.1,2.4,3.9,33.8,19.5,27.1,37.9,1007,1031.7,1019.5,12.9,39.2,27.1,20.2,18.6
1767283200,18.7,11.6,9.2,57.3,3.1,3.9,35.1,20,28.9,36.1,1006.4,1031.5,1019.3,15.3,42.1,28.9,21.6,14.3
1767286800,20.2,8.9,9.9,57,4.1,5,35.1,20.4,30.5,34.5,1006.4,1030.4,1018.3,17.2,42.8,30.5,23.1,10.1
1767290400,17.5,12.1,10.2,58.3,1.9,3.9,35.1,20.3,31.5,33.5,1005.5,1029.5,1017.7,18,44.1,31.5,24.1,8.8
1767294000,18.6,11.3,10.6,56.8,2.6,5,35.1,20.4,32.2,32.8,1005.7,1029.3,1017.4,18.1,45,32.2,24.7,7.2
1767297600,20.7,13.5,7.7,57,1.2,3.2,35.1,19.9,32.1,32.9,1005.8,1028.9,1017.7,18.1,44.6,32.1,24.7,6.9
1767301200,17.7,14.4,9,56.3,2.6,2.8,34,19.8,31.5,33.5,1006.1,1029.2,1017.8,17.6,43,31.5,24.1,6.5
1767304800,14.1,13,12,57.9,3,1.9,33.8,19.2,30.1,34.9,1005.9,1029.9,1018.1,16,41,30.1,23,9.2
1767308400,12.1,16.1,10.7,59.7,1.4,1.9,33.1,19.3,28.8,36.3,1006.6,1030.4,1018.5,14.9,41,28.7,21.9,12.2
1767312000,13,17.5,10.1,58.2,1.2,2.1,34,19.1,27.9,37.1,1006.7,1031.2,1018.6,13.1,39.2,27.9,21.3,15.8
1767315600,10.6,20.5,7.8,59.7,1.4,2.1,33.1,18.9,26.9,38.1,1006.9,1031.7,1018.8,12,39.2,26.9,20.5,20
1767319200,10,20.5,8.4,60.2,0.9,2.8,33.8,18.9,26.5,38.5,1006.9,1031.8,1018.8,12,39.2,26.5,20.3,22.5
1767322800,8.5,19.2,8.5,62.2,1.6,2.1,33.1,18.8,26.1,38.9,1006.9,1031.6,1018.6,11.1,37.9,26.1,19.9,20.5
1767326400,8.3,21,7.3,63,0.5,2.8,33.8,18.8,26,39,1006.2,1031.9,1018.4,10.4,39,26,19.3,16.9
1767330000,9.5,20.2,7.4,61,1.9,2.5,33.8,18.6,25.6,40.7,1006.2,1031.6,1018.1,8.6,37.4,24.3,19.1,20.6
1767333600,8.8,18.5,6.6,64.5,1.7,2.1,33.8,18.5,25.1,39.9,1006.1,1031.2,1017.9,9.1,37.9,25.1,18.8,24.3
1767337200,7.8,18.6,5.9,66,1.7,2.1,32.9,18.3,24.7,40.3,1005.9,1031.2,1018.1,9,37.9,24.7,18.6,23.9
1767340800,9.4,17.7,5.8,66.1,1,1.4,33.1,18.4,24.6,40.4,1006.5,1031.4,1018.5,8.6,37.4,24.6,18.6,26.7
1767344400,7.8,15.3,7.1,67.6,2.2,1.2,32.9,18.3,24.5,40.5,1005.7,1031,1018,9.1,37.9,24.5,18.6,27
1767348000,9.7,15.7,5.8,66.8,1.9,1.4,33.1,18.1,24.3,40.8,1005.1,1030.7,1018,8.2,37.4,24.2,18.2,27.8
1767351600,9.6,15,6.8,67,1.6,1.4,33.1,18,23.9,41.1,1005.7,1030.7,1018.3,8.6,37.4,23.9,18,28.6
1767355200,15.1,12.3,9.1,62.3,1.2,0.9,32.9,17.8,23.8,41.2,1005.7,1030.8,1018.6,7.2,37.4,23.8,17.5,25.4
1767358800,16.4,9.5,8.6,63.3,2.1,1.2,33.1,18,23.9,41.1,1005.6,1031.1,1018.8,8.6,37,23.9,17.8,23.6
1767362400,15.4,10.9,8.8,63.5,1.4,2.1,33.8,18.5,25,40,1006.7,1031.5,1019.4,10.4,37.9,25,18.5,20.6
1767366000,17.1,10.7,8.1,61.2,2.9,3.2,33.8,19.4,26.9,38.1,1007,1031.8,1019.4,12.2,39,26.9,20,18.6
1767369600,18.9,10.4,9.7,57.7,3.3,3.9,35.1,19.9,28.8,36.2,1006.5,1031.6,1019.3,15.1,42.1,28.8,21.5,14.1
1767373200,20.3,8.6,9.5,57.3,4.3,5,35.1,20.4,30.4,34.6,1006.8,1030.4,1018.3,17.2,42.8,30.4,22.9,9.8
1767376800,17.5,11.8,10.9,57.7,2.1,3.9,34,20.3,31.5,33.6,1005.5,1029.5,1017.6,18,44.1,31.4,24,8.6
1767380400,19.3,11.8,10.6,56.1,2.1,5,34,20.3,32.2,32.8,1005.7,1029.3,1017.4,18.1,45,32.2,24.6,7.2
1767384000,21.2,13.7,7.7,56.3,1.2,3.2,34,19.8,32,33,1005.7,1029.3,1017.7,18.1,44.6,32,24.5,7
1767387600,19.6,14.4,8.5,55.2,2.4,2.8,34,19.6,31.4,33.6,1006,1029.2,1017.8,17.2,43,31.4,24,6
1767391200,15.2,12.9,12.5,56.4,3,1.9,33.1,19.2,30.1,35,1005.6,1029.9,1018,16,41,30,22.9,8.7
1767394800,12.9,15.9,11,59.1,1.2,1.9,33.1,19.2,28.8,36.3,1006.5,1030.5,1018.5,14.9,41,28.7,22,11.9
1767398400,13.9,17.5,9.9,57.5,1.2,2.1,33.8,19,27.8,37.2,1006.5,1031.3,1018.6,12.2,39.2,27.8,21.4,16.5
1767402000,10.6,19.6,8.5,60,1.2,2.1,33.1,18.8,26.9,38.2,1006.9,1031.8,1018.9,11.1,39.2,26.8,20.5,20.3
1767405600,10.5,18.6,9.1,60.9,0.9,1.9,32,18.8,26.5,38.5,1006.8,1031.8,1018.9,11.8,39.2,26.5,20.4,22.8
1767409200,8.5,17.5,9.2,62.9,1.9,2.1,33.1,18.7,26.1,38.9,1006.9,1031.9,1018.7,10.9,37.9,26.1,19.8,20.1
1767412800,8.6,19,8.6,63.4,0.5,2.8,33.8,18.7,25.9,39.1,1006.5,1032.1,1018.6,10.4,39,25.9,19.3,17.5
1767416400,9.7,18.3,8.1,61.7,2.1,2.3,33.3,18.6,25.5,40.7,1006.2,1031.8,1018.3,8.2,37.9,24.3,19.1,20.9
1767420000,9.3,16.8,7.6,64.6,1.7,1.9,32.9,18.6,25.1,40,1005.9,1031.6,1018,9,37.9,25,18.8,24.3
1767423600,8.6,17.1,6.6,66,1.7,1.9,32,18.3,24.6,40.4,1005.8,1031.3,1018.2,8.6,37.9,24.6,18.5,24.1
1767427200,8.8,17,6.1,67.2,1,1.4,32,18.5,24.6,40.4,1006,1031.6,1018.6,8.2,37.4,24.6,18.6,26
1767430800,7.4,14.3,7.1,69,2.2,0.9,32,18.4,24.6,40.4,1005.6,1031.1,1018,8.2,37.4,24.6,18.6,26
1767434400,9.7,15.1,5.6,67.6,1.9,1.4,32,18.1,24.2,40.8,1004.9,1031,1018,7,37,24.2,18.3,27.3
1767438000,9.9,13.9,6.8,67.5,1.9,1.2,32,18,23.9,41.1,1005.7,1031.1,1018.4,8.2,37,23.9,17.9,27.8
1767441600,15.1,11.9,8.6,63,1.4,0.9,32,17.8,23.7,41.3,1005.5,1031.1,1018.6,6.8,36.9,23.7,17.4,25.1
1767445200,15.8,9.3,8.6,64.1,2.2,0.9,32,18,23.8,41.2,1005.6,1031.4,1019,8.2,36.9,23.8,17.7,24.3
1767448800,15.5,11.2,8.1,63.8,1.4,2.1,33.1,18.5,24.9,40.1,1006.2,1032.3,1019.4,9,37.4,24.9,18.4,20.8
1767452400,16.2,11.7,7.6,61.6,2.9,3.2,33.1,19.2,26.8,38.2,1007,1032.2,1019.6,12.2,39.2,26.8,19.9,17.5
1767456000,17.8,10.5,10,58.9,2.9,3.2,34,19.8,28.7,36.3,1006.5,1032.1,1019.4,14.2,42.1,28.7,21.5,13.7
1767459600,19.4,8.1,9.6,58.6,4.3,5,34,20.3,30.2,34.8,1006.8,1030.7,1018.3,17.1,42.8,30.2,22.8,10.5
1767463200,16.8,11.4,10.4,59.2,2.1,3.9,33.8,20.3,31.3,33.7,1005.5,1029.8,1017.7,17.6,44.1,31.3,23.8,9.1
1767466800,18.4,11.7,10.5,57.2,2.2,5,34,20.3,32,33,1005.7,1029.5,1017.6,18.1,45,32,24.5,7.2
1767470400,19.7,13.8,8,57.1,1.4,3.2,34,19.9,31.9,33.1,1005.7,1029.3,1017.8,18,44.6,31.9,24.4,7
1767474000,19.2,14.5,8.5,55.5,2.4,3,34,19.8,31.4,33.7,1005.3,1029.3,1017.8,17.2,43,31.3,24,5.6
1767477600,15.7,13.1,11.4,56.3,3.5,2.1,33.1,19.4,30,35.1,1005.5,1030.4,1018,15.8,41,29.9,22.8,9.5
1767481200,13.6,16.2,10.6,57.9,1.6,2.8,33.1,19.3,28.7,36.5,1006.3,1030.5,1018.5,14,41,28.5,21.8,12.8
1767484800,13.8,16.7,10.4,57.4,1.7,2.8,33.8,19.1,27.8,37.4,1006.5,1031.4,1018.6,12.2,39.2,27.6,21.2,17
1767488400,10.7,19.9,8.1,59.7,1.7,2.1,33.1,18.8,26.8,38.4,1006.5,1031.8,1018.8,10.9,39.2,26.6,20.3,20.1
1767492000,10,19.5,8.6,61.3,0.7,2.8,32,18.8,26.6,38.6,1006.6,1031.8,1018.8,11.1,39.2,26.4,20.2,22.5
1767495600,9,18.2,8.5,62.2,2.1,2.1,33.1,18.7,26.1,39.1,1006.1,1031.9,1018.5,10.9,39,25.9,19.6,20.3
1767499200,8.6,18.9,8.9,63.2,0.5,2.8,33.8,18.7,25.9,39.2,1006.4,1032.1,1018.5,10.4,39.2,25.8,19.1,17.8
1767502800,10,18.8,7.9,61.2,2.1,2.3,33.3,18.6,25.4,40.8,1006,1031.8,1018.1,8.2,37.9,24.2,18.9,21.3
1767506400,8.8,18.3,7.3,63.6,2,1.9,32.9,18.5,25,40.1,1005.7,1031.4,1017.8,9,38.8,24.9,18.6,24.8
1767510000,7.9,18.7,5.9,65.4,2.2,1.4,32,18.2,24.6,40.5,1005.7,1031.5,1018,8.2,37.9,24.5,18.3,24.8
1767513600,9.5,18,5.1,66.5,1,1.2,32,18.4,24.5,40.6,1005.6,1031.6,1018.4,7.2,37.9,24.4,18.4,26.2
1767517200,7.1,14.4,7.3,68.9,2.2,0.7,32,18.3,24.4,40.6,1004.4,1031.1,1017.7,7,37.9,24.4,18.4,26.5
1767520800,10.9,15.8,5.1,66.3,1.9,0.1,32,18,24.1,41.1,1004.1,1031,1017.7,6.3,37.4,23.9,18,27.5
1767524400,10.1,14.3,7,66.9,1.6,0.9,32,17.9,23.8,41.3,1005.1,1031.1,1018.3,7.2,37.4,23.7,17.7,27.6
1767528000,14.7,11.9,8.6,63.5,1.4,0.1,32,17.7,23.7,41.4,1005,1030.8,1018.4,6.8,37.4,23.6,17.2,24
1767531600,15,9.8,8.6,64.4,2.1,0.7,33.1,18,23.8,41.3,1005.4,1031.3,1018.8,6.3,37,23.7,17.6,24.4
1767535200,15.2,11.4,8.8,62.9,1.7,1.4,33.8,18.4,24.7,40.3,1006,1031.9,1019.2,7.9,37.9,24.7,18.1,21.1
1767538800,16.9,11.9,8.6,60,2.6,3.2,33.8,19.2,26.7,38.3,1006.5,1032,1019.4,11.8,39.2,26.7,19.6,17.1
1767542400,17.5,11.1,9.9,58.9,2.6,3.2,35.1,19.8,28.7,36.4,1005.9,1031.9,1019.1,14,42.1,28.6,21.4,13.6
1767546000,19.1,8.4,10.5,57.3,4.8,5,35.1,20.2,30.1,34.9,1005.8,1030.7,1018.1,16.2,43,30.1,22.5,10
1767549600,17.3,11.1,11.1,57.9,2.6,3.9,34,20.2,31.2,33.9,1005.2,1029.8,1017.4,17.6,44.1,31.1,23.5,8.4
1767553200,18.4,11.7,11.2,56.6,2.1,5,34,20.2,31.9,33.2,1005.5,1029.3,1017.3,18,45,31.8,24.1,7
1767556800,20.1,14.3,8.2,56.3,1.2,3.2,34,19.8,31.7,33.3,1005.4,1029.3,1017.6,18,44.6,31.7,24.1,6.5
1767560400,19.4,14.5,9.2,54.3,2.6,3,34,19.6,31.2,33.9,1005.1,1029.2,1017.6,16.9,43,31.1,23.6,5.3
1767564000,15.9,13.3,11.5,55.7,3.5,1.9,33.1,19.3,29.9,35.3,1005,1029.9,1017.9,15.3,41.9,29.7,22.5,9.3
1767567600,13.7,16.5,10.9,57.2,1.7,1.9,33.1,19.2,28.6,36.6,1005.8,1030.3,1018.3,14,41,28.4,21.6,12.2
1767571200,13.1,16.5,10.2,58.5,1.7,2.1,33.8,19.1,27.7,37.5,1006,1031.2,1018.4,12,39.9,27.5,20.9,16.3
1767574800,10.7,19.2,7.8,60.2,2.1,2.1,33.1,18.8,26.8,38.5,1006.1,1031.7,1018.6,10.2,39.2,26.5,19.9,19.2
1767578400,10,19.5,8.4,61.6,0.5,2.1,32,18.8,26.5,38.7,1006.6,1031.6,1018.7,10.2,39.2,26.3,20,21.2
1767582000,9.3,17.1,8.8,62.7,2.1,2.1,33.1,18.7,26,39.2,1005.5,1031.6,1018.4,10.2,39,25.8,19.3,20.1
1767585600,9.1,17.2,8.9,64.1,0.7,2.8,33.8,18.7,25.9,39.3,1005.9,1032,1018.3,10.4,39.2,25.7,18.9,17.6
1767589200,10.2,17.1,7.6,63,2.1,2.3,33.3,18.6,25.5,40.9,1005.2,1031.8,1018.4,7.9,37.9,24.1,18.8,21.3
1767592800,8.8,17.8,7.1,64.9,1.5,1.9,32.9,18.5,25.1,40.1,1005.2,1031.1,1017.6,9,38.8,24.9,18.6,24.9
1767596400,8.1,17,6.2,66.4,2.2,1.4,32,18.1,24.6,40.6,1005.6,1031.2,1017.8,8.1,37.9,24.4,18,23.4
1767600000,9.5,17,4.9,67.4,1.2,1.2,32,18.3,24.5,40.7,1005.5,1031.5,1018.2,7.2,37.9,24.3,18.2,24.9
1767603600,7.6,13.7,6.8,69.9,2,0.7,32,18.3,24.5,40.7,1004.4,1030.6,1017.6,6.8,37.9,24.3,18.2,25.5
1767607200,10.6,14.7,4.6,67.9,2.2,0.1,32,17.9,24.1,41.1,1004.1,1030.7,1017.7,6.3,37.4,23.9,17.8,26.5
1767610800,9.4,13.8,7.5,67.6,1.6,0.9,32,18,24,41.3,1005,1031,1018.2,7,37.4,23.7,17.6,26.5
1767614400,13.4,12,9.4,64.1,1.2,1,32,17.7,23.7,41.5,1005,1030.7,1018.3,6.3,37,23.5,17,23
1767618000,13.3,10,9.3,65.1,2.4,1.1,33.1,17.9,23.8,41.4,1005.3,1031.1,1018.7,6.3,37.4,23.6,17.4,23.2
1767621600,14.5,11.4,9.2,63.5,1.4,1.2,33.8,18.3,24.7,40.4,1005.7,1031.6,1019.1,7.2,37.9,24.6,17.9,20.7
1767625200,16.4,12.1,8.8,60.5,2.1,3,33.8,19.1,26.7,38.4,1006.5,1031.8,1019.3,11.8,39.2,26.6,19.5,16.4
1767628800,17.3,11.6,9.9,58.6,2.6,3.2,35.1,19.7,28.5,36.5,1006.2,1031.5,1019.1,14,42.1,28.5,21.2,12.2
1767632400,18.9,9.7,9.7,57.4,4.3,5,35.1,20,30,35.1,1005.9,1030.3,1018.1,16.2,43,29.9,22.3,9.7
1767636000,18,11.1,11.1,57.4,2.4,3.9,34,20.1,31.1,34,1005.4,1029.5,1017.4,17.2,44.1,31,23.4,7.7
1767639600,18.5,12.2,10.8,56.1,2.4,5,35.1,20,31.7,33.3,1005.5,1029.3,1017.4,18,45,31.7,23.9,6.5
1767643200,20.4,14.3,7.7,56.7,0.9,3.2,34,19.6,31.5,33.5,1005.6,1029.3,1017.6,17.2,44.6,31.5,23.8,5.8
1767646800,19.4,14.2,9.2,54.6,2.6,3,34,19.5,31.1,34,1005.2,1029.2,1017.6,16.2,43,31,23.4,5.3
1767650400,16.6,13.6,11.4,55.6,2.8,1.9,33.1,19.1,29.8,35.4,1005.5,1029.7,1017.9,15.3,42.1,29.6,22.3,9.2
1767654000,13.5,16.5,10.6,57.4,1.9,1.9,33.1,19,28.5,36.8,1006.3,1030.2,1018.4,14,41,28.2,21.3,12.4
1767657600,12.6,16.7,9.7,59.5,1.5,1.9,33.8,18.9,27.6,37.6,1006.5,1031,1018.4,12,39.2,27.4,20.8,17.6
1767661200,11.1,19.4,7.6,59.8,2.1,1.9,33.1,18.5,26.6,38.7,1006.5,1031.7,1018.6,10.2,39.2,26.3,19.8,20.3
1767664800,10.6,20.4,7.5,61,0.5,1.9,32,18.5,26.3,39,1006.9,1031.6,1018.8,10.2,39.2,26,19.7,22.4
1767668400,9.1,17.5,8.6,62.7,2.2,2.1,32.9,18.5,25.8,39.4,1006.1,1031.5,1018.4,10.2,37.9,25.6,19,19.7
1767672000,9.8,17.4,8.8,63.3,0.7,2.8,33.1,18.3,25.7,39.5,1006.8,1031.6,1018.4,10.4,39,25.5,18.5,17.6
1767675600,10,17.2,7.4,63.5,1.9,2.3,32.5,18.3,25.3,41,1006,1031.3,1018,7.2,37.4,24,18.4,20.9
1767679200,9.5,17.1,7.1,64.5,1.7,1.9,32,18.2,24.9,40.4,1005.2,1031.1,1017.6,8.6,37.9,24.6,18.2,24.2
1767682800,8.4,16.9,6,66.5,2.2,1.2,32,17.8,24.4,40.9,1005.7,1031.2,1017.8,7.2,37.9,24.1,17.7,24
1767686400,9.9,16.9,4.4,67.6,1.2,1,32.9,18.1,24.3,40.9,1005.2,1031.4,1018.1,7.2,37.9,24.1,17.8,24.8
1767690000,7.3,13.4,6.6,70.7,2,0.6,32,18.1,24.3,40.9,1004.4,1030,1017.5,7,37.4,24.1,17.8,24.9
1767693600,10.7,15.3,4.4,67.6,2.2,0.1,32,17.7,24,41.3,1004.1,1030.5,1017.6,6.3,37,23.7,17.5,26.4
1767697200,9.1,14.5,7.5,67,1.9,0.9,33.1,17.9,23.9,41.4,1005.1,1030.7,1018.1,7.2,37.4,23.6,17.4,26.3
1767700800,12.7,12.9,9.2,63.7,1.4,0.9,33.1,17.5,23.6,41.7,1004.8,1030.6,1018.2,6.3,37.4,23.3,16.8,23.2
1767704400,13.5,10.9,8.7,64.5,2.4,0.1,33.8,17.7,23.6,41.6,1005.3,1031,1018.5,6.3,37.9,23.4,17.1,22.5
1767708000,14.7,11.3,9.5,63.1,1.4,1.2,33.8,18.2,24.6,40.5,1005.7,1031.5,1019,7.2,38.8,24.5,17.8,20.9
1767711600,17.6,11.4,9.3,59.8,1.9,3.2,34,19,26.5,38.6,1006.7,1031.8,1019.2,11.8,39.2,26.4,19.2,16.4
1767715200,18,11.4,9.5,58.8,2.4,3.2,35.1,19.7,28.4,36.7,1006.5,1031.6,1019,14,42.1,28.3,21.1,13.4
1767718800,18.8,10,10,57.2,4,5,35.1,20,29.8,35.2,1006,1030.3,1018,16.2,42.8,29.8,22,9.5
1767722400,18.6,11.4,11.4,56.2,2.4,3.9,35.1,20,31,34.1,1005.4,1029.5,1017.4,17.2,44.1,30.9,23.1,7.2
1767726000,18.6,12.8,10.2,55.4,2.9,5,35.1,20,31.6,33.5,1005.5,1029.3,1017.3,17.2,45,31.5,23.8,6.6
1767729600,20.4,14.6,8.2,55.9,0.9,3.2,34,19.4,31.4,33.7,1005.6,1029.3,1017.6,17.2,44.6,31.3,23.5,5.3
1767733200,19.6,14.2,10.2,53.2,2.8,3,34,19.4,31,34.1,1005.2,1029.2,1017.6,16.9,43.9,30.9,23.3,4.9
1767736800,17.7,13.5,12.3,54.2,2.3,1.9,33.1,18.9,29.6,35.6,1005.5,1029.8,1017.9,15.3,41,29.4,22,9
1767740400,13.5,16.8,11.4,56.4,1.9,1.9,33.1,18.8,28.3,37,1006.3,1030.3,1018.3,14,41,28,21.1,14.1
1767744000,13.1,17.7,9.7,57.8,1.7,1.9,33.8,18.7,27.3,37.9,1006.5,1031.3,1018.4,11.8,39.2,27.1,20.4,17.2
1767747600,11.1,19.8,7.8,59.4,1.9,1.4,33.1,18.4,26.4,38.9,1006.6,1031.6,1018.6,9.9,39.2,26.1,19.5,20.9
1767751200,9.9,21.4,7.5,60.9,0.2,1.4,32,18.2,26,39.3,1007.1,1031.6,1018.8,9.1,39.2,25.7,19.3,21.3
1767754800,9.3,18.5,8.8,62,1.4,1.9,33.1,18.2,25.5,39.7,1006.9,1031.4,1018.5,9.1,37.9,25.3,18.7,20.3
1767758400,9.5,18.1,8.8,62.9,0.7,1.9,33.1,18.1,25.3,39.9,1006.8,1031.6,1018.4,9.1,39,25.1,18.1,17.9
1767762000,9.3,17.7,7.2,63.7,2.1,1.5,32.5,18,24.9,41.6,1005.8,1031.3,1018.1,6.8,37.4,23.4,17.9,20.9
1767765600,9.3,17.3,7.8,64.1,1.5,1.2,32,17.8,24.4,40.8,1004.9,1031.1,1017.8,7.2,37.9,24.2,17.7,23.9
1767769200,8.9,17.3,6.2,65.8,1.7,1.1,32,17.5,24,41.2,1005.1,1031.2,1017.8,6.8,37.9,23.8,17.3,24
1767772800,10.4,17.4,4.6,65.9,1.7,0.9,32,17.7,23.9,41.3,1005,1031.5,1018.2,7,37.4,23.7,17.5,25.4
1767776400,7.4,14.5,6.6,69.9,1.7,-0.4,32,17.7,24,41.2,1004.4,1031,1017.6,6.8,37,23.8,17.5,25.5
1767780000,10.5,16.1,4.4,66.5,2.4,-0.4,32,17.3,23.5,41.8,1003.8,1031,1017.7,5.9,37,23.2,17,26.1
1767783600,9.2,14.6,7.8,66.3,2.1,0.9,32,17.6,23.6,41.7,1005,1031,1018,6.3,37,23.3,17,25.4
1767787200,13.2,12.9,9.5,62.8,1.6,-0.4,32,17.2,23.2,42,1004.7,1030.7,1018.2,6.3,37.4,23,16.6,24
1767790800,14.5,10.7,8.8,64.1,1.9,-0.4,33.1,17.5,23.3,41.9,1005.2,1031.2,1018.5,5.2,37.9,23.1,16.9,24
1767794400,14.3,11.4,9.7,63.2,1.4,0.9,33.8,18,24.3,40.9,1005.3,1031.6,1018.9,7,38.8,24.1,17.5,22
1767798000,17.9,11.5,9.3,59.4,1.9,2.1,34,18.8,26.2,38.9,1006.2,1031.8,1019.1,10.9,39.2,26.1,19.1,16.3
1767801600,18.2,10.8,10.5,58.4,2.2,3.2,35.1,19.5,28.1,36.9,1006.2,1031.7,1019,13.1,42.8,28.1,20.9,14.5
1767805200,18.4,9.7,10.2,57.9,3.8,4.1,35.1,19.9,29.7,35.4,1005.1,1030.2,1017.9,16,43,29.6,21.9,9.2
1767808800,18.9,10.6,11.1,56.7,2.6,3.2,35.1,19.9,30.8,34.3,1004.4,1029.5,1017.1,16.2,44.6,30.7,22.9,7
1767812400,17.6,12.3,9.6,57.3,3.1,3.2,35.1,19.8,31.5,33.6,1004.9,1029.2,1017.1,17.2,45,31.4,23.6,6.1
1767816000,20,14.4,7.5,56.8,1.2,3.2,34,19.4,31.4,33.7,1005.5,1028.9,1017.5,17.1,44.6,31.3,23.5,5.4
1767819600,19.3,13.9,9.9,54.2,2.6,2.8,34,19.3,31,34.2,1005.1,1029,1017.3,16.2,44.6,30.8,23.2,5.3
1767823200,17.4,13.7,11.1,55.2,2.6,1.9,33.1,18.8,29.4,35.8,1005.5,1029.2,1017.7,15.1,42.1,29.2,21.9,9.4
1767826800,13.5,17.3,10.2,56.5,2.4,1.9,33.1,18.7,28.2,37,1006.3,1030,1018.1,14,41,28,20.9,13.2
1767830400,12.8,17.9,9.2,58.5,1.7,1.9,33.8,18.5,27.2,38,1006,1030.4,1018.2,10.9,39.2,27,20.2,16.7
1767834000,12,19.3,7.8,58.8,2.1,1.4,33.1,18.3,26.4,38.9,1006.5,1030.6,1018.4,9.1,39.2,26.1,19.3,19.8
1767837600,9.9,21.3,7.1,61.5,0.2,1.4,32,18.2,26,39.3,1006.8,1030.9,1018.6,9.1,39.2,25.7,19.1,19.5
1767841200,9,18.3,8.1,62.9,1.7,1.9,33.1,18.1,25.5,39.8,1006.1,1031.1,1018.3,9.1,37.9,25.2,18.5,19.3
1767844800,9.8,17.4,8.6,63.2,1,1.9,33.1,17.9,25.2,40,1006.5,1030.9,1018.2,9,39,25,17.9,18.1
1767848400,9.1,17.2,7,64.3,2.3,1.5,32.5,17.7,24.6,41.7,1005.7,1031,1017.9,6.3,37.4,23.3,17.5,20.1
1767852000,8,17.5,8,65.2,1.2,1.2,32,17.5,24.1,41.1,1004.9,1031,1017.6,6.8,37.9,23.9,17.2,22.2
1767855600,8.6,17.5,6.2,66.3,1.5,-0.4,32,17.3,23.8,41.4,1005.6,1031.1,1017.7,6.3,37.9,23.6,16.9,23
1767859200,9.4,17.9,4.6,66.3,1.7,-0.4,32,17.5,23.6,41.6,1005,1031.5,1018.1,6.8,37.4,23.4,17,23.9
1767862800,7.1,15.6,6.1,69.8,1.5,-0.4,32,17.6,23.7,41.5,1004.4,1031,1017.5,6.3,37,23.5,17.2,25.7
1767866400,10.2,16.1,4.1,67.1,2.4,-1.1,32,17.1,23.2,42.1,1003.7,1031,1017.6,5,37,22.9,16.5,25.4
1767870000,9.2,14.4,8,66.2,2.1,-1,33.1,17.6,23.4,41.9,1004.7,1031,1017.9,5.2,37.4,23.1,16.7,24.1
1767873600,12.9,12.9,9.9,62.6,1.6,-0.8,32,17.2,23,42.3,1004.7,1030.7,1018.1,5,37.4,22.7,16.3,24.9
1767877200,14.7,10.6,9.2,63.1,2.4,-1.8,33.1,17.3,23,42.2,1005.3,1031,1018.5,4.1,37.9,22.8,16.6,23.2
1767880800,15,11,10,62.6,1.4,0.1,34,17.9,24,41.1,1005.4,1031.9,1018.8,6.1,38.8,23.9,17.2,21
1767884400,19.7,10.7,9.5,58.8,1.4,1.9,34,18.6,25.9,39.2,1006.4,1031.8,1019,9.1,39.9,25.8,18.7,16.4
1767888000,20,10.1,10.6,57.6,1.7,2.1,35.1,19.4,28,37.1,1006.2,1031.9,1018.8,12.2,42.8,27.9,20.6,14.1
1767891600,19.1,9,10.4,58.3,3.3,3.2,35.1,19.6,29.4,35.7,1005.1,1030.3,1017.8,15.3,43,29.3,21.5,8.9
1767895200,19.7,9.7,11.1,56.6,2.8,3.2,35.1,19.5,30.5,34.6,1004.4,1030,1017.1,16,44.6,30.4,22.4,6.5
1767898800,19.3,11.6,9.9,56,3.1,3.2,35.1,19.5,31,34.1,1005.2,1029.3,1017.1,16.2,45,30.9,23,5.4
1767902400,20.8,13.9,8,56,1.2,3.2,34,19.1,30.9,34.2,1005.5,1029.1,1017.5,16,44.1,30.8,22.8,4.9
1767906000,19.9,12.8,10.6,53.9,2.8,2.1,34,19.1,30.5,34.6,1005.1,1029,1017.3,15.8,44.1,30.4,22.6,4.6
1767909600,17.9,13.2,12.5,54.1,2.3,1.4,33.1,18.6,29.1,36.1,1005.5,1029.5,1017.8,14.2,42.1,28.9,21.4,9.2
1767913200,14.3,17.6,11.2,54.9,2.1,1.9,33.1,18.3,27.8,37.5,1006.3,1030,1018.1,12.2,39.9,27.5,20.3,12.5
1767916800,13.3,18.7,9.3,57,1.6,1.4,33.8,18.3,26.9,38.3,1006.2,1030.1,1018.2,10.4,39.2,26.7,19.8,16.6
1767920400,12.3,20.5,8,57.5,1.7,1,33.1,17.9,25.9,39.3,1006.5,1030.6,1018.4,8.6,39,25.7,18.8,19.8
1767924000,10.4,21.1,7.1,61.1,0.2,1.2,33.1,17.7,25.5,39.8,1006.8,1030.9,1018.6,9,39,25.2,18.4,18.6
1767927600,9.5,18.3,8.1,62.6,1.4,1.2,32,17.7,25,40.2,1006.1,1030.5,1018.3,8.2,37.9,24.8,17.9,19
1767931200,10.5,17.6,8.8,61.9,1.2,1.2,32,17.4,24.7,40.5,1006.5,1030.5,1018.3,8.2,37.9,24.5,17.3,18.5
1767934800,10.1,18,6.8,63.2,1.9,0.5,32,17.1,24.1,41,1005.7,1030.7,1018,6.7,37.6,23.9,17,20.4
1767938400,8,18,8,64.6,1.2,-0.1,32,16.9,23.6,41.6,1004.9,1030.8,1017.6,5.2,37.4,23.4,16.7,22.2
1767942000,7.9,17.7,6.2,67,1.2,-0.8,32,16.8,23.3,41.9,1005.1,1030.6,1017.7,5,37.4,23.1,16.4,24
1767945600,9.7,16.7,4.8,66.8,1.9,-0.8,32,17,23.1,42.1,1004.4,1031.3,1018,5,37.4,22.9,16.5,23.9
1767949200,7.6,15.4,5.6,70.3,1,-0.9,32,17.2,23.3,41.9,1003.7,1030,1017.5,5,37,23.1,16.6,25.9
1767952800,9.5,16.6,4.4,67.5,2,-1.8,32,16.6,22.7,42.5,1003.5,1031,1017.5,4.1,37,22.5,16,24.9
1767956400,9.5,15,7.6,66,1.9,-0.8,32,17.1,23.1,42.3,1004.7,1031,1017.8,4.1,37,22.7,16.2,23.3
1767960000,13,12.7,10,63,1.4,-2,32,16.8,22.7,42.5,1004.7,1030.8,1018,3.2,36.9,22.5,16.1,25.8
1767963600,14.2,10.7,8.5,64.2,2.4,-2.2,33.1,17,22.9,42.4,1005.3,1031.3,1018.4,3.9,37.9,22.6,16.3,23.2
1767967200,14.8,11,9.8,63.4,1,-0.8,34,17.5,23.7,41.5,1005.3,1032,1018.7,5.2,37.9,23.5,16.8,21.4
1767970800,20.1,10.4,9.5,58.8,1.2,1.2,34,18.3,25.6,39.5,1006.2,1031.9,1018.9,8.6,39.2,25.5,18.3,16.9
1767974400,19.9,10,10.9,57.5,1.7,1.9,35.1,19,27.6,37.5,1006.2,1032.1,1018.8,12.2,42.8,27.5,20.1,14.4
1767978000,19.4,8,11.3,57.7,3.5,3.2,35.1,19.3,29,36,1004.7,1030.4,1017.7,14,43,29,21.1,9.2
1767981600,20.5,8.6,11.4,56.2,3.3,3,35.1,19.3,30.2,34.9,1003.5,1030,1017,15.3,44.1,30.1,22,6.3
1767985200,20.7,10.7,10.5,54.9,3.2,3,35.1,19.2,30.7,34.4,1005.2,1029.5,1017.1,15.8,45,30.6,22.6,5.7
1767988800,20.9,13.3,9,55.6,1.2,3,34,18.9,30.6,34.5,1005.5,1028.9,1017.4,16,43,30.5,22.4,4.7
1767992400,19.7,12.1,11.8,53.6,2.8,1.9,35.1,18.8,30.3,34.9,1005.1,1028.9,1017.2,15.3,43.9,30.1,22.3,4.6
1767996000,18.1,12.8,12.8,54,2.3,1.4,33.1,18.3,28.9,36.3,1005.5,1029,1017.7,14,41,28.7,21.1,8.8
1767999600,15.2,17.4,9.8,55.2,2.4,1.4,33.1,17.9,27.5,37.8,1006.3,1029.2,1018,12,39.9,27.2,19.9,12
1768003200,14.1,18.1,8.7,57.5,1.6,1,33.8,17.9,26.6,38.6,1006.2,1029.8,1018.2,10.2,39.2,26.4,19.3,16.2
1768006800,13.1,19.7,7.8,57.7,1.7,0.1,33.1,17.6,25.7,39.6,1006.5,1030.1,1018.3,8.2,39.2,25.4,18.4,19.7
1768010400,10.7,19.4,7.8,61.6,0.5,0.1,33.1,17.4,25.2,40.1,1006.6,1030.4,1018.5,8.2,39,24.9,17.9,18.1
1768014000,10,17.6,8.3,62.5,1.7,0.1,32,17.2,24.7,40.6,1005.8,1030.4,1018.2,8.2,37.9,24.4,17.3,18.5
1768017600,10.7,17.5,9.2,61.4,1.2,-0.4,32,17,24.4,40.8,1006.2,1029.9,1018.2,8.1,37.9,24.2,16.8,17.7
1768021200,10.3,18.5,7,62.4,1.6,-1.1,32,16.7,23.8,41.4,1005.5,1030.3,1017.9,6.7,37.6,23.6,16.5,19.7
1768024800,8.5,18.9,8,63.4,1.2,-1.8,32,16.4,23.2,42,1004.9,1030.6,1017.5,5.2,37.4,23,16.1,21.7
1768028400,8.3,18.4,6.1,65.7,1.5,-2,32,16.4,22.8,42.4,1005,1030.5,1017.6,4.1,37.4,22.6,15.7,22.9
1768032000,10,17.2,4.6,66.3,1.9,-2,32,16.5,22.7,42.5,1004.4,1031.2,1017.9,4.1,37.4,22.5,15.9,23.8
1768035600,6.6,16.7,5.9,69.9,1,-1.8,32,16.6,22.8,42.4,1003.5,1029.7,1017.4,4.1,37,22.6,16,25.4
1768039200,9.6,17.9,4.7,66.2,1.7,-1.8,32,16.1,22.3,43,1003.5,1030.7,1017.4,3.2,37,22,15.5,24.9
1768042800,9.5,15.7,7.4,65.8,1.7,-1.1,33.1,16.6,22.6,42.7,1004.5,1030.7,1017.7,3.9,37,22.3,15.6,23.7
1768046400,12.8,12.8,9.7,63.3,1.4,-2.2,33.1,16.4,22.3,42.9,1004.7,1030.5,1017.9,3.2,37,22.1,15.7,26
1768050000,14.3,10.5,8.6,64.1,2.6,-2.7,33.1,16.6,22.5,42.7,1005.2,1031,1018.3,3.2,37.9,22.3,15.9,24.6
1768053600,14.8,11.2,10,62.6,1.4,-0.8,34,17.1,23.3,41.8,1005.3,1031.9,1018.5,4.1,37.9,23.2,16.4,21.7
1768057200,20.8,10.4,9.4,58,1.4,0.1,34,17.9,25.3,39.8,1005.9,1031.7,1018.7,8.2,39.9,25.2,17.9,16.6
1768060800,19.7,10.7,10.7,57.4,1.5,1.4,35.1,18.7,27.3,37.7,1005.7,1031.7,1018.6,11.8,42.8,27.3,19.8,14.9
1768064400,20,8.7,10.8,57.4,3.1,3.2,34,19.1,28.9,36.2,1004.5,1030.2,1017.6,14,43,28.8,20.8,8.7
1768068000,20.7,8.8,11.2,56,3.3,2.1,34,19,30,35.1,1003.4,1029.5,1016.8,14.2,44.6,29.9,21.7,5.9
1768071600,20.9,10.7,10.7,54.9,2.9,2.8,35.1,19,30.6,34.6,1004.7,1029.3,1016.9,15.3,45,30.4,22.4,5.9
1768075200,22.1,12.8,8.6,55.3,1.2,2.8,34,18.7,30.4,34.7,1005.4,1028.7,1017.2,15.8,43,30.3,22.1,4.7
1768078800,19.9,12.3,11.4,53.8,2.6,1.4,34,18.6,30.1,35,1004.5,1028.6,1016.9,15.3,43.9,30,22.1,4.7
1768082400,18.6,12.8,13.3,52.9,2.3,1,33.1,18.1,28.7,36.5,1005.1,1028.8,1017.4,14,42.1,28.5,20.8,8.6
1768086000,15.9,17.3,9.2,55,2.6,1.2,33.1,17.7,27.3,37.9,1006.3,1028.9,1017.7,12,39.9,27.1,19.8,12
1768089600,14.1,18.3,8.9,57,1.6,0.1,33.1,17.6,26.4,38.8,1006.5,1028.9,1017.9,9.1,39.2,26.2,19.1,15.7
1768093200,12.6,20,7.9,57.6,1.9,0.1,33.1,17.4,25.5,39.7,1006.5,1029.9,1018.1,8.2,39,25.3,18.3,20.1
1768096800,10.7,19.4,8.1,61.4,0.5,-0.8,32,17.2,25,40.3,1006.6,1030.1,1018.3,6.8,39,24.7,17.9,18.8
1768100400,10.7,17.6,8.6,61.5,1.7,-0.4,32,17,24.4,40.8,1005.8,1029.7,1018,7.2,37.9,24.2,17.1,19.3
1768104000,10.2,17.7,9.2,61.7,1.2,-1.1,32,16.8,24.2,41,1006.2,1029.7,1017.9,7.2,37.9,24,16.7,18.9
1768107600,10.1,18.6,7.1,62.4,1.9,-1.7,32,16.5,23.5,41.7,1005.5,1029.7,1017.6,5.7,37.5,23.3,16.2,20.1
1768111200,7.7,19.3,8.9,62.6,1.4,-2.2,32,16.1,22.8,42.4,1004.9,1029.7,1017.3,4.1,37,22.6,15.7,21.4
1768114800,8.9,18,6.4,65.3,1.5,-2.2,32,16,22.5,42.8,1005,1030.1,1017.4,3.2,37.4,22.2,15.3,23.5
1768118400,10.2,17.3,4.9,65.5,2.2,-2.2,32,16.2,22.5,42.8,1003.7,1030.2,1017.6,3.9,37.4,22.2,15.6,24.2
1768122000,6.8,16.4,6.1,69.7,1,-1.8,32,16.3,22.5,42.7,1003.4,1029.5,1017,3.2,37,22.3,15.7,25.8
1768125600,9.4,18,4.9,66,1.7,-2.7,32,15.9,22,43.3,1003.4,1030,1017.2,3.2,37,21.7,15.2,25.4
1768129200,10,15.3,7.6,64.9,2.1,-2.2,33.1,16.3,22.2,43.1,1004,1030.3,1017.5,3.2,37,21.9,15.2,23.8
1768132800,12.3,13,10.4,62.9,1.4,-4,32.9,16.1,22,43.2,1004.7,1030.5,1017.7,2.1,36.9,21.8,15.4,26
1768136400,13.6,11,9.1,64.2,2.1,-4,33.1,16.3,22.2,43,1005.3,1030.9,1018.1,2.1,37.9,22,15.7,26.5
1768140000,15,11,10,62.5,1.4,-2.2,34,16.9,23.1,42,1005,1031.5,1018.2,3.9,37.9,23,16.2,22.6
1768143600,20.7,10.6,9.4,58,1.4,-0.4,34,17.6,25.1,40.1,1005.7,1031.5,1018.4,7,39.2,24.9,17.6,17.6
1768147200,20.6,10.7,10.4,56.8,1.5,0.7,35.1,18.3,27.1,38.1,1005.7,1031.6,1018.4,10.9,42.1,26.9,19.4,14.9
1768150800,19.1,8.9,11.1,57.9,3.1,1.9,34,18.8,28.7,36.4,1004.5,1030.1,1017.4,12.2,43,28.6,20.5,8.7
1768154400,21.1,8.9,11.5,55.5,3.1,1.2,34,18.6,29.7,35.4,1003.3,1029.4,1016.7,14,44.1,29.6,21.4,6.6
1768158000,22.2,10.7,10.2,53.9,2.9,1.4,34,18.6,30.2,34.8,1004.9,1029.2,1016.7,15.3,45,30.2,22,6.4
1768161600,22.6,12.8,7.8,55.3,1.4,1.4,34,18.3,30.1,35,1005.1,1028.7,1017,15.3,44.1,30,21.6,4.4
1768165200,20.6,11.6,11.4,54,2.4,1.2,34,18.1,29.7,35.4,1004.5,1028.6,1016.7,14.2,43.9,29.6,21.6,4.4
1768168800,18.8,12.3,13,53,2.8,0.1,33.1,17.8,28.4,36.7,1005.1,1029,1017.2,13.1,42.1,28.3,20.5,9.3
1768172400,16.7,16.5,10.1,54.2,2.4,0.1,32,17.2,27,38.2,1006.3,1029.1,1017.6,10.2,39.9,26.8,19.4,12.2
1768176000,14.3,19,9.1,56.2,1.4,-0.9,32,17.1,26.1,39.1,1006.2,1029.2,1017.8,8.6,39.2,25.9,18.8,15.6
1768179600,13.5,20.1,7.3,57.1,1.9,-0.4,32,17,25.2,40,1006,1030.1,1018,7.2,39,25,18,19.6
1768183200,10.2,19.7,8.3,61.3,0.5,-2,32,17,24.8,40.5,1006.4,1030.1,1018.2,6.3,37.9,24.5,17.8,19.5
1768186800,10.2,18.4,8.3,61.7,1.4,-2.2,32,16.7,24.2,41.1,1005.6,1029.7,1017.9,6.3,37.9,23.9,16.9,20
1768190400,10.2,18.2,8.7,61.7,1.2,-2.7,32,16.3,23.8,41.4,1006.2,1029.7,1017.9,5.2,37.9,23.6,16.4,19.3
1768194000,9.6,18.6,7.3,62.8,1.6,-2.8,31.6,16,23.1,42,1005.4,1029.7,1017.6,4.2,37.5,23,15.9,20.8
1768197600,7.2,19.6,8.9,62.8,1.4,-2.9,31.1,15.7,22.4,42.7,1004.6,1029.7,1017.3,3.2,37,22.3,15.4,22.2
1768201200,8.6,18.3,6.6,65,1.5,-4,32,15.7,22.3,43,1004.3,1030.1,1017.3,3.2,37,22,15.1,24.7
1768204800,9.7,17.5,4.6,66,2.2,-3.8,32,15.9,22.2,43,1003.6,1029.9,1017.5,3.2,37,22,15.5,25.4
1768208400,7.3,16.6,5.9,69.3,1,-2.2,32,16,22.2,42.9,1003,1029.4,1016.9,3.2,37,22.1,15.6,27.5
1768212000,8.8,18.5,5.1,65.9,1.7,-3.8,32,15.6,21.8,43.4,1003.2,1029.8,1017.1,1.9,37,21.6,15.1,26.5
1768215600,9.3,15.3,8.1,65.2,2.1,-2.7,32,16,22.1,43.2,1004,1030.2,1017.4,3.2,37,21.8,15.1,23.6
1768219200,12.1,13.5,9.5,63.5,1.4,-4,32,15.8,21.8,43.3,1004.7,1030.3,1017.6,2.1,37,21.7,15.3,26.5
1768222800,13.4,12.4,8.6,63.5,2.1,-4,32,16,22,43.2,1005.4,1030.8,1018.1,2.1,37.9,21.8,15.4,25.6
1768226400,14.4,12.2,9.1,62.6,1.7,-2.7,33.1,16.5,22.8,42.3,1005.3,1031.3,1018.2,3.2,37.9,22.7,15.8,22.1
1768230000,19.9,11.6,9.2,57.4,1.9,-0.4,33.1,17.2,24.8,40.4,1005.9,1031.5,1018.4,7.2,39.2,24.6,17.2,17.8
1768233600,20.6,11.7,10.4,56.1,1.2,0.3,33.8,17.9,26.8,38.3,1005.7,1031.6,1018.4,10.4,41,26.7,19,14.7
1768237200,18.4,9.2,12,57.4,3.1,1,34,18.4,28.3,36.8,1004.4,1030.1,1017.4,12.2,42.8,28.2,20,9.2
1768240800,21.6,8.2,12,55.6,2.6,1.2,34,18.3,29.4,35.7,1003.5,1029.4,1016.7,14,44.1,29.3,21,7.1
1768244400,22.8,10,11.3,52.9,2.9,1.4,33.1,18.3,29.9,35.1,1004.3,1029.2,1016.7,15.3,44.1,29.9,21.6,5.9
1768248000,24,12.4,8.3,53.8,1.4,1.2,33.1,18.1,29.9,35.2,1004.4,1028.6,1016.8,15.3,43,29.8,21.3,4.2
1768251600,21.1,11.2,11.6,53.2,2.9,1.2,33.1,17.9,29.5,35.6,1004.4,1028.9,1016.8,14.2,43,29.4,21.3,4.7
1768255200,19,12.4,13.6,52,3,0.1,32,17.6,28.2,36.9,1005.1,1029.2,1017.2,13.1,41,28.1,20.3,9.7
1768258800,17.7,16.3,10.6,52.7,2.6,-0.5,32,16.9,26.6,38.5,1006.3,1029.3,1017.6,10.9,39.2,26.5,19.1,12.9
1768262400,14.7,19.2,9.8,54.9,1.4,-1.1,31.1,16.8,25.7,39.5,1006.2,1029.8,1017.8,9,39,25.5,18.3,15.4
1768266000,12.8,20.4,8.3,56.4,2.1,-0.4,31.1,16.6,24.8,40.4,1005.9,1030.3,1018,7.2,37.9,24.6,17.6,19.6
1768269600,9.7,20.7,8.1,60.8,0.7,-2,32,16.6,24.3,40.9,1006.4,1030.4,1018.1,6.3,37.4,24.1,17.3,18.6
1768273200,9.2,18.9,8,61.7,2.1,-2.2,31.1,16.3,23.7,41.5,1005.5,1029.7,1017.8,6.3,37.9,23.5,16.4,20
1768276800,11.1,18.7,8.3,60.5,1.4,-2.7,32,16,23.4,41.8,1006.2,1029.9,1017.9,5.2,37.9,23.2,16,19.9
1768280400,9.4,18.9,7.3,62.7,1.7,-2.9,31.1,15.6,22.6,42.5,1005.4,1029.9,1017.6,4.2,37.5,22.5,15.4,20.9
1768284000,7,19.8,9.2,62.8,1.2,-3.1,30.2,15.1,21.9,43.2,1004.6,1029.9,1017.3,3.2,37,21.8,14.8,22
1768287600,9.1,18.4,6.4,64.7,1.5,-5.8,31.1,15.2,21.8,43.4,1004.2,1030.1,1017.3,3.2,37,21.6,14.7,25.6
1768291200,10.2,18.2,4.9,64.5,2.2,-5.8,31.1,15.2,21.6,43.5,1003.6,1029.9,1017.5,3,36.9,21.5,14.8,25.5
1768294800,7.4,17,6.2,68.7,0.7,-2.9,30.9,15.4,21.7,43.4,1003.3,1029.5,1017,3,37,21.6,15,27.5
1768298400,9,19.2,5.6,64.3,1.9,-5.8,31.1,15,21.3,43.9,1003.2,1030.5,1017.1,1.9,37,21.1,14.6,26.6
1768302000,9.1,16.3,7.7,64.6,2.4,-4.9,32,15.4,21.5,43.7,1004,1030.3,1017.3,1.9,37,21.3,14.5,23.5
1768305600,11,13.8,9.8,64.2,1.2,-5.1,32,15.2,21.3,43.8,1004.5,1030.5,1017.6,1.2,37,21.2,14.8,27.1
1768309200,12.9,12.4,8.9,63.4,2.4,-5.8,32,15.4,21.4,43.7,1005.4,1031,1018,1.4,37.9,21.3,14.8,25.8
1768312800,14.1,12.5,9.1,62.8,1.4,-4,33.1,16,22.3,42.8,1005.2,1031.7,1018.2,3.2,37.9,22.2,15.2,23.1
1768316400,19.1,12,9,57.8,2.1,-0.9,32.9,16.8,24.3,40.8,1005.7,1031.6,1018.4,6.8,39.2,24.2,16.7,17.6
1768320000,21,12,10.3,54.8,2,-0.8,33.1,17.6,26.3,38.8,1005.3,1031.7,1018.4,10.2,39.9,26.2,18.5,14.4
1768323600,18.5,9.2,12.6,57.1,2.6,-0.4,33.8,18.1,28,37.1,1003.9,1030.2,1017.4,12.2,42.8,27.9,19.6,8.6
1768327200,21.8,8.2,11.9,55.2,2.9,0.1,33.8,18.1,29.1,36,1003.3,1029.5,1016.6,14,44.1,29,20.7,6.7
1768330800,23.3,10.1,10.8,52.8,2.9,1.2,33.8,18.1,29.6,35.4,1004.1,1029.5,1016.6,14,44.1,29.6,21.1,5.2
1768334400,23.9,12.4,8.1,53.6,1.9,1.2,33.1,18,29.6,35.4,1004,1028.8,1016.7,14.2,43,29.6,21,4.2
1768338000,20.7,11,11.7,53.3,3.3,1.2,33.1,17.7,29.2,35.9,1003.8,1029,1016.7,14.2,43,29.1,20.9,4.4
1768341600,18.8,12.2,13.2,52,3.8,0.1,32,17.4,28,37.2,1004.8,1029.2,1017.1,13.1,41,27.8,20,9.3
1768345200,17.5,16.3,11.1,52.2,2.8,-0.9,32,16.7,26.3,38.8,1005.1,1030,1017.6,10.9,39,26.2,18.7,13.1
1768348800,13.8,19.2,10.7,54.7,1.6,-1.8,31.1,16.5,25.4,39.8,1006,1030.1,1017.8,9.1,39,25.2,17.9,15
1768352400,12.9,20.5,7.9,56.6,2.1,-0.8,31.1,16.3,24.5,40.7,1005.8,1030.6,1018,7.2,37.9,24.3,17.2,19.1
1768356000,10,21.1,8.1,60.2,0.7,-2.9,32,16.1,23.9,41.4,1006.2,1031.1,1018.2,5.2,37.4,23.6,16.8,18.8
1768359600,8.9,19.1,8,61.4,2.6,-2.7,32,16,23.3,41.9,1005.5,1030.8,1017.8,6.3,37.9,23.1,15.9,20.2
1768363200,10.8,18.5,8.7,60.1,1.9,-4,32,15.4,22.8,42.3,1006.2,1031.1,1018,5,37.9,22.7,15.3,19.9
1768366800,9.9,19.3,7.5,61.6,1.6,-4.5,31.1,14.9,22,43.1,1005.5,1031,1017.7,4.1,37.4,21.9,14.6,21
1768370400,7,20.6,9.2,62,1.2,-5.1,30.2,14.4,21.2,43.9,1004.8,1030.9,1017.4,3.2,36.9,21.1,13.9,22.1
1768374000,10.1,18.9,6.4,63.1,1.5,-5.8,30.9,14.3,21,44.2,1004.6,1030.7,1017.5,1.9,36.9,20.8,13.9,26.2
1768377600,11,18.6,5.1,63,2.2,-6,30.9,14.3,20.8,44.3,1004.2,1031.3,1017.7,1.4,36,20.7,14,25.2
1768381200,7.9,17.3,6.2,67.8,0.7,-5.8,30.2,14.5,20.9,44.2,1003.9,1030.2,1017.2,2.1,36,20.8,14.1,27.3
1768384800,8.7,19.6,6,63.5,2.2,-6.2,31.1,14.2,20.6,44.5,1003.8,1030.9,1017.3,1.2,37,20.5,13.9,27.2
1768388400,8.6,17.7,7.4,64,2.2,-5.8,32,14.6,20.7,44.5,1004.3,1031,1017.5,0.1,37,20.5,13.7,23.1
1768392000,10.6,14.3,10.6,62.7,1.9,-6.2,32,14.3,20.4,44.6,1004.7,1030.7,1017.8,0.1,36.9,20.4,13.9,27.8
1768395600,13.1,12.9,10.3,61.6,2.1,-6.9,32,14.5,20.6,44.5,1005.5,1031.5,1018.3,-0.4,37.4,20.5,13.9,25.9
1768399200,14.6,12.9,9.8,60.8,1.9,-5.1,32,15.2,21.6,43.6,1005.2,1032.5,1018.4,1.4,37.9,21.4,14.4,22.5
1768402800,19,12.4,10.1,56.2,2.3,-2.7,32.9,16.2,23.8,41.4,1005.4,1031.9,1018.6,5.2,39,23.6,16,18
1768406400,22,12.2,11.2,52.4,2.2,-2.2,33.1,16.8,25.7,39.4,1005,1032.1,1018.6,10,39.9,25.6,17.8,14.9
1768410000,19.4,10.4,13,54.8,2.4,-0.4,33.1,17.4,27.4,37.7,1003.9,1031,1017.7,12,42.1,27.3,19,8.8
1768413600,22.1,9.2,12.6,53.4,2.7,-0.4,33.1,17.4,28.6,36.5,1002.5,1030.4,1017,12.9,43,28.5,19.9,6.7
1768417200,23,11.5,11.2,51.1,3.2,-0.4,33.1,17.4,29.2,35.9,1004,1029.8,1016.9,12.9,43.9,29.1,20.5,5.9
1768420800,24,13.2,9.6,51.4,1.7,0.1,33.1,17.3,29.1,35.9,1003.4,1029.2,1017,14,43,29.1,20.3,4.2
1768424400,20.8,12.3,12.7,50.9,3.3,0.1,32,17.1,28.8,36.3,1003.8,1029.2,1017,14,43,28.7,20.3,3.9
1768428000,18.6,13.7,14.6,49.3,3.8,0.1,31.1,16.7,27.5,37.6,1004.7,1029.4,1017.4,12.2,41,27.4,19.4,8.9
1768431600,16.4,18.1,12.6,49.6,3.3,-0.9,31.1,16,25.9,39.3,1004.9,1030.1,1017.9,10.2,39,25.7,18.2,13
1768435200,13.3,20.8,11.4,52.8,1.6,-2.2,31.1,15.7,24.7,40.4,1006,1030.4,1018.2,8.2,37.9,24.6,17.2,14.5
1768438800,12.1,22.6,8.3,54.4,2.6,-2.7,31.1,15.5,23.8,41.4,1005.9,1031,1018.4,6.3,37.9,23.6,16.5,19.7
1768442400,9.7,23.2,8.3,58.1,0.7,-3.8,31.1,15.3,23.1,42.1,1006.2,1031.5,1018.5,5.2,37,22.9,16,20
1768446000,9.1,20.6,8.6,59.1,2.6,-3.8,31.1,15,22.5,42.7,1005.5,1031,1018.2,3.2,37,22.3,15.1,20.9
1768449600,10.4,20,8.9,58.8,1.9,-4,31.1,14.6,22.1,43.1,1006.3,1031.5,1018.3,3.2,37,21.9,14.6,19.9
1768453200,9.5,20,8.3,60.8,1.4,-4.9,30.6,14.1,21.3,43.9,1005.6,1031.2,1018,2.5,36.5,21.1,13.9,20.9
1768456800,6.7,21.7,9.6,60.7,1.2,-5.8,30.2,13.6,20.5,44.6,1004.9,1030.9,1017.8,1.9,36,20.4,13.2,22
1768460400,10.3,20.4,6.9,61.1,1.2,-7.1,30.9,13.5,20.4,44.9,1004.9,1031.2,1017.8,1.2,36,20.1,13.1,25.5
1768464000,10.9,20,4.9,62,2.2,-6.9,30.9,13.6,20.2,45,1004.4,1031.6,1018,0.1,36,20,13.3,25.8
1768467600,7.7,18.9,6.2,66.2,1,-6.9,30.2,13.8,20.3,44.9,1004.5,1030.6,1017.6,1.2,36,20.1,13.5,27.6
1768471200,8.2,21.8,6.1,62,1.9,-7.6,31.1,13.5,20,45.2,1004.3,1031,1017.6,0.1,36.9,19.8,13.2,27.7
1768474800,8.7,20,7.7,61.8,1.9,-6.9,32,14,20.2,45,1004.7,1031.1,1017.7,-0.4,37,20,13.1,23.9
1768478400,10.6,15.3,11.8,60.6,1.7,-7.6,32,13.7,19.9,45.2,1005,1031.2,1018.1,-0.4,36.9,19.8,13.3,27.4
1768482000,13,13.7,11.1,60,2.1,-7.6,32,13.9,20.1,45.1,1005.6,1031.7,1018.5,-0.4,37.4,19.9,13.2,25.8
1768485600,15.3,13.4,10.3,58.6,2.4,-5.8,32,14.6,21.1,44.1,1005.6,1032.5,1018.7,1.4,37.4,20.9,13.9,23
1768489200,18.8,12.7,11.1,54.6,2.8,-3.8,32,15.7,23.4,41.8,1006.2,1032,1018.8,5,39,23.2,15.6,18.4
1768492800,22.2,13.2,11.5,50.6,2.4,-2.7,33.1,16.3,25.4,39.7,1006.9,1032.5,1018.9,8.2,39.9,25.3,17.5,16.1
1768496400,19.2,11.4,13.5,53.8,2.1,-1.8,32.9,16.9,27.1,38,1004.2,1031.3,1018,10.2,41,27,18.7,10
1768500000,21.8,10.2,12.9,52.2,2.9,-0.9,33.1,17,28.4,36.7,1003.1,1030.4,1017.1,12.2,43,28.3,19.7,7.1
1768503600,22.9,12.8,10.3,51.2,2.7,-0.4,32,17.1,29.1,35.9,1004,1029.8,1017.1,12.9,43.9,29.1,20.6,6
1768507200,23,14,9.4,51.6,1.9,-0.4,32,16.9,29,36,1003.5,1029.2,1017.1,13.1,43,29,20.3,4.7
1768510800,21.1,13.8,11.9,50.6,2.6,-0.9,32,16.7,28.7,36.4,1003.8,1029.3,1017.2,14,43,28.6,20.2,3.7
1768514400,18.7,14.2,14.2,49.3,3.6,-1.3,31.1,16.5,27.4,37.7,1004.8,1029.5,1017.5,12.2,41,27.3,19.3,8.6
1768518000,17.3,18.8,12.4,48.2,3.3,-1.8,31.1,16,25.9,39.3,1005.5,1030.1,1018,10.2,39,25.7,18.2,13.5
1768521600,13.2,22.6,11.3,51.5,1.4,-2.7,31.1,15.5,24.6,40.5,1006,1030.4,1018.3,7.9,37.9,24.5,17.2,15.1
1768525200,11.9,24.5,7.9,53.1,2.6,-3.1,31.1,15.2,23.5,41.7,1006,1031,1018.5,6.3,37.4,23.3,16.4,20.3
1768528800,10,25,7.6,56.7,0.7,-4.9,30.9,15,22.9,42.3,1006.5,1031.4,1018.7,5,37,22.7,15.9,20.6
1768532400,8.4,22.2,8.2,58.3,2.8,-4.9,31.1,14.8,22.3,42.9,1005.7,1030.9,1018.4,3.2,37,22.1,15,21.8
1768536000,10.4,21.7,8.5,57.3,2.1,-5.8,31.1,14.3,21.9,43.3,1006.4,1031.4,1018.5,3.2,37,21.7,14.4,20.7
1768539600,9.5,22,8.4,58.9,1.2,-6.3,30.6,13.8,21,44.1,1005.8,1030.8,1018.2,2.3,36.3,20.9,13.7,21.4
1768543200,6.8,23.2,9.4,59.1,1.5,-6.9,30.2,13.2,20.2,44.9,1005.2,1030.3,1017.9,1.4,35.6,20.1,12.9,22.1
1768546800,10.6,20.9,6.7,60.6,1.2,-7.1,30.2,13.3,20.2,45,1005.2,1030.7,1018,1,36,20,13,25.7
1768550400,10.8,20.4,5.2,61.6,2,-7.1,30.2,13.4,20.1,45.1,1005.2,1031.3,1018,0.3,36,19.9,13.3,26
1768554000,7.8,19.5,6,65.5,1.3,-7.6,30.2,13.6,20.1,45,1005,1030.2,1017.6,-0.4,36,20,13.4,27.6
1768557600,8.5,21.8,6.3,61.7,1.7,-7.6,30.9,13.4,19.9,45.2,1004.7,1031,1017.6,-0.6,36,19.8,13.1,27.5
1768561200,8.5,20.5,8,61.6,1.4,-6.9,32,13.9,20.1,45.1,1005.1,1031,1017.7,-0.8,36.9,19.9,13,24.4
1768564800,9.9,15.1,12.5,60.8,1.7,-7.6,32,13.7,19.9,45.2,1005.3,1031.2,1018,-0.4,36,19.8,13.3,27.5
1768568400,12.8,13.7,11.4,60,2.1,-7.6,31.1,13.9,20.1,45.1,1005.7,1031.6,1018.5,-0.4,37,19.9,13.3,26.1
1768572000,15.1,13.9,10.8,57.9,2.4,-6,32,14.5,21,44.1,1006.3,1032.5,1018.7,1.4,37.4,20.9,13.8,23.9
1768575600,19,12.4,10.8,54.7,3.1,-3.8,32,15.6,23.3,41.8,1006.5,1032,1018.8,4.1,39,23.2,15.5,19.5
1768579200,21.9,12.9,11.2,51.6,2.4,-2.7,33.1,16.3,25.4,39.7,1007.1,1032.3,1018.9,8.2,39.9,25.3,17.5,17
1768582800,20,11.5,12.5,53.9,2.1,-2.2,32.9,16.9,27.1,38,1004.7,1031.3,1018,10.4,41,27,18.7,10.6
1768586400,22.4,10.6,11.1,53,2.9,-0.9,33.1,17.1,28.4,36.6,1003.5,1030.4,1017.1,12.2,43,28.4,19.8,6.9
1768590000,22.3,13,9.8,52.5,2.5,-0.4,32,17.2,29.2,35.8,1003.8,1029.8,1016.9,12.2,44.1,29.2,20.8,5.7
1768593600,22.1,14.1,9.2,52.3,2.2,-0.4,32,17,29.1,35.9,1003.8,1029.2,1017,13.1,43,29.1,20.4,5
1768597200,20.2,13.8,11.4,51.9,2.6,-0.4,32,16.8,28.7,36.3,1003.8,1029.3,1017,14,43,28.7,20.2,3.7
1768600800,18.1,14.3,13.6,50.5,3.6,-1.1,32,16.7,27.6,37.5,1004.3,1029.5,1017.4,12.2,41,27.5,19.5,8.7
1768604400,17.2,18.6,12.3,48.6,3.3,-1.8,32,16.2,26,39.1,1004.9,1030.1,1017.8,10.2,39,25.9,18.5,13.7
1768608000,12.5,22.8,11.5,51.8,1.4,-2.7,31.1,15.7,24.7,40.4,1006,1030.4,1018.2,7.9,37.9,24.6,17.4,16
1768611600,11.3,24.6,8,53.5,2.7,-3.8,31.1,15.4,23.6,41.6,1005.9,1031,1018.3,6.1,37.4,23.4,16.5,20.7
1768615200,9.1,24.9,7.7,57.4,1,-5.1,31.1,15.2,23,42.2,1006.2,1031.2,1018.6,5,37,22.8,16,21.3
1768618800,7.8,21.6,8,59.8,2.8,-4.9,31.1,15,22.4,42.8,1005.6,1030.9,1018.1,3.2,37,22.2,15.3,23.3
1768622400,10.2,21.3,8.3,57.9,2.4,-5.8,31.1,14.6,21.9,43.2,1006.3,1031.1,1018.3,3.2,37,21.8,14.7,21.4
1768626000,8.9,21.7,7.7,60.5,1.2,-6.4,30.6,13.9,21.1,44,1005.6,1030.9,1018,2.3,36.5,21,13.8,22.2
1768629600,6.8,23.3,9.7,58.7,1.5,-7.1,30.2,13.3,20.3,44.8,1004.9,1030.8,1017.8,1.4,36,20.2,13,23
1768633200,10.9,21.3,6.9,59.6,1.2,-7.1,30.2,13.3,20.2,45,1005.2,1030.1,1017.8,1,36,20,13,26.2
1768636800,10.3,20.4,5.2,62.6,1.5,-7.1,30.9,13.5,20.1,45,1004.7,1031.6,1017.8,-0.4,36,20,13.4,27.2
1768640400,8,20,5.2,65.6,1.2,-7.6,30.9,13.7,20.1,45,1004.9,1030.6,1017.5,-0.4,36,20,13.4,28.5
1768644000,8.3,21.7,6.6,62.2,1.2,-7.6,31.1,13.5,20,45.1,1004.6,1031.4,1017.4,-0.7,36.9,19.9,13.2,27
1768647600,7.5,20.5,8.2,62.1,1.7,-7.6,32,14,20.2,45,1005.2,1031,1017.5,-0.9,37,20,13,23.2
1768651200,10.1,15.3,12,60.8,1.7,-7.6,32,13.8,19.9,45.1,1005.3,1031.2,1017.8,-0.9,37.4,19.9,13.3,26.8
1768654800,12.1,14.3,12.4,59.4,1.9,-7.6,32,14,20.1,45,1006,1031.7,1018.3,-0.8,37.4,20,13.3,26.7
1768658400,14.6,14.4,11,57.3,2.6,-6,32,14.6,21.2,44,1006.3,1032.5,1018.4,1.4,37.9,21,13.9,24.3
1768662000,19.5,12.7,10.6,54.2,3.1,-3.8,32,15.8,23.5,41.7,1006.4,1032,1018.5,5,39,23.3,15.6,19.6
1768665600,21.7,13.4,10.9,51.6,2.4,-2.7,33.1,16.5,25.6,39.5,1006.9,1032.3,1018.5,8.2,39.9,25.5,17.7,17
1768669200,19.4,11.3,12.5,54.8,1.9,-2.2,33.1,17,27.2,37.8,1004.4,1031.1,1017.7,10.4,42.1,27.2,18.9,10.9
1768672800,23.1,10.4,9.6,54,2.9,-1.8,33.8,17.2,28.5,36.5,1003.5,1030.3,1016.9,12.2,43,28.5,20,7.3
1768676400,22.2,12.1,9.6,53.4,2.7,-0.8,33.1,17.3,29.3,35.7,1003.7,1029.6,1016.7,12.2,43.9,29.3,20.9,5.5
1768680000,20.7,13.9,9.7,53.8,1.9,-0.4,32,17.3,29.3,35.7,1003.3,1029.2,1016.7,13.1,43,29.3,20.6,5
1768683600,19.2,13.8,11.4,52.5,3.1,-0.4,32,17,28.8,36.2,1003.8,1029.1,1016.8,13.1,42.1,28.8,20.3,3.7
1768687200,17.1,14.5,12.6,52.1,3.6,-0.4,32,16.9,27.6,37.5,1004.8,1029.2,1017.1,11.1,41,27.5,19.6,8.4
1768690800,16.7,18.4,12.2,49.4,3.3,-1.8,32,16.4,26.1,39,1004.9,1029.7,1017.5,10.2,39,26,18.4,13.3
1768694400,12,22.8,11.3,52.3,1.6,-2.7,32,15.9,24.8,40.3,1006.2,1030,1017.9,7.2,37.9,24.7,17.3,15.3
1768698000,11.8,24.8,7,53.7,2.7,-3.8,31.1,15.6,23.7,41.5,1005.9,1030.6,1018.1,6.1,37,23.5,16.5,20.2
1768701600,8.8,25.1,6.9,58.2,1,-5.1,30.9,15.4,23,42.1,1006.5,1030.8,1018.3,5,37,22.9,16,20.6
1768705200,7.7,22.1,7,60.4,2.8,-4.9,32,15.2,22.4,42.7,1006.1,1030.4,1018,3.2,37,22.3,15.3,23.8
1768708800,9.9,21.8,7.3,58.5,2.6,-5.8,31.1,14.7,22,43.1,1006.4,1030.3,1018.1,3.2,37,21.9,14.6,21.6
1768712400,9.6,21.9,7.2,60.3,1,-6.4,30.6,14,21.1,44,1005.8,1029.8,1017.9,2.3,36.3,21,13.8,22.6
1768716000,7,23,9.7,58.6,1.7,-7.1,30.2,13.3,20.2,44.8,1005.2,1029.4,1017.6,1.4,35.6,20.2,13,23.7
1768719600,10.6,21.3,7.2,59.7,1.2,-7.6,30.2,13.3,20.2,45,1005.5,1029.2,1017.6,0.9,36,20,13,26.2
1768723200,11.3,20.7,5.2,61.3,1.5,-7.6,30.9,13.4,20.1,45,1005.2,1029.7,1017.6,-0.4,36,20,13.4,27.6
1768726800,8.2,20.4,5.2,64.9,1.2,-7.6,30.2,13.6,20,45,1005,1029.5,1017.4,-0.4,36,20,13.4,29.4
1768730400,8.8,21.4,6.8,61.8,1.2,-7.6,31.1,13.5,20,45.1,1004.7,1030.5,1017.4,-0.7,37,19.9,13.3,27.6
1768734000,8.2,20.9,7.9,61.4,1.7,-7.6,32,14,20.2,45,1005.2,1030.4,1017.3,-0.9,37,20,13.1,23.6
1768737600,10.1,16.2,11.7,60.1,1.9,-7.6,32,13.8,20,45.1,1005.3,1030.3,1017.6,-1.1,37.4,19.9,13.4,27.5
1768741200,12,14.4,12.5,59.3,1.9,-7.8,32,13.9,20.1,45,1006.1,1030.8,1018.1,-0.8,37.4,20,13.2,25.7
1768744800,15.5,14.1,11.2,56.1,3.1,-6,32.9,14.7,21.3,43.9,1006.3,1031.1,1018.1,1.4,37.9,21.1,14,23.4
1768748400,20.5,11.4,11.4,53.5,3.3,-3.8,32.9,15.9,23.5,41.6,1006.4,1031.3,1018.4,5,39,23.4,15.7,20.2
1768752000,22.5,13.6,10.9,50.4,2.7,-2.7,33.8,16.7,25.6,39.5,1006.8,1031.7,1018.3,8.2,39.9,25.5,17.6,16.7
1768755600,21.1,12.1,11.4,53.8,1.7,-1.8,33.8,17.1,27.2,37.8,1004.4,1030.1,1017.5,10.4,42.1,27.2,18.9,10.2
1768759200,24.5,11.3,8.9,51.9,3.4,-0.8,33.8,17.2,28.5,36.5,1003.8,1029.3,1016.7,12.2,43,28.5,20,6.8
1768762800,23.1,12.4,9.5,52.2,2.9,-0.4,33.1,17.5,29.4,35.6,1003.3,1029.2,1016.3,12.2,43.9,29.4,20.9,5.5
1768766400,20.8,14.5,9.4,53.5,1.7,-0.4,32,17.2,29.3,35.7,1003.1,1028.6,1016.4,13.1,43,29.3,20.7,4.8
1768770000,20.1,14.2,11.4,51.2,3.1,-0.4,32,16.9,28.9,36.1,1003.4,1028.4,1016.5,14,42.8,28.9,20.4,3.7
1768773600,17,14.9,13,52.1,3.1,-0.4,32,16.8,27.7,37.4,1004.2,1028.6,1016.9,12.2,41,27.6,19.7,7.6
1768777200,15.3,18.6,12.8,50.2,3,-1.8,32,16.2,26.1,38.9,1004.9,1028.6,1017.3,10.2,39,26.1,18.5,12.5
1768780800,11.7,23.7,11,51.9,1.6,-2.7,32,15.7,24.8,40.2,1006.2,1029.5,1017.8,8.2,37.9,24.8,17.4,15
1768784400,11.6,24.8,7.7,53.5,2.4,-3.8,30.9,15.4,23.6,41.4,1006.1,1030.1,1018,6.3,37,23.6,16.6,20.4
1768788000,8.9,24.6,7.2,58.1,1.2,-5.1,30.9,15.3,23,42,1006.5,1030.4,1018.2,5,37,23,16.2,20.3
1768791600,7.2,22.4,7.2,60.6,2.6,-4.9,31.1,15.1,22.4,42.6,1006.1,1029.4,1017.9,3.2,37,22.4,15.5,23.6
1768795200,10,22.4,7,58,2.6,-5.1,31.1,14.6,22,43.1,1006.2,1029.5,1018,3.2,37,21.9,14.8,22
1768798800,9.2,21.4,7.7,60.7,1,-6,30.5,13.8,21.1,44,1005.7,1029.2,1017.8,2.3,36.3,21,13.9,22.7
1768802400,6.8,22.3,9.7,59.8,1.5,-6.9,29.8,13.1,20.2,44.8,1005.2,1028.9,1017.6,1.4,35.6,20.2,13.1,23.4
1768806000,11.2,19.9,7.2,60.4,1.2,-6,30.2,13.2,20.2,44.9,1005.4,1029,1017.6,1.2,36,20.1,13.1,25.9
1768809600,10.6,20.2,5.7,62.2,1.2,-6.9,30.2,13.4,20.1,45,1005.2,1029.3,1017.7,0.1,35.6,20,13.5,27.2
1768813200,8.9,20,4.7,65.2,1.2,-6.9,30.2,13.5,20,45,1005.3,1029.4,1017.5,1.2,36,20,13.6,29.5
1768816800,8.3,20.4,7.5,62.6,1.2,-7.6,31.1,13.5,20,45,1004.9,1030,1017.4,0.1,36.9,20,13.3,26.5
1768820400,7.9,20.2,7.9,62.4,1.7,-6.9,31.1,13.9,20.2,44.9,1005.2,1029.5,1017.4,-0.4,37,20.1,13.1,22.8
1768824000,10.8,15.7,11.5,60,2.1,-7.6,32,13.6,19.9,45.1,1005.4,1030,1017.7,-0.4,37.4,19.9,13.5,28
1768827600,12.5,14.4,12.1,58.9,2.1,-7.6,31.1,13.8,20,45.1,1006.6,1030.6,1018.2,-0.4,37,19.9,13.3,26.1
1768831200,15.5,14.3,11.2,55.8,3.1,-5.8,32,14.6,21.2,43.9,1006.4,1031,1018.3,1.9,37.9,21.1,14,23.6
1768834800,19.6,11.9,11.7,53.6,3.3,-2.9,32,15.7,23.5,41.6,1007.2,1030.9,1018.5,5.2,39,23.4,15.8,20.4
1768838400,22.5,13.3,11.4,49.8,3.1,-2.7,33.1,16.4,25.5,39.6,1007.5,1030.9,1018.4,8.6,39.9,25.4,17.4,16.4
1768842000,20.7,12.4,11.4,54.3,1.2,-0.9,33.1,16.9,27.1,37.9,1006.1,1029.8,1017.6,10.4,42.1,27.1,18.8,10.5
1768845600,23.9,12,8.9,52.3,2.9,-0.4,33.1,17.1,28.4,36.6,1004.4,1028.7,1016.9,12.2,43,28.4,19.9,6.8
1768849200,21.9,12.9,9.7,52.3,3.2,-0.4,32,17.3,29.3,35.7,1004,1028.6,1016.6,12.2,43.9,29.3,20.8,5.2
1768852800,21,14.3,9.9,52.9,1.9,-0.4,32,17.1,29.3,35.7,1003.4,1028.6,1016.5,13.1,43,29.3,20.7,4.5
1768856400,20.9,15,10.5,50.6,3.1,-0.4,32,16.7,28.8,36.2,1003.8,1028.9,1016.7,14,43,28.8,20.3,3.7
1768860000,17.4,14.4,13.4,51.5,3.3,-0.4,32,16.7,27.6,37.4,1004.8,1029,1017.1,12.9,41,27.6,19.7,7.6
1768863600,16,17.9,12.6,50.5,3,-1.8,32,16,26,39,1005.1,1029,1017.5,10.2,39,26,18.5,12.3
1768867200,11.8,23.8,11.5,51.3,1.6,-2.7,31.1,15.4,24.7,40.3,1006.3,1029.6,1017.9,8.6,37.9,24.7,17.3,14.6
1768870800,11.5,25,7.9,53.6,1.9,-3.8,30.2,15.1,23.5,41.5,1006.5,1030.2,1018.2,6.8,37,23.5,16.5,20.1
1768874400,9.3,23.8,7.6,58.1,1.2,-4,30.9,15,22.8,42.2,1006.6,1030.5,1018.3,5.2,37,22.8,16.1,21.2
1768878000,7.4,22,7,60.8,2.8,-4.9,31.1,14.7,22.2,42.8,1006.2,1029.8,1018.1,3.2,37,22.2,15.3,23.5
1768881600,9.6,22.6,7.5,57.8,2.6,-5.1,30.9,14.3,21.7,43.4,1006.3,1030.1,1018.2,3.2,37,21.6,14.6,22.7
1768885200,9.5,22.1,8,59.5,1,-6,30.4,13.5,20.8,44.3,1005.8,1029.8,1018,2.3,36.3,20.8,13.7,23.1
1768888800,6.5,23,9.9,59.1,1.5,-6.9,29.8,12.7,19.9,45.1,1005.2,1029.6,1017.9,1.4,35.6,19.9,12.8,23.6
1768892400,11.2,20.6,7.5,59.5,1.2,-7.1,30.2,12.8,19.8,45.2,1005.5,1029.2,1017.8,1.2,36,19.8,12.8,26.6
1768896000,10.9,21.3,6.2,60.6,1,-7.6,30.2,13,19.7,45.3,1005.7,1029.7,1017.9,0.1,35.6,19.7,13.1,26.6
1768899600,8.4,21.1,5.7,63.5,1.2,-7.6,30.2,13,19.6,45.4,1005.9,1029.6,1017.7,1.2,36,19.6,13.2,29.9
1768903200,8,21.5,8.3,60.7,1.5,-7.6,30.9,13,19.5,45.5,1005.3,1030.5,1017.6,0.1,36,19.5,12.8,26.2
1768906800,8.1,21.7,7.4,61.1,1.7,-6.9,31.1,13.4,19.6,45.4,1005.5,1030.3,1017.6,-0.4,37,19.6,12.6,23.4
1768910400,11.1,16.7,11.1,58.8,2.4,-7.6,32,13.2,19.5,45.5,1005.3,1030.3,1017.8,-0.4,37,19.5,13.1,28.9
1768914000,12.6,15.4,11.8,58.3,1.9,-7.6,30.9,13.3,19.5,45.5,1006.6,1031,1018.4,-0.4,37,19.5,12.8,27.1
1768917600,15.8,14.1,12.7,54.3,3.1,-6,31.1,14.2,20.8,44.2,1006.4,1031.8,1018.4,1.9,37.4,20.8,13.7,23.9
1768921200,19.8,11.9,12.6,52.4,3.3,-3.8,32,15.3,23.1,41.9,1006.6,1031.6,1018.6,5.2,39,23.1,15.4,20
1768924800,24,12.3,12.1,48.7,2.9,-2.7,32,16.1,25.2,39.8,1007.3,1031.9,1018.5,8.6,39.9,25.2,17.1,16.2
1768928400,21.8,11.2,12.2,52.9,1.9,-1.1,32,16.6,26.9,38.1,1006,1030.5,1017.8,10.4,41,26.9,18.5,10.1
1768932000,23.6,11.6,9.6,52,3.1,-0.4,32,16.8,28.2,36.8,1004.4,1029.7,1017,12.2,42.8,28.2,19.6,6.6
1768935600,21.5,12.6,10.4,52.7,2.9,-0.4,32,17,29.1,35.9,1003.9,1029.6,1016.7,12.2,43,29.1,20.5,5.2
1768939200,21,14.5,10.1,51.9,2.4,-0.4,32,16.7,29.1,35.9,1003.4,1029,1016.7,13.1,43,29.1,20.4,4.5
1768942800,21,14.7,11.6,49.6,3.1,-0.4,32,16.4,28.6,36.4,1003.8,1029.3,1016.8,14,42.1,28.6,20,3.5
1768946400,18.2,14.2,13.7,50.7,3.3,-0.4,31.1,16.3,27.5,37.5,1004.8,1029.6,1017.1,12.9,39.9,27.5,19.5,7.4
1768950000,17.6,18.1,12.5,48.9,2.8,-1.8,31.1,15.7,25.8,39.2,1005.5,1029.7,1017.5,10.2,39,25.8,18.3,12.1
1768953600,13.2,23.1,11.8,50.2,1.7,-2.7,31.1,15.1,24.5,40.5,1006.8,1029.8,1018.1,8.6,37.9,24.5,16.9,14.4
1768957200,11.6,25.1,8,53.7,1.7,-3.8,30.2,14.8,23.3,41.7,1006.6,1030.3,1018.3,6.8,37,23.3,16.1,19.9
1768960800,9.5,22.9,8.3,57.9,1.4,-4,30.2,14.7,22.6,42.4,1006.6,1030.6,1018.4,5.2,37,22.6,15.7,20.2
1768964400,8.4,21.8,7.2,59.9,2.8,-4.9,30.9,14.3,21.9,43.1,1006.2,1030.3,1018.3,3.2,37,21.9,14.9,22.9
1768968000,9.6,22.2,8.4,57.2,2.6,-5.8,30.2,13.9,21.4,43.6,1006.2,1030.3,1018.4,3.2,36,21.4,14.4,22.7
1768971600,9.6,21.2,8.9,59,1.2,-6.4,29.6,13.2,20.5,44.5,1005.7,1029.9,1018.3,2.3,35.5,20.5,13.4,23.4
1768975200,6.6,23.1,9.7,59.5,1.2,-7.1,29.1,12.5,19.7,45.3,1005.2,1029.6,1018.1,1.4,35.1,19.7,12.5,24.1
1768978800,10.8,20.6,8.3,59.1,1.3,-7.1,29.8,12.6,19.6,45.4,1005.5,1029.2,1018,1.2,35.6,19.6,12.6,25.7
1768982400,10,22.1,6.5,60.4,1,-7.6,30,12.6,19.4,45.6,1005.5,1029.9,1018.1,-0.4,35.6,19.4,12.8,26.6
1768986000,8.5,21.7,6.2,62.1,1.5,-7.6,30.2,12.7,19.3,45.7,1005.3,1030,1017.9,-0.4,35.6,19.3,12.9,30.7
1768989600,7.7,21.1,8.7,61,1.5,-7.6,30.2,12.7,19.2,45.8,1005.3,1030.5,1017.8,-0.6,35.1,19.2,12.5,26.1
1768993200,8.6,21.6,6.9,61,1.9,-7.1,30.9,13,19.3,45.7,1005.3,1030.4,1017.8,-0.8,36,19.3,12.3,24.2
1768996800,11.2,15.5,11.9,59,2.3,-7.6,31.1,12.9,19.2,45.8,1005.3,1030.4,1018,-0.8,36,19.2,12.8,28.4
1769000400,12.6,14.5,12.4,58.7,1.9,-7.6,30.2,13,19.2,45.8,1006.3,1031.2,1018.6,-0.4,36,19.2,12.6,27.7
1769004000,15.3,14.6,12.4,54.7,3.1,-6,31.1,13.8,20.5,44.5,1006.3,1031.9,1018.6,1.4,37,20.5,13.4,23.7
1769007600,18.1,12.1,13.5,52.8,3.5,-4,31.1,15,22.9,42.1,1006.4,1031.7,1018.7,5,37.9,22.9,15.1,19.7
1769011200,22.7,12.5,12.8,49.2,2.9,-2.7,32,15.7,25,40,1006.9,1032.1,1018.7,8.2,39.9,25,16.8,16.2
1769014800,21.8,11.5,12.7,51.8,2.2,-2,32,16.2,26.7,38.3,1004.7,1031,1017.9,10.4,41,26.7,18.4,10.2
1769018400,23,12,9.8,51.9,3.3,-0.4,32,16.5,28.1,36.9,1004,1030.1,1017.2,12.2,42.8,28.1,19.5,7
1769022000,21.1,13.4,10.3,52.9,2.4,-0.8,32,16.7,28.9,36.1,1003.9,1029.6,1016.8,12.2,42.8,28.9,20.5,5.9
1769025600,21,14.7,9.9,51.9,2.4,-0.4,32,16.5,29,36,1003.3,1029.2,1016.8,13.1,43,29,20.4,5
1769029200,21.4,15.2,10.5,49.6,3.3,-0.4,30.2,16.2,28.6,36.4,1003.8,1029.3,1016.9,14,42.1,28.6,20,3.9
1769032800,17.5,14.2,13.2,51.5,3.5,-0.8,31.1,16.2,27.5,37.5,1004.7,1029.6,1017.2,12.9,39.9,27.5,19.6,7.4
1769036400,17.9,17.7,12.5,49.3,2.6,-1.8,30.9,15.5,25.8,39.2,1005.5,1030,1017.6,10.2,39,25.8,18.2,11
1769040000,12,23.3,11.8,51.5,1.4,-2.9,30.2,14.9,24.4,40.6,1007,1029.9,1018.2,8.6,37.9,24.4,17,14.8
1769043600,11.6,25.8,7.2,53.7,1.7,-3.8,29.8,14.6,23.2,41.8,1006.7,1030.6,1018.5,6.8,36,23.2,16.1,19.7
1769047200,10.4,22.8,8.9,56,1.9,-4,30.2,14.6,22.6,42.4,1006.7,1030.7,1018.5,5.2,36,22.6,15.7,21.1
1769050800,9.3,22.1,7.2,58.5,2.8,-4.9,30.2,14.2,21.8,43.2,1006.4,1030.4,1018.3,3.2,36.9,21.8,14.8,22.6
1769054400,9.4,22.4,9.2,56.5,2.6,-5.8,29.1,13.8,21.2,43.8,1006.6,1030.4,1018.5,3,36,21.2,14.2,22.8
1769058000,10.6,21.6,8.6,57.6,1.7,-6.4,28.8,13.1,20.4,44.6,1006.2,1030.1,1018.4,2.2,35.5,20.4,13.3,23.5
1769061600,7.5,23.8,9.2,58.2,1.2,-7.1,28.4,12.3,19.6,45.4,1005.7,1029.7,1018.2,1.4,35.1,19.6,12.4,24.2
1769065200,10.5,21.6,8,58.4,1.5,-7.6,28.9,12.4,19.5,45.5,1005.8,1029.3,1018.1,1,35.6,19.5,12.5,26.5
1769068800,9.7,22.4,7,60.1,0.7,-7.6,29.1,12.5,19.3,45.7,1005.8,1029.9,1018.2,-0.8,35.6,19.3,12.6,26.2
1769072400,8.7,21.6,7.2,60.4,2,-7.6,29.1,12.6,19.2,45.8,1006.2,1029.6,1018.1,-0.4,35.6,19.2,12.8,30.9
1769076000,7.9,21.3,9.3,60.3,1.2,-7.6,29.1,12.6,19.2,45.8,1005.8,1030.2,1018,-0.4,35.1,19.2,12.4,26.7
1769079600,8.8,21.1,7.3,60.9,1.9,-7.1,30.2,12.8,19.2,45.8,1006,1030.3,1018,-0.8,35.6,19.2,12.2,25.1
1769083200,11.5,15.7,11.7,59,2.1,-7.6,30.2,12.7,19.1,45.9,1005.6,1030.3,1018.1,-0.8,36,19.1,12.5,28
1769086800,12.3,14.9,12.7,57.8,2.4,-7.6,30.2,12.8,19.1,45.9,1006.8,1031.2,1018.8,-0.4,36,19.1,12.2,26.7
1769090400,15.3,15,12.9,53.9,2.9,-5.8,30.9,13.7,20.4,44.6,1006.4,1031.8,1018.7,1.9,37,20.4,13.2,23.3
1769094000,18.6,12.6,13.3,51.9,3.7,-2.7,31.1,14.9,22.9,42.1,1006.8,1031.7,1018.9,5.2,37.9,22.9,15,20.8
1769097600,22.9,13,11.8,49.2,3.1,-2.2,32,15.7,25.1,39.9,1006.9,1031.3,1018.6,8.6,39.9,25.1,16.8,16
1769101200,22.5,12.5,12,50.8,2.2,-1.8,32,16.1,26.8,38.2,1006,1031,1018.1,10.4,41,26.8,18.4,11.1
1769104800,22.8,12.9,9.8,51.6,2.9,-0.4,32,16.4,28.2,36.8,1004.7,1030.1,1017.4,12.2,42.8,28.2,19.6,7
1769108400,21.9,14.4,10.3,51.2,2.2,-0.4,32,16.7,29,36,1004,1029.8,1016.9,12.9,42.8,29,20.5,6.2
1769112000,21.7,15.2,10.1,50.8,2.2,-0.4,32,16.4,29.1,35.9,1003.5,1029.2,1016.8,14,43,29.1,20.6,5.7
1769115600,23.3,15.2,10,48.3,3.1,-0.8,31.1,16.1,28.6,36.4,1004.1,1029.6,1017.1,14,43,28.6,20.1,4.2
1769119200,18.4,14.4,13.5,50.1,3.5,-0.8,31.1,16.1,27.7,37.3,1005.1,1029.8,1017.3,12.9,41,27.7,19.8,6.9
1769122800,17.7,18.2,12.5,49.2,2.4,-1.8,31.1,15.5,25.9,39.1,1005.5,1030,1017.7,10.2,39,25.9,18.4,11.1
1769126400,12.9,24.2,11.3,50.1,1.4,-2.9,31.1,15,24.5,40.5,1007.2,1029.9,1018.2,9.9,37.9,24.5,17.2,15.5
1769130000,12,26.1,7.4,53,1.4,-3.8,30.2,14.6,23.3,41.7,1006.8,1030.6,1018.5,6.8,37,23.3,16.4,21
1769133600,10.8,23.5,9.4,54.4,1.9,-4,30.2,14.5,22.5,42.5,1006.9,1030.7,1018.5,5.2,36.9,22.5,15.8,22.7
1769137200,10.2,22.5,7.6,56.9,2.8,-4.9,30.9,14.1,21.8,43.2,1006.4,1030.4,1018.4,3.9,36.9,21.8,14.8,23
1769140800,9.6,22.2,10.3,55.5,2.3,-5.1,30.2,13.8,21.3,43.7,1006.6,1030.4,1018.5,3.2,36,21.3,14.5,24.2
1769144400,11.4,21.2,9.3,56.7,1.4,-6,29.6,13.2,20.5,44.5,1006.1,1030,1018.4,2.3,35.5,20.5,13.7,25.3
1769148000,9.4,23.7,9.2,56.5,1.2,-6.9,29.1,12.6,19.7,45.3,1005.6,1029.6,1018.2,1.4,35.1,19.7,12.8,26.3
1769151600,11.5,21.8,8.3,56.6,1.8,-7.1,28.9,12.6,19.6,45.4,1005.7,1029.2,1018.1,1,35.6,19.6,12.8,27.6
1769155200,10.7,22.3,6.9,59.1,1,-7.6,29.1,12.7,19.5,45.5,1005.7,1029.7,1018.1,-0.8,35.6,19.5,12.9,27.7
1769158800,9.2,20.9,7.7,59.5,2.7,-7.6,29.8,12.6,19.3,45.7,1006,1029.6,1018,-0.4,35.6,19.3,12.9,31.6
1769162400,8.8,20.8,10.3,58.2,1.9,-7.6,30.2,12.7,19.3,45.7,1005.8,1030.2,1017.9,-0.4,35.1,19.3,12.5,26.4
1769166000,8.8,21.1,7.6,60.3,2.1,-6.9,30.2,12.9,19.2,45.8,1006,1030.3,1017.9,-0.4,36,19.2,12.3,26.1
1769169600,11.3,16.7,11.5,58.2,2.3,-7.6,30.2,12.7,19.1,45.9,1006,1030.3,1018.1,-0.8,36,19.1,12.6,27.4
1769173200,12.5,15.1,13,57.5,1.9,-7.6,30.2,12.9,19.2,45.8,1006.3,1031,1018.7,-0.4,36,19.2,12.3,26.9
1769176800,13.8,15.2,13.5,54.6,2.9,-5.8,30.9,13.8,20.6,44.5,1006,1031.4,1018.7,2.1,37,20.5,13.4,23.9
1769180400,16.9,13.5,14.4,51.5,3.7,-2.7,31.1,15,23,42,1006.4,1031.6,1018.8,6.8,37.9,23,15.2,20.6
1769184000,22.2,14.4,11.2,49,3.1,-2.2,31.1,15.7,25.2,39.9,1006.2,1031.2,1018.6,8.6,39.2,25.1,16.9,16.4
1769187600,22.7,13.4,11.7,50.1,2.1,-0.8,32,16.2,27,38,1004.9,1030.7,1018,11.1,41,27,18.7,11.3
1769191200,22.8,13.9,9.9,50.5,2.9,-0.4,32,16.5,28.3,36.7,1004.1,1030,1017.2,13.1,42.1,28.3,19.8,7.3
1769194800,20.4,15.3,10.8,51.3,2.2,-0.4,32,16.8,29.3,35.7,1003.8,1029.4,1016.7,13.1,42.8,29.3,20.8,6.6
1769198400,19.8,16.2,10.1,51.4,2.4,-0.4,31.1,16.5,29.3,35.7,1003.2,1029.2,1016.6,14,43,29.3,20.9,5.9
1769202000,22.6,16,10,48.6,2.9,-0.4,30.2,16.3,28.9,36.1,1003.8,1029.3,1016.8,14,42.8,28.9,20.4,4.6
1769205600,18.5,15.9,12.1,50,3.6,-0.8,31.1,16.3,27.8,37.2,1004.7,1029.6,1017.1,13.1,41,27.8,19.9,6.7
1769209200,17.7,18.7,11.6,49.4,2.6,-0.9,31.1,15.7,26.1,38.9,1004.9,1029.6,1017.4,10.9,39,26.1,18.7,12
1769212800,12.5,24.2,11.3,50.6,1.4,-2.2,31.1,15.1,24.6,40.4,1006.3,1029.8,1018,10,37.9,24.6,17.4,16.7
1769216400,11.5,25.8,7.4,53.8,1.4,-2.7,30.2,14.8,23.4,41.6,1006.2,1030.3,1018.3,7.2,37,23.4,16.6,21.2
1769220000,10.1,23.9,9.4,54.5,2.1,-3.8,30.2,14.7,22.7,42.3,1006.6,1030.7,1018.4,6.1,37,22.7,16,23
1769223600,9.7,22.2,7.9,57.4,2.8,-3.8,30.9,14.3,21.9,43.1,1005.8,1030.7,1018.2,5,37,21.9,15,23
1769227200,8.7,22.7,10.1,56.7,1.9,-3.8,30.2,14,21.4,43.6,1006.1,1030.4,1018.3,3.2,36,21.4,14.6,23.9
1769230800,10.5,21.5,9.1,57.7,1.2,-4.8,29.6,13.4,20.7,44.3,1005.7,1030,1018.1,2.3,35.8,20.7,13.8,24.9
1769234400,9.2,24,8.3,57.3,1.2,-5.8,29.1,12.9,20,45,1005.2,1029.6,1018,1.4,35.6,20,13,25.8
1769238000,12.3,22.4,7.8,55.7,1.8,-6,29.8,12.9,19.8,45.2,1005.4,1029.3,1017.9,1.4,35.6,19.8,13,27.2
1769241600,10,23.1,6.7,59.2,1,-6.9,30.2,12.9,19.6,45.4,1005.5,1029.7,1018,0.5,35.6,19.6,13,27
1769245200,8.9,21.6,7.7,58.8,3,-6.9,30,12.8,19.3,45.7,1005.2,1030,1017.8,-0.4,35.6,19.3,13,32
1769248800,9.5,21,9.8,57.8,1.9,-6.9,30.2,12.9,19.4,45.6,1005.3,1030.1,1017.7,-0.4,35.1,19.4,12.6,26.2
1769252400,8.6,20.7,8.1,60.6,2.1,-6,30.2,13,19.2,45.8,1005.5,1030.2,1017.7,-0.4,36,19.2,12.4,25.8
1769256000,11.5,17.1,11.3,57.7,2.3,-7.6,30.2,12.8,19.2,45.8,1005.5,1030.3,1017.9,-0.4,36,19.2,12.6,26.9
1769259600,12.8,15.4,13.2,57.2,1.4,-7.1,30.2,12.9,19.2,45.9,1006,1031,1018.5,-0.4,36,19.1,12.3,26.5
1769263200,13.4,16,13.4,54.4,2.9,-4,31.1,14,20.7,44.3,1005.8,1031.4,1018.6,2.1,37,20.7,13.5,23.4
1769266800,16.1,14,14.3,52.1,3.5,-2,31.1,15.2,23.2,41.9,1006.2,1031.6,1018.7,6.8,37.9,23.1,15.3,20
1769270400,22.6,14.5,10.7,49.3,2.9,-1.8,32,15.9,25.4,39.7,1005.7,1031.3,1018.4,9.1,39.9,25.3,17.1,16.4
1769274000,22.7,13.9,10.8,50.7,1.9,-0.4,32,16.4,27.1,37.9,1004.7,1030.9,1017.8,12.2,41,27.1,18.9,11
1769277600,22.7,14.4,9.1,51.2,2.6,-0.4,32,16.6,28.5,36.5,1004.1,1029.8,1017.1,13.1,42.1,28.5,20,7.5
1769281200,19.8,15.2,11,51.7,2.4,-0.4,32,16.9,29.4,35.6,1003.3,1029.4,1016.5,14.2,42.8,29.4,21,6.9
1769284800,19.9,16.1,10.1,51.6,2.4,-0.4,30.9,16.6,29.5,35.5,1003,1029.2,1016.4,14.9,42.8,29.5,21.1,5.9
1769288400,22.4,16,9.8,49.3,2.6,-0.4,30.2,16.5,29.1,35.9,1003.4,1029.5,1016.6,15.1,42.8,29.1,20.7,4.9
1769292000,18.9,16,11.8,50.2,3.1,-0.4,31.1,16.4,28.2,36.8,1004.3,1029.6,1016.9,14,41,28.2,20.3,6.7
1769295600,16.4,18,13.3,50,2.4,-0.9,31.1,15.9,26.4,38.6,1004.8,1029.7,1017.3,12,39,26.4,19,12
1769299200,12.3,23.8,11.6,50.9,1.4,-2,31.1,15.3,24.8,40.2,1006,1030.1,1017.9,10.2,37.9,24.8,17.7,16.9
1769302800,10,25.1,8.5,55,1.4,-2.7,30.2,15,23.7,41.3,1005.9,1030.3,1018.1,8.2,37,23.7,17,21.7
1769306400,9.6,24.6,9.4,54.5,1.9,-2.2,30.2,14.9,22.9,42.1,1006.4,1030.7,1018.2,6.3,37,22.9,16.4,22.9
1769310000,9.5,23,7.4,57.4,2.6,-2.7,30.9,14.6,22.2,42.8,1005.7,1030.7,1018.1,5,37,22.2,15.4,23.3
1769313600,8.2,22.8,9.6,57.5,1.9,-2.9,30.2,14.3,21.7,43.3,1005,1030.4,1018.1,3.2,37,21.7,15.1,24.4
1769317200,10,21.3,9.1,58.4,1.2,-3.9,30,13.8,21,44,1005,1030.1,1018,2.5,36.3,21,14.3,24.8
1769320800,8.3,23.9,7.8,58.5,1.5,-4.9,29.8,13.2,20.4,44.6,1004.9,1029.7,1017.9,1.9,35.6,20.4,13.5,25.2
1769324400,11.3,22.4,8.1,56.7,1.5,-5.8,30.2,13.2,20.1,44.9,1005,1029.4,1017.8,1.4,35.6,20.1,13.5,27.7
1769328000,9.2,23.4,7,59.5,1,-6.2,30.2,13.2,19.9,45.1,1005.2,1029.9,1017.9,0.1,35.6,19.9,13.4,27.8
1769331600,9.2,21.4,7.7,58.7,3,-6,30.2,13.1,19.6,45.4,1005.1,1030.4,1017.8,0.1,35.6,19.6,13.4,31.6
1769335200,9.1,20.8,9.8,58.5,1.9,-5.8,30.2,13.2,19.7,45.3,1004.9,1030.2,1017.7,0.1,36,19.7,12.9,25.9
1769338800,8.1,21,7.9,60.6,2.4,-5.8,30.2,13.3,19.6,45.4,1005.3,1030.3,1017.6,-0.1,36,19.6,12.8,25.5
1769342400,11.7,16.8,11.9,57.2,2.3,-7.6,30.2,13.1,19.4,45.6,1005.2,1030.4,1017.9,-0.4,36,19.4,12.8,27.5
1769346000,12.8,15.9,13.1,57,1.2,-6.9,30.2,13.1,19.3,45.8,1006,1031,1018.5,-0.4,36,19.2,12.4,25.9
1769349600,13.2,16.3,13.4,54.8,2.4,-3.8,31.1,14.3,21,44.1,1005.7,1031.8,1018.5,3,37.4,20.9,13.6,22.9
1769353200,15.4,14.5,14,52.8,3.3,-1.1,31.1,15.4,23.4,41.6,1006.2,1031.6,1018.7,6.8,37.9,23.4,15.6,19.5
1769356800,23,14.2,10.4,49.5,2.8,-0.4,32,16.2,25.6,39.4,1005.7,1031.1,1018.4,10,39.9,25.6,17.4,15.8
1769360400,22.4,14.1,11,50.8,1.7,-0.2,32,16.7,27.4,37.6,1004.7,1031,1017.8,12.2,41,27.4,19.2,10.9
1769364000,22.5,15.1,9.1,50.8,2.4,0.1,32,16.9,28.7,36.3,1004.1,1030.1,1017.1,14.2,42.1,28.7,20.4,7.7
1769367600,19.3,16,10.5,51.6,2.6,0.9,32,17.1,29.6,35.4,1003.3,1029.4,1016.6,15.1,42.8,29.6,21.2,6.6
1769371200,18.7,16.5,11.3,50.8,2.6,0.5,30.9,16.8,29.8,35.2,1003.1,1029.2,1016.4,15.3,43,29.8,21.6,6.5
1769374800,21.1,16.6,10,49.5,2.8,0,30.2,16.7,29.4,35.6,1003.5,1029.8,1016.7,15.3,43,29.4,21.1,5.1
1769378400,18.1,17.1,10.8,50.9,3.1,-0.4,31.1,16.7,28.5,36.5,1004.7,1029.8,1017,14.9,41,28.5,20.7,6.9
1769382000,16.2,18.5,13.1,50.1,2.1,-0.8,30.9,16.1,26.7,38.3,1004.8,1030.1,1017.4,12.9,39,26.7,19.3,12.2
1769385600,12,23.8,11.3,50.9,1.9,-1.8,31.1,15.7,25.1,39.9,1006,1030.5,1018,10.4,37.9,25.1,18.1,18.1
1769389200,10.4,25.2,8.7,54.2,1.4,-2,30.9,15.2,23.8,41.2,1005.9,1030.6,1018.2,8.2,37,23.8,17.2,22.1
1769392800,9.3,25,9.3,54.4,1.9,-2,30.9,15.1,23.1,41.9,1006.2,1030.7,1018.3,6.3,37,23.1,16.6,23.5
1769396400,9.1,24,6.8,57.3,2.8,-2.2,30.9,14.8,22.4,42.6,1005.6,1030.8,1018.2,5.2,37,22.4,15.7,23.4
1769400000,8.7,23.6,9.4,56.6,1.7,-2.7,30.2,14.4,21.8,43.2,1005,1030.8,1018.2,3.9,36,21.8,15.3,25.6
1769403600,10.3,22,9.1,57.8,1,-3.8,30,13.9,21.1,43.9,1005,1030.4,1018.2,2.9,35.8,21.1,14.5,26.1
1769407200,8.5,24.4,7.1,58.8,1.2,-4.9,29.8,13.3,20.5,44.5,1004.9,1030.1,1018.1,1.9,35.6,20.5,13.7,26.6
1769410800,10.8,23.8,8,56.3,1.3,-5.8,30.2,13.3,20.2,44.8,1005,1030,1018,1.4,36,20.2,13.8,28.9
1769414400,9.1,23.7,6.7,59.8,0.7,-5.8,30.2,13.4,19.9,45.1,1005.4,1030.3,1018.1,1,35.6,19.9,13.7,29.1
1769418000,9.1,22.2,7.7,58.3,2.7,-6,30.2,13.2,19.7,45.3,1005.2,1030.4,1018,0.9,35.6,19.7,13.5,32
1769421600,9.5,21,9.8,57.9,1.9,-5.8,30.2,13.2,19.7,45.3,1005.3,1030.5,1017.9,1,36,19.7,13,27.1
1769425200,7.8,21.6,7.8,60.8,1.9,-5.8,30.2,13.4,19.6,45.4,1005.5,1030.4,1017.8,1.6,36,19.6,13,27.1
1769428800,11.5,17.1,11,58.1,2.3,-6,30.2,13.1,19.5,45.5,1005.2,1030.6,1018.1,2.1,36,19.5,13.1,28.7
1769432400,13.5,15.6,13.2,56.5,1.2,-5.8,30.2,13.1,19.2,45.8,1005.9,1031.2,1018.7,2.7,35.6,19.2,12.4,26
1769436000,13.6,16.7,13.6,53.7,2.4,-2.9,30.9,14.3,20.9,44.1,1005.7,1031.8,1018.8,3.2,37,20.9,13.6,22.4
1769439600,15.7,15,14.8,51.4,3.1,-0.8,30.2,15.5,23.5,41.5,1006.2,1031.7,1018.9,7.9,37.9,23.5,15.6,18.4
1769443200,22.5,14.4,11.7,48.6,2.9,-0.4,32,16.4,25.8,39.2,1005.7,1031.6,1018.6,10.2,39.9,25.8,17.7,15.9
1769446800,22.2,15,11,50.1,1.7,0.1,32,16.8,27.5,37.5,1004.7,1031.3,1018,13.1,41,27.5,19.5,11.8
1769450400,22.1,15.7,9.3,50.5,2.4,1,32,17.1,28.9,36.1,1004.1,1030.3,1017.2,15.3,42.1,28.9,20.7,7.5
1769454000,18.3,16.2,11,51.7,2.9,1.4,31.1,17.3,29.8,35.2,1003.3,1029.9,1016.7,16,42.1,29.8,21.5,6.4
1769457600,17.9,17,11.7,50.5,2.9,0.9,30.2,17.1,30.1,34.9,1003.2,1029.4,1016.6,16,42.8,30.1,22,6.8
1769461200,20.3,17.2,10.6,48.8,3.1,0.1,30.2,17,29.8,35.3,1003.8,1029.9,1016.9,15.8,43,29.7,21.6,5.5
1769464800,16.7,17.6,11.3,51.4,3.1,-0.2,30.9,16.8,28.7,36.3,1004.6,1029.8,1017.2,15.1,42.1,28.7,21,6.4
1769468400,14.9,18.5,12.8,51.2,2.6,-0.6,30.9,16.4,27,38,1004.8,1030.1,1017.5,13.1,39,27,19.7,11.5
1769472000,11.6,23,11.1,52.1,2.1,-0.9,31.1,15.9,25.4,39.6,1006,1030.5,1018.1,10.9,37.4,25.4,18.5,18.5
1769475600,9.4,25.2,8.7,55.2,1.4,-1.8,30.9,15.5,24,41,1005.9,1030.6,1018.3,9.1,37,24,17.4,22.5
1769479200,9.5,24.5,9.7,53.5,2.8,-1.8,30.9,15.2,23.2,41.8,1005.9,1030.7,1018.4,6.8,37,23.2,16.7,23.4
1769482800,10,23.5,7.2,56.5,2.8,-2,30.9,15,22.5,42.5,1005.6,1030.8,1018.3,6.8,36.9,22.5,15.9,23.6
1769486400,9.4,22.6,10.4,56,1.6,-2.2,30.2,14.6,22,43,1005,1030.6,1018.3,5.2,36,22,15.5,25.6
1769490000,11,21.9,9.5,56.7,1,-3.1,30,14.1,21.4,43.6,1005,1030.3,1018.3,4.1,35.8,21.4,14.8,26.1
1769493600,9.2,24.5,6.8,58.3,1.2,-4,29.8,13.7,20.7,44.3,1004.9,1030.1,1018.2,3,35.6,20.7,14,26.5
1769497200,11.8,23.9,7.5,55.5,1.3,-4.9,30.2,13.5,20.4,44.6,1005,1030,1018.1,1.9,36,20.4,14,28.3
1769500800,9.7,23.5,6.4,59.7,0.7,-5.8,30.2,13.7,20.2,44.9,1005.5,1030.3,1018.2,1.4,35.6,20.1,13.9,28.3
1769504400,9.4,22.5,7.9,57.7,2.5,-5.8,30.2,13.4,19.8,45.2,1005.3,1030.4,1018.1,1,35.6,19.8,13.7,32.1
1769508000,10.1,21.1,9.4,57.6,1.9,-5.8,30.2,13.4,19.8,45.2,1005.3,1030.5,1018,1,35.6,19.8,13.2,27.2
1769511600,8.3,22.1,7.9,59.5,2.1,-5.8,30.2,13.5,19.7,45.3,1005.5,1030.4,1017.9,0.1,35.6,19.7,13.2,27.5
1769515200,11.7,17.3,11.7,56.8,2.6,-5.8,30.2,13.3,19.5,45.5,1005.2,1030.4,1018.2,0.1,36,19.5,13.2,28.4
1769518800,13.4,14.9,13.7,56.6,1.4,-4.9,30.2,13.3,19.4,45.6,1005.9,1031,1018.8,0.1,35.6,19.4,12.7,26.5
1769522400,13.8,16.2,14,53.7,2.4,-2.2,31.1,14.7,21.2,43.8,1005.6,1031.6,1018.8,3.2,37,21.2,14.1,23.3
1769526000,15.9,15,14.7,51.6,2.8,-0.4,30.9,15.8,23.7,41.3,1006,1031.6,1018.9,8.1,37.9,23.7,16.1,19.5
1769529600,23.7,13.4,11.5,48.3,3.1,0.3,32,16.7,26,39,1005.7,1031.5,1018.6,10.4,39.9,26,18,16.3
1769533200,23.6,15.5,9.3,50.2,1.4,0.9,32,17.1,27.9,37.1,1004.7,1031,1018,14,41,27.9,20,11.7
1769536800,21.7,16.3,8.7,50.8,2.4,1,32,17.4,29.3,35.7,1004.1,1030.1,1017.3,15.8,42.1,29.3,21.2,7.2
1769540400,18.5,16.6,10.2,51.7,3.1,1.2,32,17.4,30,35,1003.8,1029.4,1016.9,16,42.8,30,21.9,6.6
1769544000,17.2,17.2,11.5,51.2,2.9,0.9,32,17.2,30.3,34.7,1003.6,1029.4,1016.9,16,43,30.3,22.3,6.5
1769547600,20.2,17.6,10.4,49.2,2.6,0.1,32,17.1,30,35,1004.3,1029.8,1017.1,16,43,30,21.9,5.8
1769551200,15.7,17.8,11,52.6,2.8,-0.2,31.1,17,29,36,1004.9,1029.6,1017.3,15.3,42.1,29,21.4,6.4
1769554800,14,19,12.3,52.4,2.4,-0.5,31.1,16.6,27.3,37.7,1005.5,1029.8,1017.6,13.1,39,27.3,20,11.9
1769558400,11.1,23.5,10.4,52.8,2.1,-0.8,31.1,16.3,25.7,39.3,1006.2,1030.1,1018.2,10.9,37.9,25.7,18.9,18.7
1769562000,9.2,25.7,8.3,55.7,1.2,-1.1,31.1,15.8,24.4,40.6,1006.1,1030.3,1018.5,9.1,37.9,24.4,17.9,22.4
1769565600,10.2,24.4,9.3,53,3,-1.8,32,15.6,23.5,41.5,1006,1030.7,1018.5,6.8,37,23.5,17.3,25.3
1769569200,10.9,23.7,7.4,55.8,2.1,-2,31.1,15.4,22.8,42.2,1005.8,1030.7,1018.5,6.8,36.9,22.8,16.4,24.7
1769572800,9,22.9,10.4,56.1,1.7,-2.2,30.9,14.9,22.3,42.7,1005.8,1030.6,1018.5,5.2,36,22.3,15.8,24.9
1769576400,10.5,22.4,9.5,56.6,1,-3.1,30.4,14.4,21.7,43.3,1005.5,1030.3,1018.5,4.2,35.8,21.7,15.1,25.6
1769580000,9.2,25.8,6.3,57.2,1.5,-4,30,14,21.1,43.9,1005.3,1030.1,1018.4,3.2,35.6,21.1,14.4,26.3
1769583600,11.1,24.6,7.5,55.8,1,-4,30.2,13.9,20.7,44.3,1005.7,1030,1018.3,1.9,36,20.7,14.4,26.8
1769587200,8.9,23.5,5.9,60.6,1,-5.1,30.2,14.1,20.5,44.5,1005.7,1030.3,1018.4,1.4,35.6,20.5,14.3,28.4
1769590800,8.8,22.5,7.4,58.6,2.7,-5.8,31.1,13.8,20.2,44.8,1006,1030.4,1018.3,1.2,35.6,20.2,14.1,32.6
1769594400,10.1,20.9,8.9,58.4,1.7,-5.8,30.2,13.7,20.1,44.9,1005.8,1030.5,1018.2,1,35.1,20.1,13.5,27.5
1769598000,9,21.4,7.8,59.9,1.9,-5.8,30.2,13.9,20,45,1005.7,1030.4,1018.2,1.2,35.6,20,13.6,27.8
1769601600,11.9,16.8,11.9,56.9,2.6,-5.8,30.2,13.7,19.8,45.2,1005.8,1030.4,1018.3,0.9,35.6,19.8,13.4,27.9
1769605200,12.9,14.6,13.4,57.7,1.4,-4.9,30.2,13.7,19.7,45.3,1006,1031,1018.9,1,35.1,19.7,13.1,26.7
1769608800,13.3,15.9,13.7,54.7,2.4,-2.2,31.1,14.9,21.5,43.5,1005.8,1031.6,1018.9,3.9,37,21.5,14.5,22.3
1769612400,16.5,14.9,14.6,51.2,2.8,-0.4,30.9,16.1,24,41,1006.4,1031.6,1019,8.1,37.9,24,16.5,19.6
1769616000,23.8,13.3,11.4,48.8,2.6,0.1,31.1,16.9,26.3,38.7,1006.2,1031.1,1018.7,10.4,39.9,26.3,18.3,15.9
1769619600,23.7,15.8,8.9,50.2,1.4,1.2,32,17.4,28.1,36.9,1004.9,1030.7,1018.1,14,42.1,28.1,20.3,12
1769623200,20.8,16.6,8.2,52,2.3,1.2,32,17.6,29.5,35.6,1004.5,1029.9,1017.5,15.8,42.8,29.4,21.4,6.9
1769626800,17.3,17.3,9.5,52.6,3.3,1.4,31.1,17.6,30.2,34.8,1003.9,1029.4,1017,16,43,30.2,22.1,6.6
1769630400,17.2,17.7,11.5,51.3,2.4,1,31.1,17.3,30.5,34.5,1003.8,1029.4,1017,16,43,30.5,22.5,6.3
1769634000,20.6,18,9.8,49.4,2.1,0.9,30.9,17.3,30.2,34.8,1004.3,1029.8,1017.1,16,43,30.2,22.2,6
1769637600,16.8,18.4,10.5,52,2.3,0.5,31.1,17.1,29.1,35.9,1005.2,1029.8,1017.5,15.3,42.1,29.1,21.4,6.2
1769641200,13.9,18.7,12.5,52.5,2.4,0.1,30.9,16.9,27.5,37.5,1005.5,1029.8,1017.7,13.1,39,27.5,20.3,11.2
1769644800,12.1,23.6,9.7,52.7,1.9,-0.8,31.1,16.4,25.9,39.2,1006.3,1030.2,1018.2,10.9,37.4,25.8,19,17.8
1769648400,9.9,25.2,9.2,54.5,1.2,-1.1,31.1,16,24.6,40.4,1006.1,1030.6,1018.5,9.1,37.4,24.6,18.1,21.9
1769652000,10.6,24.2,9.6,52.8,2.8,-0.9,32,15.8,23.8,41.2,1006.5,1030.7,1018.5,7,37,23.8,17.4,25.7
1769655600,11.2,23.3,8.2,55.7,1.6,-1.8,31.1,15.6,23.1,41.9,1005.9,1030.5,1018.5,6.8,36.9,23.1,16.7,23.9
1769659200,9.7,22,10.4,56.6,1.2,-2.2,30.9,15.3,22.6,42.4,1005.8,1030.4,1018.5,5.2,36,22.6,16.1,24.8
1769662800,11,22.3,9.4,56.4,1,-3.1,30.5,14.9,22.1,43,1005.8,1030.3,1018.5,4.2,35.8,22.1,15.5,25.2
1769666400,9.5,24.6,6.6,57.6,1.7,-4,30.2,14.5,21.5,43.5,1005.7,1030.1,1018.4,3.2,35.6,21.5,14.8,25.6
1769670000,10.6,23.9,7.8,56.4,1.3,-4,30.2,14.4,21.1,43.9,1005.7,1029.8,1018.3,3,36,21.1,14.8,26.8
1769673600,8.8,22.9,6.1,60.9,1.2,-4.9,30.2,14.7,21,44.1,1005.7,1030.3,1018.4,1.4,36,20.9,14.7,28.1
1769677200,8.8,22.8,6.9,58.6,2.9,-5.8,31.1,14.4,20.6,44.4,1005.3,1030.4,1018.3,1.2,35.6,20.6,14.4,30.9
1769680800,10.6,20.7,7.9,59.1,1.7,-4,30.2,14.2,20.4,44.6,1005.8,1030.5,1018.3,1.9,35.6,20.4,13.9,27.4
1769684400,10.7,19.7,7.6,60.2,1.9,-4,30.2,14.3,20.3,44.7,1005.7,1030.4,1018.2,1.4,35.6,20.3,14,28.7
1769688000,13,16,11.9,57.2,1.9,-4,30.2,14.2,20.2,44.8,1005.8,1030.6,1018.4,1.2,35.6,20.2,13.8,27.4
1769691600,13.8,14,12.6,58.2,1.4,-3.8,30.2,14.2,20.1,45,1006,1031,1019,1.2,35.1,20,13.5,27.4
1769695200,13.7,15.9,13.3,55.2,1.9,-2,31.1,15.3,21.8,43.2,1005.7,1031.4,1019,5,37,21.8,14.8,22.6
1769698800,16.7,14.6,14.2,51.7,2.8,-0.4,30.9,16.3,24.3,40.7,1006.4,1031.3,1019,8.2,37.9,24.3,16.8,19.5
1769702400,23.7,13.3,11.1,49.5,2.4,1,32,17.3,26.6,38.4,1006.2,1031,1018.7,10.4,41,26.6,18.7,16.4
1769706000,23.4,15.6,9.1,50.5,1.4,1.4,32,17.7,28.4,36.6,1004.9,1030.6,1018,14,42.1,28.4,20.6,12.5
1769709600,21.3,16.9,7,51.8,3,1.9,32,18,29.8,35.2,1004.5,1029.8,1017.4,16,43,29.8,21.8,7.4
1769713200,17.4,17.7,9.8,52.3,2.9,1.9,32,17.9,30.5,34.5,1003.9,1029.1,1017,16.2,43,30.5,22.5,6.4
1769716800,16.4,18.3,10.7,51.9,2.6,1.2,32,17.7,30.8,34.2,1003.8,1029,1016.9,16.2,44.1,30.8,22.9,6.7
1769720400,19.5,18.1,9.6,50.6,2.1,1.9,32,17.7,30.5,34.5,1004.3,1029.3,1017,16,44.1,30.5,22.6,6.5
1769724000,16.3,18.4,9.8,53.3,2.3,1.4,31.1,17.6,29.4,35.6,1005.2,1029.6,1017.4,16,42.8,29.4,21.9,6.4
1769727600,15.3,18.3,11.5,53.1,1.9,0.1,31.1,17.3,27.8,37.2,1005.5,1029.1,1017.6,14,39.9,27.8,20.6,11.4
1769731200,12.9,23.3,8.8,53.3,1.7,-0.4,31.1,16.9,26.2,38.8,1006.3,1029.8,1018.1,11.1,37.9,26.2,19.4,18.6
1769734800,10.6,24.5,9.4,54.7,0.7,-0.9,31.1,16.5,25,40,1006.1,1030.2,1018.4,9.9,37.9,25,18.5,21.6
1769738400,10.6,23.4,9.7,53.2,3.1,-0.8,32,16.4,24.2,40.8,1006.5,1030.1,1018.4,7.2,37,24.2,17.9,24.8
1769742000,11,22.7,8.2,56.4,1.6,-0.8,32,16.2,23.6,41.4,1005.9,1029.8,1018.4,7,37,23.6,17.1,23
1769745600,9.4,21.6,10.4,57.2,1.4,-1.8,31.1,15.7,23,42,1005.8,1029.9,1018.3,6.3,36,23,16.5,25.2
1769749200,10.7,22.6,9.3,56.4,1,-2.8,30.6,15.3,22.4,42.5,1005.6,1029.8,1018.3,5.7,36,22.4,15.8,25.4
1769752800,9.8,24.6,6.1,57.8,1.7,-3.8,30.2,15,21.9,43.1,1005.5,1029.6,1018.3,5,36,21.9,15.2,25.6
1769756400,10.3,23.9,7.3,57,1.5,-3.8,30.2,14.8,21.5,43.5,1005.4,1029.2,1018.1,3.2,36,21.5,15.2,27.4
1769760000,9,22.5,5.9,61.1,1.5,-3.8,30.2,14.9,21.3,43.8,1005.5,1029.3,1018.2,2.8,36,21.2,15,27.5
1769763600,9.5,23.2,5.9,58.5,2.9,-4,31.1,14.6,20.8,44.2,1005.2,1029.6,1018.1,1.9,35.6,20.8,14.6,30.2
1769767200,10.6,20.4,7.9,59.1,1.9,-4,30.2,14.5,20.7,44.3,1005.3,1029.6,1018.2,2.1,35.6,20.7,14.1,27
1769770800,11.1,18.9,8,59.9,2.1,-4,30.2,14.4,20.5,44.5,1005.7,1030.1,1018.2,2.1,35.6,20.5,14,28.1
1769774400,13,16.3,10.9,57.7,2.1,-4,30.2,14.2,20.3,44.7,1005.8,1030.2,1018.3,1.9,35.6,20.3,13.9,27.6
1769778000,13.3,14.5,12.1,58.4,1.6,-3.8,30.2,14.2,20.1,44.9,1006.1,1030.9,1018.9,1.9,35.1,20.1,13.5,27.4
1769781600,13.3,16.4,13.5,54.9,1.9,-1.8,31.1,15.4,21.9,43.1,1005.6,1031.3,1018.9,5,37,21.9,14.8,22.2
1769785200,16.7,16,13.8,50.9,2.6,-0.4,30.9,16.3,24.3,40.7,1006,1031,1019,8.2,37.9,24.3,16.7,19.4
1769788800,22.4,14.4,12.2,48.9,2.1,1,32,17.3,26.7,38.3,1006,1030.9,1018.6,11.1,41,26.7,18.6,15.4
1769792400,22.6,16.6,9.5,49.6,1.7,1.4,32,17.7,28.5,36.5,1004.8,1030,1018,14.2,42.1,28.5,20.5,11
1769796000,20.2,18.6,7.2,51.3,2.8,1.4,32,17.9,29.8,35.2,1004.5,1029.4,1017.4,16,42.8,29.8,21.8,6.9
1769799600,16.5,18.7,10.6,51.3,2.8,1.9,32,17.9,30.5,34.5,1004.3,1028.6,1017,16.2,43,30.5,22.4,6.3
1769803200,16.6,19.4,10.4,51.2,2.4,1,32,17.7,30.8,34.2,1003.8,1029,1016.9,16.9,44.1,30.8,22.8,6
1769806800,19,18.3,10.6,50,2.1,1.4,32,17.7,30.6,34.4,1004.4,1029.2,1017,16.2,44.1,30.6,22.6,6.5
1769810400,16.4,19.2,10.2,51.9,2.3,1.4,31.1,17.5,29.5,35.5,1005.2,1029.6,1017.4,16,42.8,29.5,21.8,6.4
1769814000,14.5,19.4,11.9,52.6,1.6,0.1,31.1,17.1,27.7,37.3,1005.6,1029.4,1017.7,14,39.9,27.7,20.4,11.6
1769817600,12.5,23.6,9,53.2,1.7,-0.4,31.1,16.9,26.2,38.8,1006.3,1029.9,1018.1,11.1,37.9,26.2,19.3,18.6
1769821200,10.6,24.4,9.9,54.5,0.7,-0.8,31.1,16.5,25,40,1006.1,1030.2,1018.4,10,37.9,25,18.4,21.5
1769824800,10.1,22.9,11.1,52.8,3.1,-0.8,32,16.3,24.2,40.8,1006,1030.1,1018.3,7.2,37,24.2,17.8,24.2
1769828400,11,22.4,8.6,56.5,1.4,-0.8,32,16.2,23.6,41.4,1005.8,1030.1,1018.4,7,37,23.6,17.1,24.2
1769832000,9.4,21.1,10.6,57.7,1.2,-1.8,30.9,15.7,23,42,1005,1030.1,1018.3,6.8,36,23,16.5,25.6
1769835600,11.2,22.4,8.4,57,1,-2.5,30.5,15.4,22.5,42.5,1005,1029.9,1018.3,5.9,36,22.5,15.9,25.7
1769839200,10.7,24.1,5.6,58.2,1.5,-3.1,30.2,15.2,22,43,1004.9,1029.7,1018.3,5,36,22,15.4,25.8
1769842800,11.3,24.1,7,56,1.5,-3.8,30.2,14.9,21.5,43.5,1004.9,1029.3,1018.1,3.2,36,21.5,15.3,28.3
1769846400,8.5,23.2,5.6,61.2,1.5,-3.8,30.2,14.9,21.2,43.8,1005.2,1029.6,1018.3,2.8,35.6,21.2,15,28
1769850000,10.2,23.3,5.6,58,2.9,-4,31.1,14.6,20.9,44.2,1005.2,1029.6,1018.2,1.9,35.6,20.8,14.7,30.6
1769853600,10.8,20.9,7.7,58.7,1.9,-4,30.2,14.5,20.7,44.4,1004.8,1029.6,1018.3,2.1,35.1,20.6,14.1,26.5
1769857200,11.5,19.5,7.5,59.3,2.1,-4,30.2,14.4,20.4,44.6,1005.5,1030.1,1018.2,1.9,35.1,20.4,14,27.8
1769860800,13.6,16.8,10.5,57,2.1,-4,30.2,14.2,20.2,44.8,1005.6,1030.2,1018.4,1.4,35.6,20.2,13.8,28
1769864400,13.1,15,11.7,58.6,1.6,-3.8,30.2,14.1,20,45,1006,1030.9,1019,1.9,34,20,13.4,27.4
1769868000,13.3,16.6,12.8,55.3,1.9,-1.8,31.1,15.4,21.8,43.2,1005.6,1031.3,1018.9,5,37,21.8,14.9,23.3
1769871600,15.7,16.4,14.1,51.4,2.3,-0.4,30.2,16.3,24.3,40.7,1006,1030.9,1019,8.2,37.9,24.3,16.8,20.2
1769875200,23.1,14.9,12.3,47.6,2.1,1,31.1,17.2,26.6,38.4,1005.7,1030.9,1018.7,12.2,39.9,26.6,18.6,15.9
1769878800,22.6,16.4,10.2,49,1.7,1.4,32,17.6,28.4,36.6,1005,1029.9,1018.1,14.9,42.1,28.4,20.4,10.3
1769882400,20,18.4,8.1,50.5,3,1.9,32,17.8,29.7,35.3,1004.8,1029.1,1017.5,16,42.8,29.7,21.6,6.4
1769886000,16.2,19.5,10.9,50.6,2.9,1.9,32,17.8,30.5,34.6,1004.5,1028.5,1017.1,17.2,43,30.4,22.3,6.3
1769889600,17.3,19.7,10.9,49.6,2.4,1.2,32,17.6,30.8,34.2,1004.9,1028.8,1017,17.2,44.1,30.8,22.8,5.6
1769893200,19.2,19,10.5,48.7,2.6,1.9,32,17.6,30.6,34.4,1004.9,1029,1017.2,17.2,44.1,30.6,22.6,6.2
1769896800,16.9,20.4,10,50.2,2.5,1.4,31.1,17.3,29.4,35.6,1005.7,1029.5,1017.7,16.2,42.8,29.4,21.6,6.2
1769900400,14.1,20.4,12.2,51.9,1.4,0.1,31.1,16.9,27.7,37.3,1006.3,1029.1,1017.9,14.2,39.9,27.7,20.3,10.6
1769904000,13,24.5,8.7,51.9,1.9,-0.4,31.1,16.7,26.1,38.9,1006.7,1029.8,1018.3,12.2,37.9,26.1,19.1,17.3
1769907600,10.9,25.3,9.8,53.3,0.7,-0.4,31.1,16.4,25,40.1,1006.2,1030.1,1018.6,10.4,37.4,24.9,18.3,21.8
1769911200,10.8,24.3,10.6,51.4,2.8,-0.4,31.1,16.2,24.1,41,1006.8,1030.1,1018.6,8.2,37,24,17.6,23.6
1769914800,11.9,24,7.9,54.9,1.4,-0.4,31.1,15.9,23.4,41.7,1006,1030.1,1018.7,7,36,23.3,16.8,24.1
1769918400,10.1,21.8,11,56.1,0.9,-1.8,30.9,15.4,22.7,42.3,1005.8,1030.1,1018.6,6.3,36,22.7,16.3,25.8
1769922000,11.8,23.2,8.8,55.2,0.9,-2.8,30.5,15.2,22.3,42.8,1005.6,1029.9,1018.6,5.7,35.8,22.2,15.8,26.3
1769925600,10.5,25.3,5.6,57.2,1.5,-3.8,30.2,15,21.8,43.3,1005.5,1029.7,1018.6,5,35.6,21.7,15.3,26.7
1769929200,10.5,24.9,6.7,56.4,1.5,-3.8,30.2,14.7,21.3,43.7,1005.4,1029.4,1018.4,3.2,35.6,21.3,15.2,29.1
1769932800,9.3,24,5.1,60,1.5,-3.8,30.2,14.7,21,44.1,1005.5,1029.6,1018.6,2.1,35.6,20.9,14.7,28.5
1769936400,9.5,23.8,5.6,58,3.2,-4.9,30.2,14.5,20.7,44.4,1005.2,1029.6,1018.5,2.1,35.6,20.6,14.5,30.8
1769940000,11.3,21.3,7.2,58.3,1.9,-4,30.2,14.3,20.5,44.6,1005.8,1029.6,1018.6,2.1,35.1,20.4,14,26.9
1769943600,11.4,20.6,7.8,58.1,2.1,-4,30.2,14.1,20.1,45,1005.7,1030.1,1018.5,1.9,35.1,20,13.8,29.5
1769947200,13.1,17.4,11,56.3,2.1,-4,30.2,14,19.9,45.1,1006,1030.2,1018.7,1.4,34,19.9,13.6,28.6
1769950800,14.1,15.3,11,58,1.6,-3.8,30.2,13.9,19.7,45.3,1006.3,1030.9,1019.4,1.4,34,19.7,13.1,26.9
1769954400,13.1,16.9,13.4,54.9,1.7,-1.1,30.9,15.2,21.6,43.4,1005.6,1031.3,1019.3,5,36,21.6,14.7,24.2
1769958000,14.6,16.9,14.6,51.8,2.1,0,30.2,16.2,24.1,40.9,1006,1030.9,1019.4,8.2,37.4,24.1,16.6,20.1
1769961600,22.4,15.3,12.7,47.4,2.1,1.2,31.1,17.1,26.4,38.6,1006.2,1030.9,1019.1,12.2,39.2,26.4,18.4,16
1769965200,23.5,17.3,10.2,47.4,1.7,1.9,31.1,17.5,28.3,36.7,1005.4,1030.2,1018.4,15.1,41,28.3,20.2,11
1769968800,19.8,19.5,8.6,49.1,3,3,31.1,17.7,29.7,35.3,1005.1,1029.4,1017.9,16.2,42.1,29.7,21.5,6.6
1769972400,15.6,20.8,11.1,49.6,2.8,1.9,31.1,17.7,30.4,34.7,1004.8,1028.6,1017.4,17.6,43,30.3,22.2,6.5
1769976000,18.8,21.1,10.2,47.3,2.6,1.9,32,17.4,30.8,34.2,1005.1,1029,1017.3,17.6,44.1,30.8,22.8,6.3
1769979600,19,19.7,10.6,48.1,2.6,1.9,32,17.5,30.7,34.4,1005.4,1029,1017.5,17.6,44.6,30.6,22.7,6.7
1769983200,17.9,21.1,10.4,48.3,2.3,1.9,31.1,17.1,29.5,35.5,1006,1029.5,1017.9,16.9,42.8,29.5,21.7,6.4
1769986800,14.8,21.4,12.2,50.2,1.4,0.9,31.1,16.7,27.7,37.3,1006.4,1029.1,1018.1,14.9,41,27.7,20.4,11.5
1769990400,13.2,25.7,9.2,50,1.9,0.1,31.1,16.5,26.1,38.9,1006.7,1029.8,1018.6,12.2,37.9,26.1,19.1,17.7
1769994000,11.1,26.5,10.2,51.5,0.7,-0.1,31.1,16.2,24.8,40.2,1006.4,1030,1018.8,10.9,37.4,24.8,18.2,21.7
1769997600,11.3,25.1,11.3,49.1,3.3,-0.4,31.1,16,23.9,41.2,1007,1029.9,1018.8,8.6,37,23.8,17.4,24.2
1770001200,12.1,24.4,9.3,53,1.2,-0.8,30.9,15.7,23.2,41.9,1006.2,1029.8,1018.9,7.2,36,23.1,16.6,24.3
1770004800,10.6,22.1,12,54.7,0.7,-1.1,30.9,15.3,22.5,42.5,1006.3,1030.1,1018.8,6.8,36,22.5,16.2,26.6
1770008400,10.9,24.2,9.7,54.3,0.9,-2,30.5,15.1,22.1,43,1006.3,1029.9,1018.8,5.9,35.8,22.1,15.6,26.7
1770012000,10.4,26,6.1,56.1,1.5,-2.9,30.2,14.9,21.6,43.4,1006.4,1029.7,1018.8,5,35.6,21.6,15.1,26.8
1770015600,10.5,26.4,6.2,55.4,1.5,-2.2,30.2,14.7,21.1,43.9,1005.8,1029.4,1018.6,3.9,35.6,21.1,15,30.3
1770019200,8.8,24.7,5.1,59.7,1.7,-2.9,30.2,14.7,20.9,44.2,1006.2,1029.3,1018.7,3.2,35.6,20.8,14.5,29.2
1770022800,10,23.5,5.8,57.5,3.2,-4,30.2,14.4,20.6,44.5,1006.8,1029.5,1018.6,3.2,35.1,20.5,14.3,31.1
1770026400,10.8,21.8,7.4,57.8,2.2,-4,30.2,14.2,20.3,44.8,1006.6,1029.6,1018.8,2.8,35.1,20.2,13.7,27.1
1770030000,10.9,21.3,8.5,57.3,1.9,-4,30.2,13.9,19.9,45.2,1006,1030.1,1018.7,2.1,35.1,19.8,13.5,29.9
1770033600,12.9,17.4,11.3,56.7,1.6,-4,30.2,14,19.8,45.3,1006.3,1030.3,1018.8,1.9,34,19.7,13.4,28.6
1770037200,14.4,15.8,9.9,58.1,1.9,-3.8,30.2,14,19.7,45.4,1006.3,1031,1019.5,1.9,34,19.6,13.1,27.8
1770040800,13.1,17.4,12.9,55.1,1.4,-1.1,30.2,15.2,21.5,43.5,1006,1031.4,1019.4,5.9,36,21.5,14.6,25.4
1770044400,14.4,17.5,14.4,51.7,2.1,0.1,30.2,16.2,24.2,40.8,1006.6,1031,1019.4,9,37.4,24.2,16.7,20.8
1770048000,21.2,15.8,12.9,48,2.1,1.4,31.1,17.1,26.6,38.4,1006.8,1030.9,1019.2,12.2,39.2,26.6,18.6,16
1770051600,22.2,17.7,11.6,46.6,1.9,2.8,31.1,17.5,28.5,36.5,1006,1030.4,1018.5,15.3,41,28.5,20.5,11
1770055200,18.6,20.2,9.3,49.4,2.6,2.8,32,17.8,29.9,35.1,1005.4,1029.4,1018,16.9,43,29.9,21.8,6.9
1770058800,14.9,21.7,10.9,49.6,2.8,1.9,31.1,17.8,30.7,34.4,1005.5,1028.6,1017.5,17.6,44.1,30.6,22.5,6.3
1770062400,19.4,21.6,10.2,46.2,2.6,2.8,32,17.5,31,34,1005.7,1029,1017.4,17.6,44.6,31,23,6.5
1770066000,18.5,20.3,10.5,48.1,2.6,1.9,32,17.6,30.9,34.1,1006.2,1029,1017.6,18.1,44.6,30.9,23,6.7
1770069600,17.6,22.3,10.2,47.1,2.8,1.9,31.1,17.3,29.8,35.2,1006.6,1029.3,1018,16.9,43,29.8,22.1,6.4
1770073200,15.5,22.1,11.5,49.2,1.6,0.9,31.1,17,27.9,37.1,1006.8,1029.4,1018.1,15.1,41,27.9,20.7,11.5
1770076800,12.7,26.6,9.2,50.1,1.4,1,31.1,16.8,26.3,38.7,1006.9,1029.9,1018.6,12.9,37.9,26.3,19.3,17.7
1770080400,10.7,26.7,10.4,51.5,0.7,0.1,31.1,16.5,25,40,1006.7,1030,1018.8,11.1,37.4,25,18.4,21.5
1770084000,10.8,26,11.5,48.5,3.3,-0.2,32,16.3,24,41,1007.3,1029.9,1018.8,9.1,37,24,17.6,24.8
1770087600,12.1,24.9,9.3,52.7,0.9,-0.6,31.1,16,23.3,41.7,1007.3,1029.8,1018.9,8.1,36.9,23.3,16.7,24.8
1770091200,10.3,22.5,12,54.2,0.9,-0.9,30.9,15.6,22.8,42.2,1007.2,1029.9,1018.8,7,36,22.8,16.4,26.7
1770094800,11.1,25.1,9.2,53.7,0.9,-1.9,30.5,15.3,22.3,42.7,1006.9,1029.8,1018.8,6.5,35.8,22.3,15.9,26.8
1770098400,10.1,26.6,5.8,55.8,1.7,-2.9,30.2,15.1,21.8,43.2,1006.5,1029.7,1018.8,5.9,35.6,21.8,15.4,26.8
1770102000,9.9,27.2,6.2,55.7,1,-2.2,30.2,15,21.3,43.7,1006.5,1029.4,1018.6,3.9,36,21.3,15.4,30.8
1770105600,9,25.1,5.4,58.5,2,-3.1,30.2,14.9,21,44.1,1006.2,1029.6,1018.7,3.2,35.6,20.9,14.8,29.8
1770109200,10.2,24,5.8,57,2.9,-4,30.9,14.6,20.8,44.3,1007,1029.5,1018.6,3.2,35.6,20.7,14.5,31.8
1770112800,10.5,21.5,7.4,58.1,2.4,-4,30.2,14.4,20.4,44.7,1007.3,1029.9,1018.8,2.8,35.1,20.3,14,28.5
1770116400,10.9,21.9,8.6,56.8,1.9,-4,30.2,14.1,20,45.1,1006.7,1030.3,1018.6,2.1,35.1,19.9,13.7,30.9
1770120000,13.1,17.8,11.5,56.2,1.4,-4,30.2,14.1,19.9,45.2,1006.5,1030.4,1018.8,2.1,35.1,19.8,13.6,29.6
1770123600,14.5,15.9,10,57.7,1.9,-3.8,30.2,14.1,19.8,45.2,1006.8,1031,1019.4,2.1,34,19.8,13.4,28.9
1770127200,13.2,18.2,12.4,55,1.2,-1.1,30.2,15.4,21.8,43.2,1005.8,1031.3,1019.4,5.9,36,21.8,15,26.6
1770130800,14.6,17.4,13.6,51.9,2.6,0.1,30.2,16.4,24.4,40.6,1006.6,1030.9,1019.4,9,37.4,24.4,17.1,22.2
1770134400,21.9,16,12.5,47.9,1.7,1.4,31.1,17.3,26.8,38.2,1006.6,1031,1019.1,12.2,39.2,26.8,19,16.8
1770138000,22.4,18.2,10.8,46.5,2.1,2.8,31.1,17.8,28.8,36.2,1006,1030.6,1018.5,15.3,42.1,28.8,20.9,11.1
1770141600,19.3,20.3,8.9,48.7,2.8,2.8,32,17.9,30.2,34.8,1005.4,1029.5,1017.9,16.9,44.1,30.2,22.1,7.1
1770145200,15.8,21.7,10.2,49.2,3.1,1.9,32,18,31,34.1,1005.4,1029.1,1017.4,18,44.6,30.9,22.9,6.5
1770148800,19.3,21.7,9.8,46.9,2.4,1.9,32,17.6,31.3,33.7,1005.6,1029,1017.3,18,44.6,31.3,23.4,6.7
1770152400,19.2,19.4,10.5,48.2,2.6,1.9,32,17.8,31.3,33.8,1006.1,1028.9,1017.5,18.1,45,31.2,23.4,6.9
1770156000,17.4,22.3,10.2,47.4,2.6,1.9,32,17.5,30.2,34.8,1006.4,1029.1,1017.8,17.1,44.1,30.2,22.4,6.4
1770159600,15.7,22.2,11.9,48.5,1.6,0.1,31.1,17.2,28.2,36.8,1006.6,1029,1018,15.1,41,28.2,20.9,12.4
1770163200,13.4,26.4,8.7,49.9,1.6,0.9,32,17,26.5,38.6,1006.7,1029.9,1018.4,12.9,37.9,26.4,19.5,18.6
1770166800,11,27.2,10.8,50.4,0.7,0.5,32,16.7,25.3,39.8,1006.4,1030,1018.6,11.1,37.4,25.2,18.8,22.8
1770170400,11,26.3,11.7,47.4,3.5,0,32,16.4,24.2,40.9,1007,1029.8,1018.7,8.6,37,24.1,17.8,25.6
1770174000,11.9,25.1,10.3,52,0.7,-0.5,32,16.2,23.5,41.5,1006.8,1029.8,1018.7,7.2,37,23.5,16.9,25.9
1770177600,10.8,23.1,11.3,53.3,1.4,-0.9,31.1,15.8,23,42,1007.2,1029.5,1018.6,7,37,23,16.7,26.8
1770181200,10.8,25.4,9.4,53.4,0.9,-1.9,30.6,15.6,22.5,42.5,1006.8,1029.5,1018.7,6.5,36.5,22.5,16.1,26.6
1770184800,10.4,26.6,5.6,55.8,1.7,-2.9,30.2,15.3,22,43,1006.4,1029.5,1018.7,5.9,36,22,15.6,26.4
1770188400,10.6,27.8,5.7,54.9,1,-2.7,31.1,15.2,21.6,43.4,1005.8,1029.3,1018.5,4.1,36,21.6,15.7,31.6
1770192000,8.7,24.9,5.3,58.8,2.2,-4,30.2,15.1,21.2,43.9,1006.1,1029.4,1018.6,3.2,35.6,21.1,15.1,31
1770195600,10.4,24,5.3,57,3.2,-4,31.1,14.9,21,44.1,1006.4,1029.1,1018.5,3.9,35.6,20.9,14.8,33.1
1770199200,11,21.9,6.9,58.3,1.9,-4,30.2,14.6,20.8,44.3,1007.2,1029.6,1018.7,3.2,35.6,20.7,14.5,30.4
1770202800,11.1,21.3,8.5,56.5,2.6,-4,30.2,14.3,20.2,44.8,1006.6,1029.5,1018.5,2.1,35.6,20.2,14,30.9
1770206400,12.6,18,11.4,56.8,1.2,-4,30.2,14.3,20.1,44.9,1006.5,1030.4,1018.8,2.8,35.6,20.1,13.8,29.9
1770210000,14.2,15.9,9.8,58,2.1,-3.8,30.2,14.3,20.1,44.9,1006.6,1030.4,1019.3,3.2,34,20.1,13.8,30
1770213600,13.6,19.1,10.8,55,1.4,-1.1,30.9,15.5,22,43,1005.8,1030.5,1019.3,6.1,36,22,15.2,26.1
1770217200,14.6,17.6,13.1,51.6,3.1,0.9,30.2,16.5,24.5,40.5,1006.6,1030.7,1019.3,9.9,37.4,24.5,17.2,22.4
1770220800,21.1,16.4,12.7,47.9,1.9,1.4,32,17.4,27,38,1006.6,1030.8,1019,12.2,39.9,27,19.1,16.5
1770224400,21.9,18.6,10.8,46.9,1.7,2.8,32,17.9,29,36,1006,1030.4,1018.4,15.8,42.8,29,21,10.9
1770228000,20,20,8.9,47.8,3.3,2.8,32,17.9,30.3,34.7,1005.5,1029.4,1017.9,17.2,44.6,30.3,22.3,7.4
1770231600,15.8,21.7,10.4,48.6,3.5,1.9,32,18.1,31.2,33.9,1005.8,1028.6,1017.3,18.1,45,31.1,23.1,6.5
1770235200,19.7,21.6,9.7,46.8,2.1,1.9,32,17.8,31.5,33.5,1005.7,1028.5,1017.2,18,45,31.5,23.6,6.7
1770238800,19,19.7,10.1,48.5,2.8,1.9,33.1,17.9,31.4,33.6,1006.2,1028.1,1017.4,18.9,46,31.4,23.6,6.7
1770242400,16.4,22.7,10.2,47.9,2.8,1.4,32,17.6,30.3,34.7,1006.6,1028.6,1017.8,17.2,44.6,30.3,22.5,6.6
1770246000,14.4,22,12.8,49,1.9,0.1,32,17.2,28.2,36.8,1006.6,1028.9,1017.9,15.3,41,28.2,20.9,12.6
1770249600,12.6,26.2,9.6,49.8,1.9,1.2,32,17.1,26.6,38.5,1006.7,1029.5,1018.3,14,39,26.5,19.6,17.8
1770253200,11.2,26.7,11.2,50.1,0.7,0.7,32,16.8,25.3,39.7,1006.5,1029.7,1018.5,11.1,37.9,25.3,18.8,22.3
1770256800,11.8,26.4,11.8,46.5,3.5,0.2,32,16.4,24.3,40.8,1007,1029.8,1018.6,9.1,37,24.2,17.7,24.5
1770260400,11.7,25.4,10.5,51.7,0.7,-0.3,32,16.2,23.5,41.5,1006.3,1029.8,1018.7,8.6,37.4,23.5,16.9,25.2
1770264000,10.4,23.6,11.1,53,1.9,-0.8,32,15.8,23,42,1006.3,1029.5,1018.5,7,37,23,16.7,26.9
1770267600,11.2,26.4,9,52.7,0.7,-1.5,31.1,15.6,22.5,42.5,1006.3,1029.5,1018.6,6.5,36.5,22.5,16.1,26.4
1770271200,10.9,27.1,5.8,54.5,1.7,-2.2,30.2,15.4,22,43,1006.2,1029.5,1018.7,6.1,36,22,15.5,25.9
1770274800,11,27.9,5.4,54.5,1.2,-2.2,32,15.2,21.6,43.4,1005.8,1029.3,1018.4,5,36,21.6,15.6,31.7
1770278400,9.5,24.5,5.6,58.3,2.2,-3.1,32,15.2,21.3,43.8,1005.7,1029.5,1018.5,5,36,21.2,15.1,31
1770282000,10.9,23.8,6.1,56.3,2.9,-3.8,32,14.9,21,44.1,1006,1029.5,1018.4,5,35.6,20.9,14.8,33.1
1770285600,11.1,22.4,7.2,57.5,1.9,-3.8,30.9,14.7,20.8,44.3,1007.2,1029.9,1018.6,4.1,35.6,20.7,14.4,30.4
1770289200,11.4,21.6,9,55.8,2.1,-4,30.9,14.3,20.2,44.9,1006,1030.4,1018.4,2.8,35.6,20.1,13.8,30.1
1770292800,12.9,19,10.8,55.9,1.4,-4,30.2,14.2,20.1,45,1006.5,1030.6,1018.7,2.8,35.1,20,13.6,29.4
1770296400,14.6,16.9,9.6,56.6,2.3,-3.8,30.2,14.3,20,45,1006.8,1030.9,1019.3,3.2,35.1,20,13.6,30.2
1770300000,14.4,19.2,10.6,54.1,1.7,-1.1,31.1,15.5,22,43,1006,1030.6,1019.2,6.3,36,22,15.1,25.8
1770303600,14.9,18,11.8,52.4,2.8,1,30.2,16.6,24.6,40.4,1006.6,1030.7,1019.2,10.2,37.4,24.6,17.2,22.2
1770307200,21.5,16.3,12.5,47.5,2.1,1,32,17.3,26.9,38.1,1006.4,1030.9,1018.9,12.2,39.2,26.9,19.1,16.1
1770310800,22,17.8,10.8,47.8,1.6,2.8,32,17.9,28.9,36.1,1005.5,1030.4,1018.3,15.3,42.1,28.9,20.9,10.6
1770314400,20.4,19.2,8.7,48.7,3,2.1,32,17.9,30.2,34.8,1005.4,1029.4,1017.9,16.9,44.1,30.2,22.1,6.9
1770318000,16.1,20.6,10.6,49.4,3.3,1.4,32,18,31,34.1,1005.4,1029,1017.3,18,44.6,30.9,22.8,6.3
1770321600,19.5,20.4,10,48.2,1.9,1.4,33.1,17.9,31.4,33.6,1005.4,1028.7,1017.1,17.6,45,31.4,23.4,6.9
1770325200,18.8,18.6,10.8,49.2,2.6,1.4,33.1,17.9,31.3,33.7,1006.1,1028.2,1017.3,18.1,45,31.3,23.3,6.7
1770328800,16.5,22,10.4,48.3,2.8,1.4,32,17.6,30.1,34.9,1006.4,1028.7,1017.7,17.2,44.1,30.1,22.2,6.4
1770332400,13.7,21.5,12.5,50.5,1.9,0.1,32,17.2,28.1,36.9,1006.6,1028.8,1017.8,15.3,41,28.1,20.7,12.1
1770336000,12.5,25.6,9.6,50.4,1.9,1.2,32,17.1,26.6,38.5,1006.5,1029.3,1018.2,13.1,38.8,26.5,19.5,17.3
1770339600,11.4,25.7,11.4,50.2,1.2,0.1,32,16.9,25.3,39.8,1006.3,1029.4,1018.4,11.1,37.9,25.2,18.6,21.1
1770343200,11.8,25.7,11.1,48.1,3.3,-0.2,32,16.5,24.3,40.9,1006.9,1029.8,1018.5,9.1,37,24.1,17.5,23.3
1770346800,11.2,24.9,10.5,52.3,1.2,-0.5,32,16.3,23.5,41.6,1006.3,1029.7,1018.6,8.6,37.4,23.4,16.8,24.7
1770350400,10.6,23.6,10.8,53.1,1.9,-0.8,32,15.8,23,42.1,1005.8,1029.5,1018.4,7,37,22.9,16.6,26.1
1770354000,11.7,26.3,10,52,2,-1.4,31.1,15.6,22.6,42.6,1005.8,1029.6,1018.5,6.5,36.5,22.4,16.1,26
1770357600,10.7,26.5,6.1,54.6,2.2,-2,30.2,15.4,22.1,43.1,1005.9,1029.7,1018.5,5.9,36,21.9,15.5,25.9
1770361200,12.3,27.5,5.1,53.9,1.2,-2,32,15.3,21.7,43.4,1005,1029.3,1018.2,5,36,21.6,15.6,30.6
1770364800,9.5,23.8,5.3,59,2.4,-2.7,32,15.3,21.4,43.8,1005.5,1029.5,1018.3,5,35.6,21.2,15.1,31.2
1770368400,10.5,24.1,5.6,57.1,2.7,-3.8,32,15,21.2,44,1005.7,1029.5,1018.2,4.1,35.6,21,14.8,32.7
1770372000,10.9,21.7,7.2,58.5,1.7,-3.8,31.1,14.8,21,44.2,1006.3,1029.9,1018.4,4.1,35.6,20.8,14.5,30.4
1770375600,10.9,22.1,9,55.8,2.1,-4,30.9,14.3,20.3,44.9,1005.9,1030.4,1018.3,2.8,35.6,20.1,13.8,29.4
1770379200,13.6,18.3,11.5,55.3,1.4,-4,30.9,14.3,20.2,45,1006.1,1030.6,1018.6,2.8,35.6,20,13.6,28.9
1770382800,14.4,16.5,9.6,56.9,2.6,-4,30.2,14.3,20.2,45,1006.3,1030.9,1019.2,3.2,35.1,20,13.7,30
1770386400,13.9,19.2,10.8,54.2,1.9,-1.1,31.1,15.5,22.2,42.9,1005.6,1030.6,1019.1,6.8,36,22.1,15.2,25.6
1770390000,14.2,17.5,12.3,53.2,2.8,1,30.2,16.5,24.7,40.4,1006.1,1030.6,1018.9,9.9,37.4,24.6,17.2,21
1770393600,20.6,16.6,12.9,47.5,2.3,1,32,17.1,26.9,38.1,1005.5,1030.8,1018.9,12.2,39.2,26.9,18.9,15
1770397200,21,17.3,11.9,47.9,1.9,1.9,32,17.8,28.9,36.2,1005,1030.2,1018.2,15.3,42.8,28.8,20.7,9.4
1770400800,20.7,19.6,8.9,48,2.8,2.1,32,17.7,30.1,34.9,1004.9,1029.4,1017.8,16.9,44.1,30.1,21.8,6.7
1770404400,15.1,21,10.8,49.5,3.5,1.4,32,17.9,30.9,34.2,1004.7,1028.6,1017.2,18,44.6,30.8,22.7,5.8
1770408000,18.7,20.4,10.7,48.3,1.9,1.2,32,17.7,31.3,33.8,1005.1,1028.5,1017.1,17.6,45,31.2,23.1,5.8
1770411600,17.3,19.4,11.2,49.4,2.6,1.4,33.1,17.7,31.1,33.9,1005.5,1028.1,1017.2,18.1,46,31.1,23,5.8
1770415200,15.5,23,10.4,48.5,2.6,1.4,32,17.5,30,35,1006.2,1028.6,1017.6,17.2,44.1,30,21.9,6.2
1770418800,14.1,21.7,12.4,50,1.8,0.1,31.1,17.1,28,37,1006.6,1028.6,1017.8,15.3,39.9,28,20.4,11.6
1770422400,11.5,25.6,10.4,50.6,1.9,0.9,32,17,26.5,38.6,1006.5,1029.1,1018.2,14,37.9,26.4,19.3,17.1
1770426000,10.4,26.6,11.3,50.6,1.2,0.4,32,16.8,25.3,39.8,1006.3,1029.2,1018.3,11.1,37.4,25.2,18.4,20.2
1770429600,11.1,26.4,11.1,48.2,3.3,-0.1,32,16.3,24.2,40.9,1006.8,1029.8,1018.4,9,37,24.1,17.4,22.9
1770433200,10.5,26,10.8,51.5,1.2,-0.6,32,16.2,23.5,41.7,1006,1029.6,1018.6,8.1,37,23.3,16.7,25.2
1770436800,10.2,25.1,9.9,53,1.9,-1.1,31.1,15.8,22.9,42.2,1005.8,1029,1018.3,6.8,37,22.8,16.4,25.6
1770440400,11,28.3,9.1,51.3,0.2,-1.7,30.6,15.6,22.4,42.7,1005.6,1029.3,1018.4,6.3,36.5,22.4,15.9,25.1
1770444000,9.5,27.5,5.8,55,2.2,-2.2,30.2,15.3,22,43.1,1005.5,1029.5,1018.5,5.9,36,21.9,15.4,24.6
1770447600,11.9,27.4,5.2,54.3,1.2,-2,31.1,15.1,21.6,43.5,1005,1029.2,1018.2,5,36,21.5,15.4,29.6
1770451200,8.7,23.5,5.6,60,2.2,-2.7,32,15.2,21.4,43.8,1005.5,1029.1,1018.2,5,35.6,21.2,14.9,29.4
1770454800,10.1,24.3,5.4,58.2,2,-2.7,32,15,21.2,44,1005.7,1029.1,1018.2,5.2,35.6,21,14.8,31.9
1770458400,10,22.4,6.6,60,1,-3.8,31.1,14.8,21,44.2,1006.2,1029.5,1018.4,5,35.6,20.8,14.5,30.1
1770462000,10.5,22.4,9,56.2,1.9,-4,30.9,14.3,20.3,44.9,1005.1,1029.8,1018.3,2.8,35.6,20.1,13.7,28.5
1770465600,13.6,17.6,11.7,56,1.2,-4,30.2,14.2,20.1,45.1,1005.7,1030.4,1018.6,3,35.1,19.9,13.5,29.2
1770469200,13.6,16.4,9.4,57.7,2.8,-3.8,30.2,14.3,20.2,44.9,1006.3,1030.7,1019.2,3.2,35.1,20.1,13.7,30.2
1770472800,14.5,19.3,9.9,54,2.4,-1.1,31.1,15.4,22.1,42.9,1005.6,1030.5,1019,7,36,22.1,15.2,26
1770476400,14.7,17.3,10.6,54.4,3.1,1.2,30.2,16.5,24.7,40.4,1006.1,1030.5,1018.9,10,37.4,24.6,17.2,20.8
1770480000,19.4,15.7,14.1,48.5,2.3,1.2,32,17.1,26.9,38.1,1005.5,1030.8,1018.9,12.9,39.2,26.9,18.9,14.8
1770483600,20.5,17.2,12.2,48,2.1,1.9,32,17.8,28.9,36.2,1005.1,1030.2,1018.2,15.3,42.1,28.8,20.6,9.3
1770487200,20.5,19.3,8.6,48.6,3,2.1,32,17.7,30.1,34.9,1004.9,1029.1,1017.8,17.2,44.1,30.1,21.8,6.9
1770490800,15.3,20.8,10.4,49.8,3.8,1.9,32,17.9,30.9,34.2,1004.7,1028.2,1017.2,18.9,44.6,30.8,22.7,5.8
1770494400,19.1,19.9,10.4,48.5,2.1,1.4,32,17.7,31.3,33.7,1005.1,1028.3,1017.1,18.1,45,31.3,23.1,5.6
1770498000,17.8,19.2,10.6,49.5,2.8,1.4,32,17.6,31.2,33.8,1005.9,1027.8,1017.3,18.9,46,31.2,23,5.5
1770501600,15.5,22.7,10.9,48.4,2.5,1.4,32,17.5,30.1,34.9,1006.3,1028.2,1017.6,17.2,44.1,30.1,22,6.2
1770505200,13.1,22.4,12.9,50,1.6,0.1,31.1,17.1,28.1,36.9,1006.9,1028.6,1017.8,16,39.9,28.1,20.6,11.1
1770508800,11.1,26.4,9.9,50.8,1.9,1.2,32,17,26.6,38.5,1006.7,1029,1018.2,14,37.9,26.5,19.4,16.3
1770512400,10.5,27.2,11,50.1,1.2,0.1,32,16.8,25.4,39.7,1006.4,1029,1018.4,11.8,37.4,25.3,18.5,19.7
1770516000,11,27.2,11.2,47.5,3,-0.5,32,16.3,24.3,40.8,1007,1029.8,1018.4,9.9,37,24.2,17.6,23
1770519600,11.2,26.9,10.1,50.4,1.4,-1.2,32,16.2,23.5,41.7,1006.8,1029.6,1018.6,8.6,36.9,23.3,16.8,25.2
1770523200,11.3,25,9.7,52.1,1.9,-1.8,31.1,15.7,22.9,42.2,1006.3,1029.2,1018.4,6.8,36.9,22.8,16.5,26.1
1770526800,11.6,28,9.7,50.4,0.2,-2,30.6,15.5,22.5,42.7,1006.3,1029.3,1018.5,6.4,36.3,22.4,16,25.6
1770530400,9.7,27.4,6.8,53.8,2.4,-2.2,30.2,15.3,22.1,43.1,1006.2,1029.5,1018.5,6.1,35.6,21.9,15.5,25.1
1770534000,11.1,27.9,4.9,54.8,1.2,-2,32,15.1,21.6,43.5,1005.1,1029.3,1018.3,5.9,36,21.5,15.5,30.8
1770537600,8.5,24,5.8,59.8,1.9,-2.2,32,15.2,21.5,43.7,1005.6,1029.2,1018.3,5.2,35.6,21.3,15.2,31.1
1770541200,9.6,24.8,5.7,58.2,1.7,-2.7,31.1,15,21.3,43.9,1005.9,1029.1,1018.2,5.9,35.6,21.1,15,31.9
1770544800,9.5,23,6.6,59.9,1,-3.8,31.1,14.8,21.1,44.1,1006.3,1029.5,1018.5,5,35.6,20.9,14.7,30
1770548400,10.7,22.8,8.6,56.1,1.9,-4,30.9,14.3,20.3,44.8,1006.4,1029.5,1018.4,3.9,35.1,20.2,13.9,29.6
1770552000,13.8,16.8,12.6,55.5,1.4,-4.9,30.9,14.2,20.1,45,1006.3,1029.4,1018.6,3.2,35.1,20,13.6,29
1770555600,12.9,16.4,9.6,57.6,3.5,-3.8,30.2,14.3,20.2,44.9,1007.1,1030.4,1019.3,3.9,35.1,20.1,13.9,30.4
1770559200,14.6,18.7,10.3,53.3,3.1,-1.1,31.1,15.4,22.2,42.8,1005.7,1030.5,1019.1,7,36,22.2,15.4,26.4
1770562800,15.2,17.1,11,53.6,3,0.9,30.9,16.5,24.9,40.2,1006.3,1030.4,1019,9.9,37.4,24.8,17.4,21.2
1770566400,19.7,15.9,14.3,47.5,2.6,1,32,17.2,27.2,37.9,1005.6,1030.8,1018.9,12.2,39.9,27.1,19.2,14.1
1770570000,19.7,18,12.4,47.3,2.6,1.4,32,17.8,29.1,36,1005.1,1030,1018.3,15.3,42.8,29,20.8,9.7
1770573600,19.9,20.1,9,48.1,2.8,1.4,32,17.8,30.3,34.7,1005.3,1029,1017.8,16.9,44.6,30.3,22,6.6
1770577200,16,21.7,9.9,48.6,3.8,1.9,32,17.9,31,34,1005.3,1028,1017.3,18,45,31,22.9,5.3
1770580800,18.5,21.3,9.5,48.6,2.1,1.4,33.1,17.8,31.4,33.6,1005.3,1028.2,1017.2,18,46,31.4,23.3,5.3
1770584400,18,20.6,9.6,49.1,2.8,1.2,33.1,17.7,31.3,33.7,1006.4,1027.7,1017.3,18.1,46,31.3,23.1,4.8
1770588000,14.4,23,10.9,48.7,3,1,32.9,17.6,30.2,34.8,1006.8,1028.1,1017.7,17.2,44.6,30.2,22.2,6.2
1770591600,13.3,23.3,11.4,50.3,1.6,0.6,32,17.2,28.2,36.9,1006.9,1028.4,1017.9,15.3,41,28.1,20.7,11.3
1770595200,10.8,27.2,9.4,50.6,2.1,0.1,32,17.1,26.7,38.4,1006.7,1028.9,1018.3,13.1,38.8,26.6,19.5,16.3
1770598800,11,29.1,9.6,48.8,1.4,-0.4,32,16.8,25.5,39.7,1006.7,1028.9,1018.5,11.1,37.9,25.3,18.5,19.3
1770602400,10.5,28.3,10.8,47.3,3,-0.4,32,16.4,24.4,40.8,1007,1029.1,1018.4,9,37,24.2,17.7,24
1770606000,11,27.3,10.5,49.7,1.6,-1.1,32,16.3,23.5,41.6,1006.8,1029.6,1018.7,7.9,36.9,23.4,16.8,25.9
1770609600,11.5,25.6,9.6,51.4,1.9,-1.8,32,15.8,22.9,42.2,1006.3,1029.3,1018.5,6.3,36.9,22.8,16.5,27.2
1770613200,12.3,28.4,9.7,49.4,0.2,-2.3,31.1,15.6,22.4,42.7,1006.2,1029.5,1018.5,6.2,36.5,22.4,16,26.5
1770616800,10.6,28,6.5,52.8,2.2,-2.7,30.2,15.4,22,43.1,1006.1,1029.7,1018.6,6.1,36,21.9,15.5,25.9
1770620400,11.1,27.9,4.7,54.6,1.7,-2.2,31.1,15.2,21.6,43.5,1005.2,1029.3,1018.3,6.3,36,21.5,15.5,31.6
1770624000,9.2,23.1,6,59.5,2.2,-2.2,32,15.4,21.5,43.6,1005.6,1029.4,1018.3,5.2,35.6,21.4,15.2,30.2
1770627600,9.8,24.3,6.1,58.1,1.7,-2.9,31.1,15.1,21.3,43.8,1005.9,1029.2,1018.2,6.1,35.6,21.2,15,32.1
1770631200,10,22.4,6.6,59.8,1.2,-3.8,31.1,15,21.1,44.1,1006.3,1029.6,1018.5,5,35.6,20.9,14.7,29.8
1770634800,10.9,22.3,9,56.1,1.7,-4,31.1,14.4,20.3,44.8,1006,1029.5,1018.4,3.9,35.1,20.2,13.8,28.9
1770638400,13.8,17.3,11.9,55.3,1.6,-4.9,31.1,14.4,20.2,44.9,1006.3,1030.4,1018.7,3.2,35.1,20.1,13.7,28.6
1770642000,13.3,16,10,57.2,3.5,-3.8,31.1,14.6,20.4,44.7,1007.1,1030.6,1019.2,3.9,35.6,20.3,14.1,30.7
1770645600,14.3,18.9,10,53.7,3.1,-1.1,31.1,15.6,22.3,42.8,1006,1030.5,1019.2,6.8,36,22.2,15.6,26.6
1770649200,15.3,17.1,11.5,53.1,3.1,-0.3,31.1,16.6,24.9,40.1,1006.3,1030.4,1019,10,37.9,24.9,17.5,21.7
1770652800,19.6,16.3,14.7,46.9,2.6,0.4,32,17.2,27.2,37.8,1005.6,1030.5,1018.9,12.2,39.9,27.2,19.2,14.8
1770656400,18.9,17.8,13.1,47.4,2.8,1.2,32,17.7,29.1,35.9,1005.4,1030.2,1018.4,15.3,42.8,29.1,20.9,9.7
1770660000,20.3,19.6,9,48,3,1.4,33.1,17.9,30.5,34.6,1005.4,1029.1,1017.9,17.2,44.6,30.4,22.2,7.3
1770663600,15.8,21.4,10.4,48.9,3.5,1.9,32,18,31.2,33.9,1005.5,1028,1017.3,18,46,31.1,23,5.3
1770667200,19.1,21.3,9,48.7,1.9,1.9,33.1,17.9,31.5,33.5,1005.3,1028.1,1017.2,18.1,46.4,31.5,23.3,4.9
1770670800,19.1,20.9,9.4,48,2.6,1.4,33.1,17.8,31.4,33.6,1005.9,1027.8,1017.3,18.1,46.4,31.4,23.3,4.4
1770674400,14.2,22.8,11.6,48.6,2.8,1.4,33.1,17.6,30.3,34.7,1006.5,1028.2,1017.7,17.2,44.6,30.3,22.3,6.2
1770678000,13.5,23.6,11.7,49.3,1.8,0.1,32,17.1,28.3,36.7,1006.5,1028.4,1017.9,15.3,41,28.3,20.8,10.9
1770681600,11.5,27.4,9.6,49.9,1.6,1,32,17,26.8,38.3,1006.3,1028.9,1018.3,14,39,26.7,19.6,15.9
1770685200,11.5,29.3,9.6,48.4,1.2,0.3,32,16.8,25.5,39.6,1006.4,1028.9,1018.5,11.1,37.9,25.4,18.5,18.4
1770688800,10.5,28.6,11.5,46.1,3.3,-0.4,32,16.3,24.3,40.8,1006.9,1029.1,1018.5,9.1,37,24.2,17.6,23
1770692400,10.7,27.3,11.9,48.5,1.6,-0.4,32,16.2,23.5,41.6,1006.8,1029.6,1018.7,8.6,37,23.4,16.8,25.6
1770696000,11.9,25.1,10.5,50.6,1.9,-1.8,32,15.8,23,42.1,1006.3,1029.3,1018.5,6.8,37,22.9,16.5,25.5
1770699600,12.3,28.7,10.2,48.6,0.2,-1.8,31.4,15.7,22.6,42.5,1006.2,1029.5,1018.5,6.5,36.5,22.4,16,24.9
1770703200,10.2,28.4,7,52.2,2.2,-1.8,30.9,15.5,22.2,43,1006.1,1029.7,1018.6,6.3,36,22,15.5,24.3
1770706800,11.9,27.8,5.2,53.3,1.7,-1.8,31.1,15.2,21.7,43.4,1005.2,1029.3,1018.3,6.3,35.6,21.6,15.5,29.5
1770710400,9.5,23.1,6.6,58.7,2.2,-2,32,15.3,21.6,43.6,1005.6,1029.5,1018.2,5.2,35.6,21.4,15.1,28.4
1770714000,10.3,24.1,6.2,57.6,1.7,-2.7,31.1,15.1,21.5,43.7,1005.9,1029.2,1018.1,6.1,35.6,21.3,15,30.6
1770717600,10.2,22.8,6.8,58.8,1.5,-2.9,30.9,15,21.2,44,1006.5,1029.9,1018.5,5,35.6,21,14.7,28.5
1770721200,11.9,22.6,9.3,54.6,1.7,-4,31.1,14.4,20.4,44.8,1006.4,1029.8,1018.4,3.9,35.1,20.2,13.8,27.2
1770724800,13.6,17.8,12.6,54.1,1.9,-4.9,31.1,14.4,20.3,44.9,1006.3,1030.4,1018.7,3.2,35.1,20.1,13.6,26.9
1770728400,13,16.5,11.2,55.8,3.5,-3.1,31.1,14.7,20.5,44.6,1007.4,1030.6,1019.3,3.9,35.6,20.4,14.2,29.4
1770732000,14.2,19.5,9.6,53.4,3.4,-1.1,31.1,15.7,22.5,42.6,1006,1030.5,1019.2,7,36,22.4,15.7,25.8
1770735600,15.7,16.9,12.2,52.1,3.1,1,32,16.7,25.1,39.9,1006.4,1030.4,1019,10.2,37.9,25.1,17.6,21.7
1770739200,20.4,16.7,13.9,46.2,2.8,0.9,32,17.2,27.3,37.7,1006,1030.5,1019,12.9,39.9,27.3,19.2,14.5
1770742800,20.2,16.9,13.4,46.4,3.1,1.4,32,17.8,29.2,35.8,1005.5,1030.2,1018.4,15.3,42.8,29.2,20.9,9.2
1770746400,21.3,19.3,8.6,47.6,3.2,1.4,33.1,17.9,30.5,34.5,1005.4,1029.1,1018,17.2,44.6,30.5,22.2,7.1
1770750000,16.3,21.3,9.9,48.9,3.5,2.1,33.1,18,31.3,33.7,1005.5,1028,1017.4,18.1,46,31.3,23.1,4.9
1770753600,19.3,21,9.5,48.4,1.7,2.1,33.8,17.9,31.7,33.4,1005.5,1028.2,1017.3,18.1,46.4,31.6,23.5,4.4
1770757200,19.4,20.3,9.2,48.7,2.4,1.9,33.8,17.9,31.6,33.4,1006,1027.8,1017.3,18.1,46.4,31.6,23.5,4.2
1770760800,14.5,22.8,11.9,48.5,2.3,1.4,33.1,17.7,30.5,34.6,1006.6,1028.6,1017.8,17.2,45.9,30.4,22.4,5.5
1770764400,14,24.1,11.7,48.5,1.6,1.2,32,17.2,28.4,36.6,1006.9,1028.7,1018,15.3,41,28.4,20.9,10.9
1770768000,12.4,27.3,9.8,49.2,1.4,1.4,32,17.1,26.8,38.2,1006.6,1029.1,1018.4,14.2,39,26.8,19.6,15.3
1770771600,12.4,28.6,9.9,47.7,1.4,0.9,32,17,25.7,39.4,1006.4,1029.3,1018.5,11.8,37.9,25.6,18.7,18.2
1770775200,10.3,28.2,11.7,47.2,2.6,-0.4,32,16.5,24.5,40.6,1006.9,1029.8,1018.5,10.2,37,24.4,17.7,21.7
1770778800,9.8,27.2,12.2,49.2,1.6,-0.7,32,16.4,23.7,41.5,1006.5,1029.8,1018.8,9,37,23.5,16.9,24.9
1770782400,11.9,24.8,10.3,51.1,1.9,-0.9,32,16,23.1,42,1006.2,1029.5,1018.6,7,37,23,16.6,25.3
1770786000,12.4,27.8,10.2,49.4,0.2,-1.4,32,15.8,22.8,42.4,1005.9,1029.7,1018.7,6.9,37,22.6,16.1,24.7
1770789600,10,27.4,6.8,53.6,2.2,-1.8,32,15.6,22.4,42.8,1005.6,1029.8,1018.7,6.8,36.9,22.2,15.7,24.1
1770793200,11.2,26.8,5.5,54.6,2,-1.8,32,15.4,21.9,43.2,1005.1,1029.4,1018.4,6.3,36,21.8,15.6,29.1
1770796800,9.2,22.1,7.1,58.9,2.7,-2,32,15.5,21.8,43.4,1005.5,1029.5,1018.3,5.2,35.6,21.6,15.3,28.7
1770800400,10.1,23.7,5.9,58.5,1.7,-2.2,31.1,15.2,21.7,43.5,1005.8,1029.8,1018.2,6.1,35.6,21.5,15.1,29.8
1770804000,9.7,22,7,59.9,1.4,-2.2,31.1,15,21.4,43.8,1006.3,1030.1,1018.6,5,35.6,21.2,14.8,27.6
1770807600,12.1,22.5,8.1,55.9,1.4,-4,31.1,14.5,20.6,44.6,1005.9,1030.5,1018.6,3.9,35.6,20.4,13.8,25.8
1770811200,13.1,18,12.2,55,1.6,-4.9,31.1,14.4,20.4,44.8,1006.1,1030.7,1018.9,3.2,35.6,20.2,13.7,27.1
1770814800,13.8,16.8,11.2,54.8,3.5,-3.1,32,14.7,20.7,44.5,1007.4,1030.9,1019.4,3.9,35.6,20.5,14.3,30
1770818400,15.2,19.6,9.7,52.2,3.4,-1.1,32,15.7,22.7,42.5,1006,1030.6,1019.3,7,37,22.5,15.8,24.8
1770822000,16,16.9,13.1,51.2,2.8,1.2,32,16.8,25.3,39.8,1006.4,1030.6,1019.2,10.2,37.9,25.2,17.7,21.2
1770825600,19.9,17.4,14.1,46.1,2.5,1.5,32,17.2,27.6,37.5,1005.9,1030.8,1019.1,13.1,39.9,27.5,19.5,14.7
1770829200,19.3,17.2,14.6,45.6,3.3,1.9,33.1,17.8,29.4,35.7,1005.5,1030.3,1018.6,15.3,43,29.3,21.1,9.5
1770832800,21.4,19.8,9.1,46.4,3.3,2.1,33.1,17.9,30.7,34.3,1005.4,1029.4,1018.1,17.2,45,30.7,22.4,7.3
1770836400,15.8,21.2,10.8,48.3,3.8,3,33.1,18.1,31.5,33.6,1005.3,1028.2,1017.4,18,46.4,31.4,23.3,5.1
1770840000,19.3,21.4,9.8,47.6,1.9,2.1,33.8,17.9,32,33.1,1005.1,1028.3,1017.4,18.1,46.9,31.9,23.8,4.7
1770843600,18.8,20.7,9.2,48.7,2.6,1.9,33.8,18,31.8,33.2,1005.9,1027.8,1017.4,18.1,46.9,31.8,23.7,3.9
1770847200,14.8,23.3,11.1,48.5,2.3,1.4,33.1,17.8,30.6,34.4,1006.4,1028.7,1017.9,17.2,46,30.6,22.5,5.3
1770850800,15.2,24.8,11,47.1,1.8,1.2,32,17.3,28.7,36.4,1006.5,1028.7,1018,15.3,42.1,28.6,21.1,9.8
1770854400,12.9,27.6,9.8,48.4,1.4,1.4,32,17.1,26.9,38.1,1006.5,1029.1,1018.5,14,39.2,26.9,19.6,14.6
1770858000,12.7,28.7,9.6,47.3,1.6,0.9,32,16.9,25.7,39.4,1006.4,1029,1018.6,11.1,39,25.6,18.6,17.8
1770861600,9.6,29.1,12.2,46.9,2.1,-0.4,32,16.5,24.5,40.6,1006.8,1029.8,1018.6,10,37,24.4,17.6,20.7
1770865200,9.1,27.9,12.4,48.5,2.1,-0.4,32,16.4,23.7,41.4,1006.3,1029.6,1018.8,9,37.4,23.6,17,24.7
1770868800,11.7,25.1,10.6,50.9,1.6,-0.9,32,16.1,23.2,42,1006.2,1029.5,1018.6,7.9,37,23,16.7,26.7
1770872400,12.6,27.8,10.2,48.9,0.5,-1,32,15.9,22.8,42.4,1005.9,1029.6,1018.6,7.3,37,22.6,16.3,25.9
1770876000,9.7,26.8,7.3,54.3,1.9,-1.1,32,15.7,22.4,42.8,1005.5,1029.7,1018.6,6.8,37,22.2,15.8,25.2
1770879600,11.7,27.2,5.2,53.9,2,-0.9,32,15.4,21.9,43.2,1005.1,1029.4,1018.4,6.3,36,21.8,15.7,30
1770883200,9.6,22.3,6.9,58.8,2.5,-2,32,15.5,21.9,43.4,1005.5,1029.5,1018.2,6.3,36,21.6,15.4,29.3
1770886800,10.4,24.3,6.2,57.4,1.7,-2,32,15.3,21.8,43.5,1005.7,1029.5,1018.1,6.1,36,21.5,15.2,29.5
1770890400,9.2,22.7,7.7,59,1.4,-1.8,31.1,15.1,21.5,43.7,1006.2,1029.9,1018.5,5,36,21.3,15,28.5
1770894000,11.9,23.5,8.3,54.9,1.4,-3.1,32,14.5,20.6,44.6,1006,1030,1018.5,3,36,20.4,13.9,26.5
1770897600,13.3,18.5,12.2,54.1,1.9,-4,31.1,14.5,20.4,44.8,1006.3,1030.5,1018.9,3.2,35.6,20.2,13.9,28
1770901200,14.2,18.4,11,52.9,3.5,-2.7,32,14.8,20.8,44.4,1007.4,1030.7,1019.4,3.9,36,20.6,14.4,30.7
1770904800,16,20.6,9.7,50.1,3.6,-0.9,32,16,22.9,42.2,1006.8,1030.5,1019.3,7,37,22.8,16,25.8
1770908400,15.4,17.9,13.5,50.3,2.8,1.2,32,17.1,25.6,39.5,1006.4,1030.4,1019.2,10.2,39,25.5,18.2,22
1770912000,19.4,17.8,14.8,45.7,2.3,1,32,17.5,28,37,1006.1,1030.4,1019.1,14.2,41,28,20.1,15.2
1770915600,18.2,17.2,15.4,45.5,3.7,1.9,34,18,29.9,35.2,1006,1030.2,1018.6,16,44.6,29.8,21.7,9.9
1770919200,21.4,19.8,10,45.5,3.3,2.1,33.8,18.1,31.2,33.8,1005.5,1029.1,1018,18,46,31.2,23.1,7.3
1770922800,16.4,21.1,11.7,47.4,3.3,2.1,33.8,18.4,32,33,1005.5,1027.9,1017.3,18.9,46.9,32,24,5.6
1770926400,18.4,21.1,10.3,47.8,2.4,2.1,34,18.2,32.4,32.6,1005.5,1027.9,1017.3,19.2,48,32.4,24.4,5.4
1770930000,18.4,20.8,9.4,48.3,3.1,1.9,34,18.3,32.4,32.6,1006.2,1027.3,1017.2,19.2,48,32.4,24.4,4.6
1770933600,15.3,22.5,11.1,49,2.1,1.4,33.8,18.1,31.3,33.8,1006.6,1028.1,1017.7,17.6,46.4,31.2,23.4,5.7
1770937200,16.1,24.1,10.8,47.1,1.8,1.2,33.8,17.6,29.2,35.9,1007,1028.2,1017.9,15.8,43,29.1,21.7,10
1770940800,12.1,27,10.3,48.7,1.9,1.4,33.1,17.5,27.5,37.6,1006.7,1028.9,1018.4,14.2,39.9,27.4,20.4,15.6
1770944400,12.2,28.6,8.9,48.7,1.6,1,33.1,17.4,26.3,38.8,1006.8,1028.6,1018.5,12.2,39.9,26.2,19.4,18.2
1770948000,10.3,28.9,11.7,47.1,2.1,0.6,32,17,25,40.1,1006.9,1028.9,1018.5,10.2,37.9,24.9,18.3,20.6
1770951600,9.4,27.9,11.7,48.8,2.1,0.1,32,16.9,24.3,40.9,1006.5,1029.2,1018.7,9.1,37.9,24.1,17.8,25.4
1770955200,11.5,25.4,10.6,50.9,1.6,-0.2,33.1,16.6,23.7,41.5,1006.3,1029,1018.5,8.2,37.9,23.5,17.5,27.1
1770958800,11.8,27.5,10.2,50,0.5,-0.6,33,16.4,23.3,41.9,1006,1029.2,1018.5,7.7,37.5,23.1,17,26.5
1770962400,9.5,28.2,6.6,54.1,1.7,-0.9,32.9,16.2,22.8,42.3,1005.6,1029.3,1018.4,7.2,37,22.7,16.5,25.9
1770966000,11.2,27.6,4.7,54.5,2,-0.8,32,16,22.5,42.7,1005.1,1029.1,1018.2,7,37,22.3,16.4,29.9
1770969600,8.6,22.6,6.6,59.7,2.5,-0.9,32,16.1,22.4,42.8,1005.5,1028.9,1017.9,6.8,36,22.2,16.2,30.9
1770973200,9.1,23.5,6.9,59,1.5,-1.8,32,15.9,22.3,42.9,1005.7,1029.1,1017.9,6.8,37,22.1,16,30.6
1770976800,8.9,22.4,8,59.3,1.4,-1.1,32,15.7,21.9,43.2,1006.2,1029.5,1018.3,5.2,36,21.8,15.7,29.4
1770980400,11.2,23.5,8.6,55.1,1.7,-2.7,32,15.2,21.1,44.1,1006.2,1029.8,1018.3,3.9,36,20.9,14.5,26
1770984000,12.9,18.3,11.7,55,2.1,-3.1,32,15.1,21,44.2,1006.5,1030.1,1018.7,3.9,36,20.8,14.7,29.3
1770987600,13.3,18.6,10.3,53.8,4,-2,33.1,15.4,21.3,43.8,1007.4,1030.6,1019.2,5,36,21.2,15.2,31.7
1770991200,15.7,20,10.1,50.2,3.9,-0.4,33.1,16.7,23.7,41.5,1007,1030.4,1019.1,7.2,37.4,23.5,16.9,25.9
1770994800,15.7,18,13.3,50.2,2.8,1.9,32,17.7,26.4,38.8,1006.8,1030,1019,11.1,39,26.2,19.1,22.1
1770998400,18.7,18,14.5,46.2,2.5,1.9,33.1,18,28.7,36.3,1006.5,1030.1,1018.9,15.3,42.1,28.7,21,14.3
1771002000,17.7,17.2,15.1,46.3,3.7,3,34,18.6,30.6,34.5,1006,1029.7,1018.5,16.2,45,30.5,22.6,9.2
1771005600,20.8,19.4,11,45.9,2.8,2.8,33.8,18.6,31.9,33.1,1005.4,1029,1017.8,18.9,46.9,31.9,23.9,6.5
1771009200,17,20.7,11.2,47.6,3.5,3.2,33.8,18.8,32.7,32.3,1005.3,1027.6,1017.1,19.4,48,32.7,24.8,5.3
1771012800,18.9,20.3,10,48.6,2.2,3,34,18.7,33.1,32,1004.9,1027.7,1017.1,20.1,48.2,33,25.3,4.7
1771016400,18.9,20,9,49.1,3.1,2.1,34,18.7,33.1,31.9,1005.3,1027,1017,19.9,48.2,33.1,25.3,3.9
1771020000,15.6,21.9,11,49.7,1.9,2.1,34,18.5,31.9,33.1,1005.4,1027.8,1017.4,18.1,46.9,31.9,24.2,5.3
1771023600,15.4,23.9,10.8,48,1.8,2.1,33.8,18.1,29.9,35.2,1006.1,1028.1,1017.7,17.2,44.6,29.8,22.6,10.2
1771027200,11.4,26.9,10.4,49.7,1.6,2.1,33.8,18,28.1,37,1006.3,1028.8,1018.1,14.9,41,28,21.1,15.3
1771030800,11.9,29,8,49.4,1.6,1.9,33.1,17.9,26.9,38.2,1006,1028.6,1018.2,12.9,39.9,26.8,20.1,17.6
1771034400,10.4,28.7,11.3,47.5,2.1,1,33.1,17.5,25.6,39.6,1006.1,1028.7,1018.3,10.4,39.2,25.4,19,21
1771038000,9.6,27.1,12.1,49.3,1.9,0.9,32,17.4,24.8,40.4,1006,1028.9,1018.5,9.9,37.9,24.6,18.4,25.8
1771041600,11.8,24.5,10.8,51.5,1.4,0.3,33.1,17.2,24.3,40.9,1005.6,1029,1018.3,8.2,38.8,24.1,18.3,27.4
1771045200,11.7,27.4,10,50.5,0.5,-0.2,33.1,16.9,23.8,41.4,1005.4,1029.2,1018.3,8.1,38.1,23.6,17.8,26.9
1771048800,9.7,27.9,6.8,54.1,1.5,-0.8,33.1,16.7,23.3,41.9,1005.1,1029.3,1018.2,7.9,37.4,23.1,17.2,26.4
1771052400,11.2,27.7,4.5,54.6,2,-0.8,33.1,16.5,22.9,42.3,1005,1029.1,1017.9,7,37.4,22.7,16.9,29.7
1771056000,9.3,22.7,6.6,59.2,2.2,-0.8,33.1,16.6,22.8,42.4,1005.2,1029.1,1017.7,6.8,36,22.6,16.8,31.3
1771059600,9.1,23.2,7.2,59,1.5,-1.8,32.9,16.5,22.8,42.4,1005.5,1029.2,1017.7,6.8,37,22.6,16.6,30.3
1771063200,8.7,21.7,8,59.9,1.7,-0.9,33.1,16.2,22.3,42.9,1006.2,1029.5,1018.1,5.2,36.9,22.1,16.3,29.7
1771066800,10.5,23.6,8.1,56.1,1.7,-2.7,33.8,15.9,21.7,43.5,1005.7,1029.8,1018.1,3.9,36.9,21.5,15.3,26.3
1771070400,13.1,18,11.4,55.6,1.9,-2.7,33.1,15.8,21.6,43.6,1005.8,1030.1,1018.5,5,37,21.4,15.5,29.6
1771074000,13.8,18.1,9.9,54.2,4,-1.1,34,16.1,22,43.1,1006.9,1030.7,1019,5.2,37,21.9,16,31.7
1771077600,15.8,19.4,9.7,51.7,3.4,0.5,33.8,17.4,24.3,40.9,1006.6,1030.5,1018.9,8.6,37.9,24.1,17.6,25.2
1771081200,16.5,16.5,13.2,50.8,2.8,2.1,33.1,18.4,27,38.1,1006.4,1030.5,1018.8,12.2,39.9,26.9,19.9,21.4
1771084800,19.3,16.5,13.7,47.9,2.6,3.2,33.1,18.6,29.3,35.7,1006.1,1030.5,1018.8,15.8,42.8,29.3,21.7,14.5
1771088400,18.3,15.9,15.2,46.8,3.7,3.2,34,19.2,31.2,33.9,1006,1030.1,1018.3,17.2,45,31.1,23.4,9.4
1771092000,22,17.7,11.1,46.3,2.8,3,34,19.1,32.5,32.5,1005.4,1029.1,1017.7,19.2,46.9,32.5,24.7,6.7
1771095600,17.8,19.4,10.8,48.2,3.7,3.2,34,19.3,33.3,31.8,1005.3,1027.6,1017.1,19.9,48.2,33.2,25.5,5.6
1771099200,18.6,19.3,10,49.9,2.1,3.2,35.6,19.4,33.7,31.4,1004.9,1027.7,1016.9,20.8,48.9,33.6,26,4.9
1771102800,18.2,19.9,8.7,50.1,3.1,3,34,19.3,33.6,31.4,1005,1027.1,1016.8,20.1,48.9,33.6,26,3.9
1771106400,14.9,21.4,10.7,51,1.9,2.8,35.1,19.1,32.6,32.5,1004.6,1027.9,1017.3,19.2,48,32.5,25,5.5
1771110000,15.2,23,10.8,49.2,1.8,2.1,34,18.7,30.5,34.6,1005.6,1028.1,1017.5,17.2,45,30.4,23.4,9.6
1771113600,11.4,26,10.2,50.7,1.6,3,34,18.6,28.7,36.3,1005.7,1028.7,1018,15.8,42.1,28.7,22,14.5
1771117200,12.4,27.6,7.7,50.6,1.6,2.1,33.8,18.5,27.5,37.6,1005.9,1028.6,1018.1,14,41,27.4,20.9,18
1771120800,10.9,28.1,10.2,48.6,2.1,1.9,33.8,18.1,26.2,39,1006.1,1028.8,1018.3,10.9,39.2,26,19.7,21.3
1771124400,10.7,26.4,11.4,49.3,2.1,1.2,33.1,18,25.3,39.8,1006,1028.5,1018.4,10.2,38.8,25.2,19.1,26.1
1771128000,11.5,24.5,10.6,52,1.4,0.1,33.8,17.8,24.9,40.3,1005.8,1028.7,1018.2,8.6,39.2,24.7,18.9,26.9
1771131600,10.9,27,10.7,50.7,0.7,-0.1,33.5,17.5,24.4,40.8,1005.6,1028.9,1018.2,8.4,38.5,24.1,18.3,26.5
1771135200,8.3,28.2,7,55.1,1.5,-0.4,33.1,17.1,23.8,41.4,1005.4,1029.1,1018.1,8.2,37.9,23.6,17.7,26.1
1771138800,9.7,27.9,5,55.1,2.2,-0.4,33.1,16.9,23.3,41.9,1005.2,1029.1,1017.9,7.9,37.4,23.1,17.3,28.9
1771142400,9.8,22.2,6.6,58.9,2.4,-0.4,33.1,17.1,23.3,41.9,1005.2,1029.1,1017.6,7,37,23.1,17.3,31.5
1771146000,8.4,23.4,7.1,59.6,1.5,-0.8,33.8,16.9,23.3,41.9,1005.8,1029.2,1017.6,7,37.4,23.1,17.1,29.6
1771149600,8.2,21.7,7.7,60.5,1.9,-0.4,33.8,16.7,22.8,42.4,1006.2,1029.9,1018,6.8,37.4,22.6,16.9,30.4
1771153200,10,23.2,8.1,56.7,1.9,-2,34,16.4,22.2,43,1006.2,1029.9,1018.1,6.1,37,22,15.8,25.2
1771156800,13,17.6,10.9,56.1,2.3,-2,33.8,16.3,22.2,43,1006.1,1030.1,1018.4,5,37,22,16.1,29.5
1771160400,13.8,17.6,9.9,54.7,4,-0.4,34,16.7,22.5,42.6,1007,1030.7,1018.9,6.3,37,22.4,16.6,32
1771164000,16.3,18.5,9.5,52.1,3.6,1.2,34,17.9,24.9,40.3,1006.6,1030.5,1018.9,9.1,38.8,24.7,18.3,23.3
1771167600,17,15.8,12.5,51.8,2.8,2.8,34,19,27.5,37.6,1006.4,1030.5,1018.7,13.1,41,27.4,20.5,20.5
1771171200,19.1,16,13.3,49.1,2.6,3.2,33.1,19.1,29.8,35.3,1006.1,1030.5,1018.8,16,43,29.7,22.3,14.8
1771174800,18.3,15.7,15,47.4,3.5,3.2,35.1,19.7,31.7,33.4,1005.5,1030.2,1018.3,17.2,45,31.6,24,9.5
1771178400,22.9,17.7,11.1,45.5,2.8,3,34,19.6,33,32,1005.3,1029.4,1017.7,19.2,48,33,25.4,7
1771182000,18.6,18.6,10.9,47.7,4.2,3.2,35.1,19.8,33.8,31.3,1004.7,1028.1,1017,19.9,48.9,33.7,26.2,5.5
1771185600,19.2,19,9.5,50.1,2.1,3.2,36,19.9,34.2,30.9,1004.6,1028.1,1016.8,21.2,48.9,34.1,26.7,5.1
1771189200,18.5,19.2,9,50.5,2.8,3,35.1,19.8,34.1,30.9,1004.8,1027.3,1016.8,20.1,48.9,34.1,26.7,4.2
1771192800,14.4,20.2,10.9,52.8,1.6,3,35.6,19.7,33.1,32,1004.5,1028.1,1017.1,19.4,48.2,33,25.8,5.5
1771196400,14.7,21.8,10.3,51,2.1,3,34,19.3,31,34.1,1005.3,1028.4,1017.5,17.6,46,30.9,24.1,9.9
1771200000,11,24.5,10.3,52.8,1.4,3.2,34,19.1,29.2,35.9,1005.6,1028.9,1017.9,15.8,42.8,29.1,22.6,15.2
1771203600,11.9,26.5,7.3,52.9,1.4,3,34,19.1,28.1,37.1,1005.8,1028.8,1018,14,41,27.9,21.5,17.1
1771207200,10,26.9,10.2,50.9,2.1,2.1,33.8,18.6,26.8,38.3,1005.7,1028.9,1018.1,11.8,39.9,26.7,20.4,22.1
1771210800,9.8,25.4,11.7,51,2.1,1.4,33.8,18.5,26,39.2,1005.4,1028.9,1018.3,10.4,39.2,25.8,19.8,25.3
1771214400,11.5,23.9,9.8,53.4,1.4,1,33.8,18.3,25.6,39.6,1005.1,1028.7,1018,9,39.9,25.4,19.6,26.3
1771218000,10.6,26.2,10.2,52.2,0.7,0.6,33.8,18.1,25.1,40.2,1005,1028.9,1018,8.8,39.5,24.9,19,25.5
1771221600,8.2,27.5,6.8,56,1.4,0.1,33.8,17.8,24.5,40.7,1005,1029.1,1017.9,8.6,39,24.3,18.3,24.7
1771225200,10,27,5.3,55.5,2.3,0.6,33.8,17.6,24,41.3,1005,1029.1,1017.7,8.1,37.9,23.7,18,27.9
1771228800,9.1,21.8,6.9,59.8,2.5,1.2,34,17.6,23.9,41.3,1005.1,1029.1,1017.4,7.9,37.9,23.7,18,30.1
1771232400,7.9,23.1,7.2,60.5,1.2,0.7,34,17.5,23.8,41.4,1005.5,1029.1,1017.4,7.2,38.8,23.6,17.7,28.6
1771236000,7.5,21.2,7.7,61.7,1.9,0.1,34,17.3,23.4,41.8,1006,1029.5,1017.8,7,37.9,23.2,17.6,29.9
1771239600,10,21.9,7.4,59,1.7,-0.8,34,17.1,22.9,42.3,1005.7,1029.8,1017.9,6.3,37.4,22.7,16.6,24.9
1771243200,12.3,17.2,10.4,57.8,2.3,-0.8,34,17,22.8,42.4,1005.8,1030,1018.2,5.2,37.9,22.6,16.9,29.1
1771246800,13.1,16.9,9.2,56.3,4.5,0.1,34,17.4,23.2,41.9,1006.9,1030.6,1018.8,6.8,37.4,23.1,17.5,32.1
1771250400,17,17.2,8.7,53.4,3.6,1.9,34,18.5,25.5,39.7,1006.6,1030.4,1018.7,10.2,39,25.3,18.9,23.3
1771254000,17.7,15.1,12.1,52.2,2.8,3,34,19.4,28,37.1,1006.4,1030.4,1018.6,13.1,41,27.9,21,20.9
1771257600,19.6,15.6,12.8,49.7,2.3,3.2,34.9,19.5,30.3,34.8,1006.3,1030.4,1018.7,16.9,44.6,30.2,22.9,13.9
1771261200,17.7,15.1,14.9,48.8,3.5,3.9,35.6,20.1,32.1,33,1006,1030.1,1018.1,18.9,46.4,32,24.5,8.6
1771264800,22.4,16.7,10.6,47.6,2.6,3.2,36,20.1,33.5,31.6,1005.3,1029.4,1017.5,19.4,48.2,33.4,25.9,6.5
1771268400,17.9,17.9,11,49,4.2,3.2,36,20.2,34.2,30.9,1005,1028,1016.9,20.1,50,34.1,26.7,5.3
1771272000,18.4,18.4,9.5,51.8,1.9,3.2,36,20.2,34.5,30.6,1004.8,1028.1,1016.8,21.2,48.9,34.4,27.1,4.7
1771275600,18,19.1,8.7,51.8,2.4,3,36,20.2,34.4,30.7,1004.8,1027.3,1016.7,21,50,34.3,27,3.7
1771279200,13.4,19.7,11.1,54.2,1.6,3.2,36,20.1,33.3,31.7,1004.5,1028,1017,19.4,48.2,33.3,26.2,5.5
1771282800,13.8,20.9,10.1,52.6,2.5,3,35.1,19.7,31.3,33.8,1005.3,1028.4,1017.4,18.1,46,31.2,24.4,9.4
1771286400,10,23.3,9.8,55.5,1.4,3.2,34,19.5,29.6,35.5,1005.6,1028.9,1017.8,15.8,42.8,29.5,22.9,14.7
1771290000,11.7,26,6.8,54.1,1.4,3,34,19.5,28.4,36.7,1005.8,1028.7,1017.9,14,42.1,28.3,21.9,17.8
1771293600,10,26,9.5,52.6,1.9,2.1,34,19.1,27.2,38,1005.2,1028.9,1018.1,11.8,39.9,27,20.8,21.8
1771297200,11,24.5,10.5,51.9,2.1,1.9,33.8,19,26.4,38.8,1005.3,1029.2,1018.2,10.4,39.9,26.2,20.3,25.2
1771300800,11.5,23.9,9.1,54.1,1.4,1.2,34,18.8,26,39.2,1005.1,1029,1017.9,9,39.9,25.8,20,25.2
1771304400,10.6,26.5,9,53,0.9,1.1,34,18.5,25.4,39.8,1005,1029.2,1017.8,9,39.5,25.2,19.4,24.7
1771308000,7.7,28.1,5.8,57.1,1.2,1,34,18.1,24.8,40.4,1004.9,1029.4,1017.8,9,39,24.6,18.7,24.2
1771311600,9.7,26.2,5.5,56.4,2.2,1.2,34,17.9,24.3,40.9,1005,1029.2,1017.7,8.6,37.9,24.1,18.3,26.9
1771315200,8.8,20.6,7.8,60,2.7,1.4,34,17.9,24.2,41,1004.5,1029.4,1017.3,8.2,37.9,24,18.3,28.9
1771318800,7.7,23,7.4,60.5,1.5,1,34,17.7,24.1,41.1,1004.8,1029.3,1017.4,8.2,38.8,23.9,18.1,28.5
1771322400,7.5,21.3,7.2,62.1,1.9,0.1,34,17.5,23.7,41.5,1005.5,1030,1017.8,7.2,37.9,23.5,17.9,30.2
1771326000,9.5,20.9,7.1,60.6,1.9,-0.8,34,17.3,23.2,42,1005.1,1029.9,1017.8,6.8,37.4,23,17,24.5
1771329600,12.3,16.5,11.6,57.2,2.3,-0.4,34,17.2,23.1,42.1,1005.2,1030.1,1018.2,6.3,37.9,22.9,17.2,29.3
1771333200,13.6,16.7,9.9,55.4,4.5,1,35.1,17.6,23.5,41.6,1006.2,1030.6,1018.7,6.8,37.9,23.4,17.8,32.4
1771336800,16.8,17.8,9,52.9,3.4,1.9,34,18.7,25.8,39.4,1005.9,1030.5,1018.6,10.4,39.2,25.6,19.3,22.7
1771340400,17.8,15.7,11.9,51.8,2.9,3,35.1,19.6,28.3,36.9,1005.9,1030.5,1018.5,14,41,28.1,21.3,20
1771344000,19.5,15.7,12.4,49.8,2.6,3.2,35.1,19.7,30.5,34.6,1005.7,1030.4,1018.6,16.9,45,30.4,23.2,14
1771347600,18.8,14.8,13.6,49.2,3.5,3.9,36,20.2,32.3,32.8,1005.3,1030.1,1018.1,19,46.4,32.2,24.8,8.8
1771351200,23.2,16.1,10.2,47.8,2.8,3.2,36.9,20.2,33.6,31.5,1004.9,1029.4,1017.5,19.9,48.2,33.5,26.1,6.7
1771354800,17.9,16.9,11.3,49.9,4,4.1,37,20.3,34.3,30.7,1004.1,1028.1,1016.8,21.2,50,34.3,27,5.9
1771358400,19,17.3,10.1,51.7,1.9,3.2,36,20.3,34.6,30.5,1004.3,1028.1,1016.7,21.2,48.9,34.5,27.3,5.2
1771362000,17.8,18.8,9.3,51.3,2.9,3.2,36.9,20.2,34.5,30.6,1004.3,1027.3,1016.7,21.2,50,34.4,27.2,4.2
1771365600,14.9,19.1,11,53.8,1.2,3.2,36,20.1,33.4,31.6,1003.8,1027.6,1017,20.1,48.9,33.4,26.3,5.3
1771369200,14.1,20.6,11.1,52.2,2.1,3,35.6,19.7,31.4,33.7,1005,1028.4,1017.4,18.1,46,31.3,24.5,9.9
1771372800,10.3,22.7,10,55.6,1.4,3.2,35.1,19.5,29.6,35.5,1005.6,1028.9,1017.8,16.2,43,29.5,23,15
1771376400,12.2,26.2,6.6,53.6,1.4,3.2,34,19.5,28.5,36.6,1005.7,1028.6,1017.9,14.2,42.8,28.4,22.1,18.5
1771380000,11,25.5,9.6,52.3,1.6,2.8,34,19.2,27.3,37.9,1005.2,1028.9,1018.1,11.8,39.9,27.1,20.9,21.7
1771383600,11.6,24.5,10.1,51.7,2.1,2.1,34,19.2,26.5,38.7,1005.3,1029.2,1018.2,10.4,39.9,26.3,20.5,25.1
1771387200,11.5,23.7,9.4,54.2,1.2,1.9,34,18.8,26,39.2,1005.1,1028.8,1017.9,9,39.9,25.8,20.1,26.4
1771390800,10.4,26.3,10,52.4,0.9,1.9,34,18.5,25.4,39.8,1005,1029.2,1017.8,9,39.5,25.2,19.4,26
1771394400,8,28.5,6.1,56.4,1,1.9,34,18.2,24.8,40.4,1004.9,1029.5,1017.8,9,39,24.6,18.7,25.6
1771398000,10.8,26,6.3,54.5,2.5,1.4,33.8,17.9,24.3,40.9,1005,1029.3,1017.7,8.6,37.9,24.1,18.3,27
1771401600,8.7,20.3,7.7,60.6,2.7,1.9,34,17.9,24.2,41,1005,1029.1,1017.4,8.2,37.4,24,18.2,28.1
1771405200,7.2,23,7.7,60.4,1.7,1.4,34,17.7,24,41.2,1005.2,1029.5,1017.4,8.2,38.8,23.8,17.9,27.3
1771408800,8.2,22.2,7,60.6,1.9,1.2,34,17.6,23.7,41.5,1005.7,1030,1017.8,7.2,37.9,23.5,17.9,29.9
1771412400,10,20.9,7.3,59.7,2.1,0.1,34,17.4,23.2,42,1005.3,1030.1,1017.9,6.8,37.4,23,16.9,24
1771416000,12.8,16.6,11.9,56.2,2.6,0.1,34,17.3,23.1,42.1,1005.4,1030.5,1018.2,6.3,37.9,22.9,17.1,28.3
1771419600,13.6,17.6,10.1,53.9,4.7,1.2,35.1,17.6,23.6,41.6,1006.3,1030.8,1018.8,6.8,37.9,23.4,17.7,31.1
1771423200,17.2,18.2,9.2,51.9,3.4,1.9,34,18.8,25.9,39.3,1006,1030.7,1018.6,10.4,39.2,25.7,19.2,21.3
1771426800,18.8,16.7,11.7,50.2,2.6,3,35.6,19.5,28.3,36.8,1006.1,1030.7,1018.6,14,42.1,28.2,21.2,18.4
1771430400,18.5,16.7,12.7,49.3,2.8,3.2,35.1,19.5,30.5,34.5,1005.7,1030.7,1018.7,16.9,45,30.5,23.1,13.3
1771434000,19,15.6,13.7,48.3,3.3,3.2,36,20.1,32.4,32.7,1005.4,1030.2,1018.1,19,46.9,32.3,24.8,8.4
1771437600,21.7,17.5,10.6,47.6,2.6,3.2,37.4,20.1,33.7,31.4,1005.2,1029.6,1017.6,19.9,48.2,33.6,26.2,6.3
1771441200,17.4,17.4,12.2,49.3,3.8,4.1,37.4,20.2,34.4,30.6,1004.7,1028.3,1016.9,21.2,50,34.4,27.1,6.1
1771444800,18.4,17.9,10.8,50.2,2.6,3.2,37,20.3,34.7,30.4,1004.4,1028.3,1016.9,21.2,50,34.6,27.4,5.2
1771448400,16.6,19.9,10,50.9,2.6,3.2,37,20.2,34.5,30.5,1004.3,1027.4,1016.8,21.2,50,34.5,27.3,4.2
1771452000,15.4,19.6,10.5,53,1.4,3.2,36.9,20.1,33.6,31.5,1004,1027.6,1017,20.1,48.9,33.5,26.5,5.3
1771455600,13.9,20.8,11.3,51.6,2.3,3.2,35.6,19.7,31.5,33.6,1005.3,1028.4,1017.4,18.1,46,31.4,24.6,9.2
1771459200,10,23.3,10.7,54.3,1.6,3.9,35.1,19.5,29.7,35.4,1005.7,1029,1017.9,16.2,43.9,29.6,23.2,14.4
1771462800,12.3,26.7,6.5,52.8,1.6,3.2,34.9,19.5,28.6,36.6,1005.8,1028.8,1018,14,42.8,28.4,22.1,17.7
1771466400,10.7,26.1,9.1,52.7,1.4,2.8,34,19.2,27.3,37.9,1005.7,1029.1,1018.2,11.8,39.9,27.1,20.9,21.1
1771470000,11.8,24.9,9.6,51.3,2.4,2.1,35.1,19.2,26.5,38.7,1005.6,1029.3,1018.3,10.4,39.9,26.3,20.5,24.3
1771473600,11,23.8,10.3,54.3,0.7,1.9,34,18.9,26,39.2,1005.1,1029.3,1018,9,39.9,25.8,20.2,26.3
1771477200,11.3,25.5,9.9,51.8,1.4,2,33.9,18.6,25.4,39.8,1005.1,1029.4,1018,9,39.5,25.3,19.4,26.4
1771480800,8.3,28.2,6.8,55.6,1.2,2.1,33.8,18.3,24.9,40.3,1005.1,1029.5,1017.9,9,39,24.7,18.7,26.5
1771484400,10.6,26.4,6.3,54.2,2.5,1.9,33.1,17.9,24.3,40.9,1005.1,1029.4,1017.7,9,37.9,24.1,18.3,26.7
1771488000,8.7,20.4,8.2,60.2,2.5,1.9,33.8,18,24.2,41,1005.1,1029.5,1017.4,8.6,37.4,24,18.2,27.5
1771491600,7.9,22.8,7.7,59.9,1.7,1.9,33.8,17.8,24.1,41.1,1005.4,1029.5,1017.5,8.6,37.9,23.9,17.9,26.8
1771495200,8.2,21.7,7.2,60.9,1.9,1.2,34,17.6,23.7,41.5,1006,1030,1017.9,8.2,37.4,23.5,17.8,28.9
1771498800,9.9,21,7.6,60,1.4,0.9,34,17.4,23.2,42,1005.7,1030.2,1018,6.8,37,23,16.9,24
1771502400,14,16,11.6,55.8,2.6,1,34,17.4,23.1,42.1,1005.7,1030.6,1018.3,6.3,37.9,22.9,17.1,28.3
1771506000,15,16.9,11,52.6,4.5,1.4,34,17.8,23.6,41.6,1006.4,1030.9,1018.9,6.8,37.4,23.4,17.6,29.6
1771509600,18.7,17.5,10.2,50.5,3.2,2.1,34,19,26,39.1,1005.9,1030.8,1018.7,10.4,39.2,25.9,19.4,22.4
1771513200,20.3,16.5,11.7,49.4,2.1,3.2,35.1,19.7,28.5,36.6,1005.7,1030.8,1018.7,14,42.1,28.4,21.4,18.3
1771516800,19,16.7,12.2,49.5,2.6,3.2,35.1,19.7,30.7,34.4,1005.6,1030.8,1018.8,16.9,45,30.6,23.3,13.5
1771520400,19.4,15.6,13.2,48.2,3.5,3.9,36,20.3,32.5,32.6,1005.3,1030.3,1018.3,19,46.9,32.4,25,8.6
1771524000,21.2,18.2,9.9,48.8,1.9,3.2,36.9,20.3,33.7,31.3,1004.6,1029.7,1017.6,20.8,48.2,33.7,26.3,6.3
1771527600,18,17.5,11.6,49.3,3.6,4.1,37.4,20.4,34.5,30.5,1004.2,1028.9,1017.1,21.2,50,34.5,27.3,6.6
1771531200,18.5,18.3,11.1,49.8,2.4,3.2,37,20.5,34.8,30.3,1004,1028.8,1017,21.9,50,34.7,27.7,5.2
1771534800,16.4,20,10,50.4,3.3,3.9,36.9,20.3,34.7,30.4,1003.7,1027.5,1016.9,21.2,50,34.6,27.5,4.7
1771538400,15.7,19.4,11.2,52.2,1.4,3.2,36.9,20.3,33.7,31.3,1003.7,1028.1,1017.1,20.8,48.9,33.7,26.7,5.1
1771542000,13.7,21.3,11.3,51.6,2.1,3.2,35.6,19.9,31.7,33.4,1004.8,1028.7,1017.6,18.9,46,31.6,24.8,9.4
1771545600,9.6,24.6,9.8,54.6,1.4,3.9,35.1,19.7,29.9,35.2,1005.6,1029.3,1018.1,17.1,43.9,29.8,23.4,15
1771549200,11.6,28.6,6,52.1,1.6,3.2,34.9,19.7,28.7,36.4,1005.3,1029.1,1018.1,14.2,42.8,28.6,22.4,18.6
1771552800,9.7,26.7,9,52.9,1.6,3,34,19.5,27.5,37.7,1005.2,1029.6,1018.3,12.2,39.9,27.3,21.3,21.5
1771556400,11.8,25.7,9.2,50.9,2.4,2.8,34,19.4,26.7,38.5,1005.1,1029.7,1018.3,10.9,39.9,26.5,20.8,24.8
1771560000,11.6,24.7,9.8,53.5,0.5,2.1,34,19.1,26.2,39,1005.1,1029.5,1018.1,9.9,39.9,26,20.5,26.6
1771563600,11,25.6,10.6,51.4,1.4,2.1,33.9,18.8,25.6,39.2,1005,1029.5,1018,8.6,39.9,25.8,19.8,26.9
1771567200,7.2,28.7,6.8,56,1.2,2.1,33.8,18.5,25,40.2,1005,1029.6,1017.9,9,39,24.8,19,27.1
1771570800,10.3,27.5,6,53.9,2.3,1.9,33.1,18,24.3,40.9,1005,1029.6,1017.8,9.1,37.9,24.1,18.5,27.4
1771574400,7.9,21.3,8.4,59.7,2.7,1.9,33.8,18.2,24.3,40.9,1004.6,1029.5,1017.4,8.6,37.4,24.1,18.4,28.4
1771578000,7.9,24.2,6.9,59.3,1.7,2.8,33.8,17.9,24.1,41.1,1005,1029.5,1017.5,8.6,37.9,23.9,18.1,27
1771581600,8.2,22.6,6.7,60.6,1.9,1.4,34,17.7,23.7,41.5,1005.5,1030,1017.9,8.1,37.4,23.5,17.9,29.1
1771585200,9.4,21.2,7.5,60,1.9,1.2,34,17.7,23.3,41.8,1005.4,1030.2,1018,7.2,37,23.2,17.1,24.3
1771588800,14.4,16.5,11.1,55.9,2.1,1.2,34,17.6,23.2,41.9,1005.2,1030.6,1018.3,6.3,37.9,23.1,17.3,28.1
1771592400,14.5,17.5,11.2,52.9,4,1.9,34,18.1,23.8,41.3,1005.9,1030.8,1018.8,7,37.4,23.7,17.9,30.2
1771596000,17.9,17.4,11.4,50.5,2.9,3.2,34,19.3,26.2,38.9,1005.4,1030.8,1018.8,11.1,39.2,26.1,19.7,22.6
1771599600,20.8,16.5,12.5,48,2.1,3.9,35.1,20,28.8,36.4,1004.9,1030.8,1018.7,14.9,42.1,28.6,21.8,18.9
1771603200,18.8,17,12.3,49.5,2.3,3.9,35.1,20.1,31,34.1,1005.6,1030.7,1018.7,17.6,45,30.9,23.7,13.4
1771606800,19.4,16.3,13,47.8,3.5,4.1,36,20.5,32.9,32.2,1005.3,1030.3,1018.2,19.2,46.9,32.8,25.6,8.8
1771610400,21.1,18.5,10.3,48.1,1.9,4.1,37.4,20.6,34.2,30.9,1004.7,1029.7,1017.6,21.2,50,34.1,26.9,6.2
1771614000,18,18,12.3,48.2,3.5,5,37.4,20.6,34.9,30.1,1004.2,1028.4,1017.1,21.9,50,34.9,27.8,6.3
1771617600,18.8,19.2,10.8,48.8,2.4,3.9,37,20.7,35.3,29.7,1003.7,1028.8,1016.9,22.1,50,35.3,28.4,4.7
1771621200,16.3,20.8,9.7,50.1,3.1,4.1,36.9,20.5,35,30,1003.7,1027.4,1016.8,21.9,50,35,28,4.2
1771624800,16.6,20.4,10.5,51.3,1.2,3.9,36.9,20.4,34.1,30.9,1003.7,1028,1017,21,50,34.1,27.2,4.6
1771628400,14.5,21.9,11.5,50,2.1,3.9,35.6,20.1,32.1,32.9,1004,1028.9,1017.5,19.2,46.4,32.1,25.4,9
1771632000,9.5,24.7,10.5,53.7,1.6,3.9,35.1,19.9,30.3,34.8,1005.5,1029.4,1018,17.6,44.1,30.2,23.9,14.3
1771635600,10.7,28.8,7,52,1.6,3.2,34.9,19.9,29,36.1,1005.2,1029.3,1018,14.9,42.8,28.9,22.9,19.5
1771639200,8.8,27.2,9.5,53,1.4,3,34,19.7,27.7,37.4,1005.2,1029.6,1018.3,12.9,41,27.6,21.7,23
1771642800,11.3,25.9,9.4,51.4,1.9,2.8,34,19.6,26.9,38.2,1005.3,1029.9,1018.3,11.8,39.9,26.8,21.2,25.3
1771646400,11.1,24.1,10.4,53.9,0.5,2.8,34,19.3,26.4,38.7,1005.1,1029.6,1018.1,10.9,39.9,26.3,20.9,27.4
1771650000,10,25.2,10,53.3,1.4,2.5,34,19,25.8,38.8,1005.1,1029.6,1018,9.1,41,26.2,20.1,27.1
1771653600,7.5,28.4,6.3,57.2,0.7,2.1,34,18.7,25.2,39.9,1005.1,1029.6,1017.9,10,39,25.1,19.4,26.8
1771657200,9.8,26.3,6.5,55.5,2,1.9,33.1,18.2,24.5,40.6,1005,1029.6,1017.8,9.1,37.9,24.4,18.8,27.6
1771660800,8.2,21.3,7.9,60.3,2.2,1.9,33.8,18.3,24.4,40.7,1004.9,1029.5,1017.3,9,37.4,24.3,18.7,28.1
1771664400,8.8,24,6.1,59.4,1.7,3,33.8,18.1,24.3,40.8,1005,1029.5,1017.5,9.1,38.8,24.2,18.3,25.5
1771668000,8.4,22,6.2,61.1,2.4,2.1,34,17.9,23.9,41.2,1005.5,1030,1017.9,8.6,37.9,23.8,18.1,28
1771671600,9.6,20.8,6.8,60.9,1.9,1.9,34,17.9,23.5,41.6,1005.4,1030.1,1018,9,37.4,23.4,17.5,24.5
1771675200,13.7,16.5,10.4,57.3,2.1,1.4,34,17.9,23.5,41.6,1005.2,1030.5,1018.3,6.8,37.9,23.4,17.7,27.7
1771678800,14.7,17.4,11.2,53.5,3.3,2.8,34.9,18.4,24.1,41,1005.6,1030.8,1018.7,8.2,37.9,24,18.3,30.2
1771682400,18.8,17.1,10.6,50.4,3.1,3.9,34,19.6,26.5,38.6,1005.1,1030.8,1018.7,12.2,39.2,26.4,20.1,22.2
1771686000,21.9,16.4,12.6,47.3,1.9,4.1,35.6,20.3,29,36,1004.8,1030.8,1018.7,15.3,42.1,29,22.2,18.5
1771689600,19.2,16.4,11.9,50.5,2.1,4.1,35.1,20.5,31.3,33.7,1005.4,1030.5,1018.6,18,45,31.3,24.3,13.6
1771693200,19.9,16.4,11.8,48.3,3.6,5,36,20.8,33.2,31.8,1005.2,1030.3,1018.2,19.9,46.9,33.2,26.1,8.6
1771696800,21.2,18.1,9.6,48.9,2.1,5,37.4,21,34.5,30.5,1004.7,1029.7,1017.6,21.2,48.9,34.5,27.4,6
1771700400,18.9,17.2,11.8,48.6,3.5,5,37.4,21,35.3,29.7,1004.2,1028.4,1017.1,23,50,35.3,28.3,6.5
1771704000,18.5,19.5,9.6,50,2.4,4.1,37.4,21.1,35.6,29.4,1003.4,1028.8,1016.7,23,50,35.6,28.8,5.1
1771707600,16.1,21.1,9,50.7,3.1,5,37,20.9,35.4,29.7,1003.4,1027.6,1016.7,22.1,50,35.3,28.5,4.7
1771711200,16.7,19.7,10.8,51.6,1.2,3.9,37,20.7,34.4,30.6,1003.7,1028.2,1017,21.2,50,34.4,27.7,5.1
1771714800,13.7,21.6,12.3,50.6,1.9,4.1,35.6,20.5,32.5,32.5,1004,1029.1,1017.4,19.9,46.4,32.5,25.8,9.2
1771718400,9.1,24.8,10.7,53.7,1.6,4.1,35.1,20.2,30.5,34.5,1005.5,1029.5,1018,18,44.1,30.5,24.3,13.9
1771722000,10.7,28.3,7.4,52,1.6,3.9,35.1,20.2,29.2,35.8,1004.9,1029.4,1018,15.8,42.8,29.2,23.3,20.2
1771725600,9.2,26.3,9.6,53.3,1.6,5,35.1,20,27.9,37.1,1005.2,1029.8,1018.2,14,41,27.9,22.1,23
1771729200,11.1,25.9,9.4,51.9,1.7,3.2,34,19.8,27.2,37.9,1005.3,1030,1018.2,12.2,39.9,27.1,21.5,24.7
1771732800,11.6,23.1,11.3,53.5,0.5,3.2,35.1,19.5,26.6,38.4,1005.1,1029.8,1018.1,11.1,39.9,26.6,21.2,27.2
1771736400,10.3,23.8,11.4,53.3,1.2,2.7,34.5,19.2,26,38.5,1005.1,1029.8,1018,10.4,39.9,26.5,20.4,27.4
1771740000,7.2,28,7,57,0.7,2.1,34,18.9,25.4,39.7,1005.1,1029.8,1017.9,10.2,39,25.3,19.6,27.6
1771743600,10.7,26.3,6.7,54.6,1.7,2.1,33.1,18.3,24.6,40.4,1005.1,1029.8,1017.8,10,37.9,24.6,19,28
1771747200,8.5,21.7,8.2,59.4,2.2,1.9,33.8,18.3,24.4,40.6,1004.9,1029.6,1017.3,9,37.4,24.4,18.8,29.4
1771750800,9,24.5,6.1,58.7,1.7,3,33.8,18.1,24.2,40.9,1005.1,1029.6,1017.4,9,38.8,24.1,18.3,26.1
1771754400,8.1,22.3,6.6,60.7,2.4,2.1,34,17.9,23.8,41.2,1005.7,1030,1017.9,8.6,37.9,23.8,18.2,29
1771758000,10.1,21.1,7.3,59.7,1.9,1.4,34,17.9,23.4,41.6,1005.4,1030.2,1017.9,8.1,37.4,23.4,17.6,25.6
1771761600,14.2,17.7,10,56,2.1,1.4,34,18,23.5,41.5,1005.4,1030.6,1018.3,6.8,37.9,23.5,17.8,28.3
1771765200,15.7,18.2,10.5,52.3,3.3,2.8,35.1,18.6,24.2,40.8,1005.6,1030.9,1018.7,8.2,37.9,24.2,18.5,30.8
1771768800,19.4,17.7,11,49.2,2.6,4.1,35.1,19.8,26.7,38.4,1005.1,1030.9,1018.7,12.9,39.9,26.6,20.3,22
1771772400,21.9,16.9,14,45.6,1.7,5,35.6,20.4,29.2,35.9,1004.8,1030.9,1018.7,15.3,42.1,29.1,22.4,18.9
1771776000,20.6,17.1,11.2,48.9,2.1,5,35.1,20.6,31.6,33.4,1005.7,1030.4,1018.6,18,45,31.6,24.7,13.7
1771779600,21,16.7,11.8,47.2,3.3,5,36,21,33.5,31.5,1005.3,1030.3,1018.1,20.8,46.9,33.5,26.5,8.5
1771783200,21.8,18.3,10.6,47.7,1.6,5,37.4,21.1,34.9,30.1,1004.7,1029.6,1017.5,21.9,50,34.9,27.8,5.5
1771786800,19.7,17.1,12.6,47.4,3.3,5,37,21.1,35.6,29.4,1004.4,1028.4,1017,23,50,35.6,28.6,6.1
1771790400,18.9,20.1,10,49,1.9,5,37.4,21.2,36.1,29,1003.1,1028.6,1016.6,23,51.1,36,29.3,5.1
1771794000,15.3,21.6,10.1,50.1,2.8,5,37,21,35.8,29.3,1003.1,1027.6,1016.6,22.1,51.1,35.7,28.9,4.4
1771797600,16.2,20.1,10.8,51.8,1.2,4.1,37,20.9,34.8,30.2,1003.1,1028.2,1016.8,21.2,50,34.8,28.1,4.8
1771801200,14,21.7,12.6,49.8,1.9,4.1,35.6,20.5,32.9,32.2,1004,1029.1,1017.3,19.9,46.9,32.8,26.2,8.8
1771804800,9.4,24.4,11.7,52.8,1.6,5,35.1,20.5,30.9,34.2,1005.3,1029.4,1017.8,18.1,44.6,30.8,24.6,13.5
1771808400,10.2,28.6,8.4,51.2,1.6,4.1,35.1,20.3,29.5,35.5,1004.8,1029.4,1017.8,16,42.8,29.5,23.6,20
1771812000,9.2,26.1,9.6,53.4,1.6,5,35.1,20.2,28.3,36.8,1005.1,1029.8,1018.1,14.2,41,28.2,22.4,23.3
1771815600,10.6,25.9,10.1,52,1.4,5,34,20,27.5,37.6,1004.8,1029.9,1018,12.9,41,27.4,21.8,24.4
1771819200,10.4,23.6,12,53.5,0.5,3.2,34,19.6,26.9,38.1,1004.7,1029.7,1017.9,12.2,39.9,26.9,21.5,27.4
1771822800,9.6,24.1,11.2,54,1.2,3.1,34,19.4,26.3,38.2,1004.8,1029.7,1017.8,11.1,41,26.8,20.7,27.9
1771826400,7.8,27.9,6.3,57.8,0.2,3,34,19.1,25.7,39.4,1004.8,1029.6,1017.6,10.9,39,25.6,19.9,28.4
1771830000,10.7,25.6,6.9,55.1,1.7,2.1,33.1,18.6,25,40.1,1005,1029.6,1017.7,10.2,37.9,24.9,19.3,27.1
1771833600,8,21.6,8.2,59.5,2.7,1.9,34,18.7,24.8,40.2,1004.3,1029.5,1017,9,37.9,24.8,19.2,28.6
1771837200,9.7,24,6.3,58.3,1.7,3.2,34,18.5,24.6,40.5,1004.7,1029.5,1017.1,9.1,38.8,24.5,18.7,25.6
1771840800,8.3,21.5,7.1,60.8,2.4,2.8,34,18.4,24.2,40.8,1004.9,1030,1017.5,9,37.9,24.2,18.7,29.6
1771844400,10.3,20.6,7.5,59.6,2.1,2.1,35.1,18.4,23.9,41.1,1004.7,1030.2,1017.5,9,37.4,23.9,18,24.9
1771848000,13.1,17.5,10.3,57.2,1.9,2.1,34.9,18.5,24,41,1004.6,1030.6,1017.9,7.2,38.8,24,18.3,28.3
1771851600,16.4,18.1,10.3,52.3,2.8,3.2,35.1,19.1,24.7,40.4,1005,1030.9,1018.3,9,37.9,24.6,19,31.9
1771855200,19.2,17.8,11.1,50,1.9,5,35.1,20.3,27.1,37.9,1004.6,1030.9,1018.3,12.9,39.9,27.1,20.6,21.3
1771858800,21.6,16.6,13.8,46.1,1.9,5,35.6,20.7,29.6,35.5,1004.6,1030.7,1018.3,16,42.8,29.5,22.8,18.4
1771862400,19.7,16.4,12,50,1.9,5,35.1,20.8,31.9,33.1,1004.9,1030.3,1018.2,19,46,31.9,24.9,13.7
1771866000,21.3,16.1,11.8,48,2.8,5,36,21.1,33.9,31.2,1004.2,1030.2,1017.7,21,48,33.8,26.8,8.5
1771869600,22.8,17.2,10.8,47.5,1.6,5,37.4,21.2,35.1,29.9,1004.4,1029.4,1017.1,21.9,50,35.1,28.1,5.3
1771873200,18.7,16.1,12.8,49.1,3.3,5,37,21.2,35.9,29.1,1003.8,1028.1,1016.6,23,50,35.9,28.9,5.8
1771876800,19.6,18.7,10.8,49,1.9,5,37.4,21.3,36.4,28.7,1002.7,1027.9,1016.2,23.9,51.1,36.3,29.6,5.1
1771880400,15.3,20.3,11.3,50.2,2.8,5.9,37,21.1,36,29,1002.8,1027.5,1016.1,23,51.1,36,29.2,4.7
1771884000,17.8,18.8,11,51.4,0.9,5,37,20.9,35,30,1002.7,1028.1,1016.4,21.9,50,35,28.3,4.8
1771887600,15,20.4,12.9,49.5,2.1,5,36,20.6,33.1,31.9,1003.6,1028.7,1016.9,20.1,46.9,33.1,26.4,7.9
1771891200,10.1,23.2,12,53.3,1.4,5,35.6,20.6,31.2,33.8,1004.8,1029.1,1017.4,18.9,44.6,31.2,24.9,12.7
1771894800,10.7,26.3,8.8,52.6,1.6,5,35.1,20.6,29.8,35.2,1004.7,1029.1,1017.3,17.1,42.8,29.8,23.8,19.5
1771898400,10.6,24.3,9.7,53.8,1.7,5.2,35.1,20.4,28.6,36.5,1005.1,1029.4,1017.7,15.3,42.1,28.5,22.6,21.9
1771902000,10.8,24.3,9.9,53.8,1.2,6.3,33.8,20.2,27.8,37.2,1004.8,1029.6,1017.7,14.2,41,27.8,22,22.6
1771905600,10.4,21.8,12.5,54.5,0.7,3.9,34,19.9,27.3,37.8,1004.7,1029.5,1017.6,13.1,39.9,27.2,21.7,25.9
1771909200,9.5,23.4,11.6,54.4,1.2,3.5,33.9,19.6,26.6,38.5,1004.7,1029.5,1017.4,12.1,39.5,26.5,20.9,26.4
1771912800,7.3,27.3,7.1,58.2,0.2,3.2,33.8,19.3,26,39.1,1004.7,1029.4,1017.2,11.1,39.2,25.9,20.1,27
1771916400,11.1,24.5,7.4,55.2,1.7,3.2,33.1,18.8,25.3,39.8,1005,1029,1017.2,10.4,39,25.2,19.5,25.8
1771920000,8,20.9,8.5,60.1,2.5,3,34,18.8,25.1,40,1004.3,1029.1,1016.5,10.4,38.8,25,19.4,29
1771923600,9.8,23.5,6.1,58.8,1.7,3.2,34,18.7,24.8,40.3,1004.5,1029,1016.7,9.9,39,24.7,18.9,24.8
1771927200,8.1,20.7,7.4,61.4,2.4,3,34,18.5,24.5,40.6,1004.5,1029.4,1017.1,9.1,37.9,24.4,18.9,29.7
1771930800,10.5,19.3,7.9,59.7,2.6,3,34,18.4,24.1,41,1004,1029.9,1017.2,9.1,37.4,24,18.1,25.5
1771934400,13.6,16.4,11.2,57.2,1.6,3,34,18.5,24.1,41,1004.4,1030.1,1017.6,8.2,37.9,24,18.4,28.5
1771938000,16.7,17.4,10.1,52.7,3.1,3.9,35.1,19.1,24.8,40.2,1005,1030.5,1018,10,37.9,24.8,19.1,31.4
1771941600,20.1,17.2,11.4,49.2,2.2,5,35.1,20.4,27.3,37.7,1004.5,1030.8,1017.9,13.1,39.9,27.3,20.8,20.2
1771945200,22.6,16,13.8,45.5,2.1,5.2,36,20.9,29.8,35.2,1004.3,1030.7,1018,16,43,29.8,23,17.5
1771948800,19.3,15.8,12.9,49.9,2.1,5,35.6,21,32.2,32.9,1004.5,1030.2,1017.9,19,46,32.1,25,12.3
1771952400,21.4,15.4,12.6,47.5,3.1,5.2,36,21.2,34,31,1003.5,1029.7,1017.4,21,46.9,34,26.9,7.9
1771956000,22.3,17.1,10.8,48.1,1.6,5.9,37.4,21.2,35.2,29.8,1002.8,1029.1,1016.8,21.9,50,35.2,28.1,4.6
1771959600,19.5,16.2,12.4,48.3,3.6,5.2,36,21.2,36,29,1002.9,1027.8,1016.2,23,50,36,29,6.1
1771963200,19.9,18.5,10.3,48.9,2.4,5,36,21.2,36.3,28.7,1002,1027.7,1015.9,24.1,51.1,36.3,29.5,4.7
1771966800,15.3,19.3,12,50.4,3.1,5.9,36.9,20.9,36,29.1,1002.6,1027.3,1015.8,23,51.1,35.9,29.1,4.6
1771970400,17.4,17.8,11.5,51.9,1.4,5,36.9,20.9,35,30,1002.6,1027.4,1016.1,22.1,48.9,35,28.2,4.6
1771974000,15,19.4,13.6,50.1,1.9,5,35.6,20.6,33.1,31.9,1003.5,1028.5,1016.7,20.1,46.4,33.1,26.4,8.1
1771977600,10.5,23,11.5,53.4,1.6,5.2,35.6,20.6,31.2,33.8,1004.6,1029,1017.2,18.9,44.6,31.2,24.8,12
1771981200,11.6,25.8,8.8,52.1,1.6,5.2,34.9,20.6,29.8,35.2,1004.2,1029,1017.1,17.2,42.8,29.8,23.8,19
1771984800,11.1,23.6,9.4,54.5,1.4,6.8,35.1,20.5,28.7,36.4,1004.9,1029.1,1017.5,16,42.1,28.6,22.6,21.2
1771988400,11.6,24.1,9,54.5,0.9,6.8,34,20.3,27.9,37.1,1004.7,1029.5,1017.4,14.9,41,27.9,22,21.7
1771992000,9.5,21.9,12.8,54.9,0.9,5,35.1,20,27.4,37.7,1004.7,1029.2,1017.3,14,41,27.3,21.8,26.1
1771995600,9.4,23.1,11.3,55.1,1.2,4.1,34.5,19.6,26.6,38.4,1004.6,1029.1,1017.1,13,40.1,26.6,21,26.7
1771999200,7.5,26.5,7.3,58.5,0.2,3.2,33.8,19.3,25.9,39.1,1004.5,1029,1017,12,39.2,25.9,20.2,27.3
1772002800,10.8,23.9,6.9,56.4,2,3,33.1,18.8,25.3,39.8,1004.7,1028.8,1017,10.4,39,25.2,19.5,25.8
1772006400,7.4,20.8,8.2,60.9,2.7,3,33.8,18.9,25.1,40,1004,1028.7,1016.4,10.4,37.9,25,19.5,29.1
1772010000,9.6,23.8,6.1,58.8,1.7,3.2,34,18.6,24.7,40.4,1004.4,1028.6,1016.5,10,38.8,24.6,18.8,24.9
1772013600,7.4,19.9,7.7,62.8,2.2,3,34,18.6,24.5,40.5,1004.4,1028.9,1016.8,9.1,37.9,24.5,18.9,28.7
1772017200,10,18.9,7.7,60.8,2.6,3.2,34,18.5,24.1,40.9,1004,1029.8,1017,9.9,37.4,24.1,18.2,25.7
1772020800,14.5,15.9,10.5,57.6,1.4,3,34,18.5,24.1,40.9,1004.4,1029.8,1017.3,8.6,37.9,24.1,18.4,28.6
1772024400,16.1,17,9.2,54.4,3.3,3.9,34,19.1,24.9,40.1,1004.9,1030.4,1017.7,10.2,37.9,24.9,19.1,31.8
1772028000,20,16.1,11.3,50.4,2.2,5,35.1,20.4,27.4,37.7,1004.4,1030.7,1017.7,14,39.9,27.3,20.8,20.3
1772031600,21.4,15.7,13.3,47.5,2.1,5.9,35.6,20.9,29.8,35.2,1004.3,1030.5,1017.7,16.2,42.8,29.8,23,16.8
1772035200,18.9,15.4,12.8,51.1,1.9,5.9,35.1,21,32.1,32.9,1004.2,1030.2,1017.6,19.2,46,32.1,25,12
1772038800,20.1,15.4,12.3,49.1,3.1,5.2,35.6,21.2,34,31,1003.3,1029.5,1017.1,21,46.9,34,26.9,7.4
1772042400,21.5,16.9,11,49.2,1.4,6.1,36,21.2,35.2,29.8,1002.6,1028.5,1016.4,21.9,50,35.2,28.2,4.6
1772046000,19,16,13.1,48.6,3.3,5,35.6,21.2,36,29,1002.4,1027.6,1015.9,23,50,36,29.1,6.3
1772049600,19.9,18.4,10.3,49.3,2.2,5,36,21.2,36.4,28.6,1001.9,1027.2,1015.5,24.1,51.1,36.4,29.5,4.7
1772053200,15.5,19.2,12.2,49.9,3.3,5,35.6,20.8,36,29,1002.6,1026.8,1015.6,23.2,51.1,36,29,4.4
1772056800,17.6,17.6,11.3,51.6,1.9,5,35.6,20.8,35.1,30,1002.7,1027,1015.8,22.1,48.9,35.1,28.3,4.9
1772060400,15.2,19.6,12.6,50.2,2.3,5,35.6,20.6,33.2,31.8,1003.5,1028.1,1016.5,20.1,46.9,33.2,26.5,7.9
1772064000,10.3,23.4,11.7,52.9,1.6,5.2,34,20.7,31.3,33.7,1004.6,1028.2,1016.9,19,44.6,31.3,24.9,11.5
1772067600,11.2,26.8,9.1,51.5,1.4,5.2,34,20.6,30,35,1004.2,1028.4,1016.9,17.6,42.8,30,23.8,18.4
1772071200,11.1,24.6,9,54,1.2,6.8,34,20.5,28.8,36.2,1004.9,1028.8,1017.2,16,42.1,28.8,22.8,22
1772074800,11.4,24.9,8.5,54.3,0.9,6.8,33.8,20.4,28.1,36.9,1004.8,1028.5,1017.2,15.1,41,28.1,22.2,21.8
1772078400,8.7,23.9,12.2,54.3,0.9,4.1,34,20,27.4,37.6,1004.7,1028.7,1017.1,13.1,39.9,27.4,21.8,25.9
1772082000,9,24.6,10.2,54.8,1.4,3.6,33.9,19.8,26.8,38.3,1004.6,1028.6,1017,12.1,39.5,26.7,21.1,26.4
1772085600,7.1,27.8,7.6,57.2,0.2,3.2,33.8,19.5,26.1,39,1004.5,1028.5,1016.8,11.1,39.2,26,20.3,26.9
1772089200,10.6,24.9,6.7,56,1.7,2.8,33.8,18.9,25.3,39.7,1004.7,1028.5,1016.8,10.9,39,25.3,19.6,25.7
1772092800,7.7,22.5,7.7,60,2.2,3,34,19,25.1,39.9,1004.3,1028.5,1016.2,10.4,37.9,25.1,19.5,29.1
1772096400,9.6,24.6,6.1,58,1.7,3.2,34,18.7,24.6,40.4,1004.5,1028.2,1016.4,10,38.8,24.6,18.8,25.2
1772100000,7.2,20.5,7.5,62.6,2.2,2.8,34,18.7,24.5,40.5,1004.5,1028.9,1016.6,9.1,37.9,24.5,18.9,29.4
1772103600,9.6,19.1,7.5,60.7,3.1,3,34,18.6,24.1,40.9,1004,1029.5,1016.7,10,37.4,24.1,18.2,26.6
1772107200,14.7,15.6,10.4,57.7,1.7,3,34,18.7,24.1,40.9,1004.4,1029.8,1017.1,9,37.4,24.1,18.4,28.5
1772110800,15.2,17.1,8.8,55.9,3.1,3.9,34,19.4,25,40,1005,1030.4,1017.5,10.4,37.9,25,19.2,30.8
1772114400,19.3,16.6,10.6,51.1,2.4,5.2,34,20.6,27.5,37.5,1004.5,1030.4,1017.5,14,39.9,27.5,20.9,20.1
1772118000,21.2,16,12.6,48,2.1,6.1,35.6,21.1,29.9,35.1,1004.3,1030.3,1017.5,17.1,42.8,29.9,23,16.7
1772121600,18.1,15.5,12.4,52,1.9,6.3,35.1,21.2,32.2,32.8,1004.2,1029.8,1017.4,19.4,45.9,32.2,25,11.2
1772125200,20.2,15.4,12.1,48.9,3.3,6.1,36,21.4,34.1,30.9,1003.4,1029.4,1017,21.2,46.9,34.1,27,7.4
1772128800,20.8,16.8,11.2,49.5,1.6,6.3,36,21.5,35.4,29.6,1002.6,1028.5,1016.3,22.1,50,35.4,28.3,3.9
1772132400,19.5,16.4,12.4,48.8,2.9,5,36,21.4,36.2,28.8,1002.7,1027.7,1015.8,24.1,50,36.2,29.3,5.8
1772136000,19,18.6,10.5,50,1.9,5,36,21.4,36.5,28.5,1002,1027.5,1015.4,24.1,50,36.5,29.6,4.2
1772139600,15.7,19.5,12,49.8,3.1,5.9,35.6,21,36.1,28.9,1002.8,1027,1015.5,24.1,50.9,36.1,29.2,4.2
1772143200,17.9,18.2,11.3,50.7,1.9,5,35.6,20.9,35.2,29.8,1002.7,1027.1,1015.6,23,48.9,35.2,28.4,4.4
1772146800,14.5,19.6,13.1,50.6,2.3,5,35.1,20.7,33.4,31.6,1003.9,1028,1016.4,21,46.4,33.4,26.5,7.4
1772150400,10,23.8,11.4,53,1.6,6.3,34,20.8,31.5,33.5,1004.7,1028.3,1016.9,19.4,44.6,31.5,25.1,11
1772154000,11.9,26.7,8.6,51.4,1.4,7,34,20.7,30.1,34.9,1004.6,1028.4,1016.9,18,42.8,30.1,24,18.5
1772157600,11.4,23.9,8.8,54.3,1.7,7,34,20.5,28.9,36.1,1004.9,1028.8,1017.1,16.2,42.1,28.9,23,21.9
1772161200,11.7,24.6,8.4,54.7,0.7,7,33.1,20.4,28.2,36.8,1005.1,1028.5,1017.2,15.3,41,28.2,22.2,21.6
1772164800,8.7,23.9,11.7,54.5,1.2,5,33.8,20,27.5,37.5,1004.6,1028.8,1017.1,14.2,41,27.5,21.9,25
1772168400,8.8,24.9,9.7,55,1.7,4.5,33.8,19.8,26.9,38.2,1004.3,1028.7,1017,13.2,40.1,26.8,21.1,25.5
1772172000,7.4,28.3,7.4,56.7,0.2,3.9,33.8,19.5,26.2,38.9,1004,1028.5,1016.8,12.2,39.2,26.1,20.3,26
1772175600,9.9,25.4,6.9,56.2,1.7,3.9,33.1,18.9,25.3,39.7,1004.5,1028.7,1016.9,11.1,39,25.3,19.6,25.8
1772179200,7.8,23.3,7.4,59.3,2.2,3.2,33.8,19,25.1,39.9,1004,1028.7,1016.2,10.9,39,25.1,19.5,29.4
1772182800,9.6,25.2,5.6,57.8,1.7,3.2,33.8,18.7,24.6,40.4,1004.4,1028.6,1016.4,10.4,38.8,24.6,18.7,24.2
1772186400,7.5,20.8,7,62.5,2.2,3,34,18.7,24.5,40.5,1004.4,1028.9,1016.6,10.2,37.9,24.5,18.8,28.1
1772190000,9.2,19.1,7.8,60.8,3.1,3.2,34,18.6,24.2,40.8,1004,1029.8,1016.7,10.2,37.4,24.2,18.2,25.3
1772193600,14.7,16.1,10.4,57.4,1.4,3.2,33.8,18.7,24.1,40.9,1004.1,1030.1,1017.1,9,37.4,24.1,18.3,27.3
1772197200,14.8,16,9.6,56.5,3.1,5,34,19.5,25.1,39.9,1005,1030.5,1017.5,11.1,37.9,25.1,19.2,29.6
1772200800,19.7,15.9,10.6,51.7,2.2,5.9,34,20.6,27.6,37.4,1004.3,1030.8,1017.4,14.2,39.9,27.6,21,19.8
1772204400,21.2,15.7,12.5,48.7,1.9,6.1,35.6,21.1,30,35,1004.1,1030.5,1017.5,17.1,43,30,23.1,16
1772208000,17.7,15.8,12,52.4,2.2,6.3,35.1,21.3,32.2,32.8,1003.4,1030.2,1017.4,19.9,45.9,32.2,25,10.9
1772211600,20.8,15.3,11.9,49.2,2.9,5.9,36,21.5,34.2,30.8,1002.8,1029.8,1016.9,21.2,48,34.2,27,6.7
1772215200,20.3,17,11,50.3,1.4,6.3,36,21.5,35.4,29.6,1002.4,1029,1016.3,22.1,50,35.4,28.3,3.9
1772218800,18.1,16.5,12.2,50.1,3.1,5,36,21.5,36.3,28.7,1002.2,1027.8,1015.8,23.9,50,36.3,29.4,5.6
1772222400,19.1,19.4,9.7,50.4,1.4,5,37.4,21.5,36.7,28.4,1001.9,1027.5,1015.4,24.3,51.1,36.7,29.8,3.5
1772226000,16.7,19.7,11.5,49.5,2.6,5.9,36,21.1,36.2,28.8,1002.6,1027.4,1015.4,23.9,51.1,36.2,29.2,3.2
1772229600,17.5,18.9,11.3,50.2,2.1,5.2,35.6,21.1,35.4,29.7,1002.7,1027.2,1015.6,23,48.9,35.4,28.6,4
1772233200,14.1,20.4,12.9,50.6,2.1,5,35.1,20.8,33.5,31.5,1003.6,1028.1,1016.3,20.8,46.9,33.5,26.7,7.9
1772236800,10.8,24.6,11,52.5,1.2,6.8,34,20.9,31.6,33.4,1004.6,1028.4,1016.9,19.4,44.6,31.6,25.1,10.9
1772240400,12.1,27.7,8.4,50.3,1.4,7,34,20.7,30.1,34.9,1004.2,1028.4,1016.8,18,42.8,30.1,24,18.1
1772244000,11.2,24.7,8.6,53.9,1.7,7,34.9,20.7,29,36,1004.9,1029,1017.1,16.2,42.1,29,23.1,22.5
1772247600,11.1,26.2,7.9,54.1,0.7,7,33.8,20.4,28.1,36.9,1004.6,1029.5,1017.3,15.3,42.1,28.1,22.2,23
1772251200,9.2,24.9,11.3,53.5,1.2,5,34,19.9,27.4,37.6,1004.5,1029.4,1017.1,14,41,27.4,21.7,25.6
1772254800,9.5,25.1,9.5,54.4,1.7,4.1,33.9,19.6,26.8,38.3,1004.1,1029.1,1017,13,40.1,26.8,20.9,26.2
1772258400,8.8,28.3,7.1,55.5,0.2,3.2,33.8,19.4,26.1,38.9,1003.8,1028.7,1016.8,12,39.2,26.1,20.2,26.8
1772262000,10.3,25.6,7.1,55.2,1.7,3.2,33.1,18.8,25.2,39.8,1004.3,1028.7,1017,10.9,37.9,25.2,19.4,26.1
1772265600,8.6,23.7,7.6,57.9,2.2,3,33.8,18.8,24.9,40.1,1003.9,1028.8,1016.3,10.4,38.8,24.9,19.3,28.7
1772269200,10.8,25.7,4.9,56.7,2,3.2,33.8,18.5,24.4,40.6,1004.4,1028.3,1016.5,10,38.8,24.4,18.6,25.2
1772272800,7.7,21.1,7.3,61.7,2.2,3,33.8,18.5,24.4,40.7,1004.1,1028.8,1016.6,9.9,37.9,24.3,18.6,28.1
1772276400,8.7,20.5,7.1,60.8,2.8,3.2,33.8,18.5,24.1,40.9,1003.7,1029.8,1016.8,10,37.4,24.1,18.2,26.3
1772280000,14.2,17.3,10.4,57,1.2,3.2,33.8,18.5,24,41,1004,1030,1017.2,8.6,37.9,24,18.1,26.3
1772283600,14.9,17.5,9.8,55.2,2.6,4.1,34,19.4,25.1,39.9,1004.5,1030.5,1017.6,10.4,37.9,25.1,19.1,28.8
1772287200,19,17.3,10.1,51.6,1.9,5.2,34,20.5,27.5,37.5,1004.2,1030.8,1017.5,14,39.9,27.5,21,20.6
1772290800,20.7,16.6,12.5,48.3,1.9,6.1,35.6,21.1,29.9,35.1,1003.9,1030.5,1017.6,16.2,43.9,29.9,23.1,15.9
1772294400,17.3,16.3,12.3,52.2,1.9,5.2,35.6,21.2,32.2,32.8,1003.4,1030.2,1017.4,19.2,46.4,32.2,25,11
1772298000,20.6,16.5,11.7,48.6,2.6,5,36,21.4,34.1,30.9,1002.7,1029.8,1017,21,48.2,34.1,27,6.7
1772301600,20.1,18.3,10.4,49.8,1.4,5.9,36.9,21.4,35.4,29.6,1002.4,1029,1016.4,21.9,50,35.4,28.2,4.3
1772305200,16.9,17.7,12.4,50.4,2.6,5,36,21.4,36.2,28.8,1002.2,1027.8,1015.9,23,50,36.2,29.2,5.3
1772308800,19.1,20.8,9.2,49.2,1.7,5,37.4,21.4,36.6,28.4,1001.9,1027.7,1015.6,24.1,51.1,36.6,29.7,3.5
1772312400,16.9,20.9,11.3,48.2,2.6,5,36,21.1,36.2,28.8,1002.7,1027.5,1015.7,23,51.1,36.2,29.2,3.9
1772316000,17,20.3,10.8,49.3,2.6,5.2,35.6,21,35.3,29.7,1002.7,1027.2,1015.8,22.1,48.9,35.3,28.5,4.9
1772319600,14.8,21.4,12.7,48.9,2.1,5,35.6,20.7,33.4,31.6,1004,1028.1,1016.5,20.8,46.9,33.4,26.6,7.7
1772323200,10.8,25.8,11,51.2,1.2,6.3,35.1,20.8,31.5,33.5,1005.2,1028.3,1017.1,19.2,44.6,31.5,25,10.6
1772326800,12.4,28.3,8.9,49.1,1.4,7,34,20.6,30,35,1004.6,1028.4,1017,17.6,42.8,30,23.9,18.2
1772330400,11.6,25.6,8.3,52.8,1.7,7,35.1,20.6,28.9,36.1,1005.1,1029.1,1017.3,16,42.1,28.9,23,21.5
1772334000,11.4,27.8,7.2,52.9,0.7,7,33.8,20.2,28,37,1005.1,1029.5,1017.4,15.1,42.1,28,22.2,23.3
1772337600,8.9,26.3,10.8,52.6,1.4,5,34.9,19.9,27.4,37.6,1005.1,1029.2,1017.3,13.1,41,27.4,21.7,25.9
1772341200,10.2,26,9,53.2,1.7,4.1,34.3,19.7,26.8,38.3,1004.8,1028.8,1017.1,12.1,40.1,26.8,21,26.9
1772344800,8.7,28.2,7.7,55,0.5,3.2,33.8,19.5,26.1,38.9,1004.5,1028.4,1016.9,11.1,39.2,26.1,20.3,28
1772348400,9.9,26.1,7.4,55.2,1.5,3.2,33.1,18.8,25.2,39.8,1004.4,1028.7,1017.1,10.9,38.8,25.2,19.5,26.6
1772352000,7.8,24.8,8.1,57.1,2.2,2.1,33.8,18.7,24.8,40.2,1003.9,1028.5,1016.5,10.2,37.9,24.8,19.1,28.9
1772355600,10.3,26.3,5.4,56,2,3.2,33.8,18.4,24.2,40.8,1004.4,1028.4,1016.6,9.9,37.9,24.2,18.4,26
1772359200,7.2,22.5,7.7,60.9,1.7,2.8,33.1,18.5,24.2,40.8,1004.2,1028.9,1016.7,9,37.4,24.2,18.5,28.6
1772362800,8.7,21.2,7.8,59.8,2.6,3,33.8,18.4,23.9,41.1,1004,1029.8,1017,9.1,37.4,23.9,18.1,27.6
1772366400,13.5,18.4,10.6,55.8,1.7,3,33.1,18.4,23.8,41.2,1004.1,1029.8,1017.4,8.6,37.4,23.8,17.8,26.5
1772370000,14.9,18.9,9.6,54.2,2.4,3.9,34,19.4,25,40,1004.9,1030.5,1017.7,10.4,37.9,25,19,28.2
1772373600,18.8,18.5,10,50.8,1.9,5.2,34.9,20.5,27.5,37.5,1004.3,1030.7,1017.7,13.1,41,27.5,20.9,21.8
1772377200,20,17.7,12.6,48,1.7,5.9,35.6,21,29.9,35.1,1003.9,1030.3,1017.7,16,43.9,29.9,23.1,15.7
1772380800,16.6,18.3,12.5,50.5,2.2,5,36,21.3,32.3,32.7,1003.1,1030.1,1017.5,18.1,46.9,32.3,25,9.5
1772384400,19.8,17.6,11.9,48.3,2.4,5,37,21.4,34.2,30.8,1002.7,1029.8,1017.1,19.9,48.9,34.2,27.2,6.5
1772388000,19.2,18.7,10.9,49.4,1.8,5,37.4,21.5,35.4,29.6,1002.4,1029,1016.5,21.2,50,35.4,28.2,3.8
1772391600,16.5,18.1,12.9,50.1,2.4,5,36,21.4,36.3,28.8,1002.2,1027.9,1015.9,23,50,36.3,29.3,5.1
1772395200,18.9,20.3,10.2,48.5,2.1,5,37.4,21.4,36.7,28.4,1001.9,1027.7,1015.6,23,51.8,36.7,29.8,3
1772398800,17.3,20.1,11.7,47.8,3,5,37,21.2,36.3,28.8,1002.6,1027.5,1015.6,22.1,51.1,36.3,29.3,3.5
1772402400,16.8,20.1,10.9,48.8,3.3,5,35.6,20.9,35.3,29.8,1002.6,1027.1,1015.8,21.2,48.9,35.3,28.4,4.4
1772406000,15.2,21.1,13.7,47.9,2.1,5,36,20.6,33.5,31.6,1004,1028.1,1016.5,19.9,46.9,33.5,26.5,6.9
1772409600,10.6,26.1,11.5,50.6,1.2,5,36,20.8,31.5,33.5,1004.6,1028.4,1017,18.1,45,31.5,24.8,10.3
1772413200,12.4,29.1,9.2,47.9,1.4,5.2,35.6,20.6,30.1,34.9,1004.2,1028.5,1017,17.1,43,30.1,23.9,17.4
1772416800,11.8,26.1,8.5,51.9,1.7,5.9,35.6,20.5,28.8,36.2,1005.1,1029.1,1017.2,15.3,42.8,28.8,22.8,20.2
1772420400,10.7,28.4,8,52.4,0.5,6.3,34,20,27.8,37.2,1005.1,1029.7,1017.4,13.1,42.1,27.8,21.9,22.8
1772424000,8.7,27.4,10.6,51.8,1.4,4.1,35.1,19.8,27.3,37.7,1005.1,1029.2,1017.2,12.9,41,27.3,21.6,26.9
1772427600,10.9,26.3,8.8,52.6,1.4,3.1,34.5,19.6,26.6,38.4,1004.9,1029,1017.1,11.9,40.5,26.6,20.9,27.3
1772431200,9.4,27.4,8.4,54.3,0.5,2.1,34,19.3,25.9,39.1,1004.6,1028.7,1017,10.9,39.9,25.9,20.1,27.6
1772434800,10.3,25.6,7.6,55.3,1.2,2.8,33.8,18.7,25.1,39.9,1005,1029.1,1017.1,10.2,39,25.1,19.3,27.6
1772438400,7.6,24.6,8.5,57.3,2,2.1,34,18.7,24.7,40.3,1004.1,1029.1,1016.6,10,39,24.7,19,28.8
1772442000,11.1,26.3,5.9,55,1.7,2.1,34,18.2,24,41,1004.4,1029,1016.7,9.1,39,24,18.2,26.3
1772445600,7.2,22.4,8.4,60.5,1.4,2.1,33.8,18.3,24,41,1004.2,1028.9,1016.8,9,37.9,24,18.2,28.4
1772449200,8.9,21.1,8.2,59.4,2.3,2.1,34,18.3,23.9,41.1,1004,1030,1017,9.1,37.9,23.9,18.1,27.6
1772452800,13.7,18.4,10.9,55.8,1.2,2.8,33.8,18.2,23.6,41.4,1004.1,1030.5,1017.4,8.2,37.9,23.6,17.6,26.3
1772456400,15.6,19.4,9.6,53.3,2.2,3.9,34,19.2,25,40,1004.9,1030.5,1017.8,10.4,39,25,18.8,26.6
1772460000,18.5,19.5,10.5,49.9,1.7,5,35.1,20.3,27.4,37.6,1004.3,1030.8,1017.7,13.1,41,27.4,20.7,21
1772463600,20.5,18.4,12.6,46.5,1.9,5.2,36,20.9,29.9,35.1,1004,1030.5,1017.7,15.3,44.1,29.9,23,14.5
1772467200,16.1,19.2,12.5,49.8,2.4,5,37,21.2,32.3,32.7,1003.1,1030.1,1017.5,18,48,32.3,25,8.6
1772470800,19.1,18.6,11.7,47.5,3.1,5,37.4,21.3,34.2,30.8,1002.7,1029.4,1017.2,19.9,48.9,34.2,27.3,7
1772474400,19.9,19.4,9.7,48.8,2.1,5,37.4,21.2,35.4,29.7,1002.4,1029,1016.6,21.2,50,35.4,28.2,4.8
1772478000,15.3,18.9,13.4,50,2.4,5,36.9,21.2,36.3,28.8,1002.2,1027.9,1016,23,51.1,36.3,29.2,5.3
1772481600,18.6,20.9,11.1,47.5,1.9,4.1,37.9,21.2,36.7,28.4,1002,1027.7,1015.8,22.1,52,36.7,29.7,3
1772485200,17.3,20.4,13.1,45.9,3.3,5,37,21,36.2,28.8,1002.6,1027.5,1015.7,21.9,51.8,36.2,29.2,3.7
1772488800,16.4,20.9,12.6,47.2,3.1,4.1,36,20.7,35.3,29.8,1002.8,1027.2,1016,21,50,35.3,28.3,4.4
1772492400,15.4,21.7,15.4,45.6,1.9,4.1,36,20.4,33.4,31.6,1003.9,1028.5,1016.6,19.9,46.9,33.4,26.4,6.7
1772496000,11.2,26.9,12.4,47.8,1.6,3.9,36,20.6,31.4,33.6,1004.6,1029,1017.2,18,45,31.4,24.7,9.6
1772499600,12.6,30.1,10,45.6,1.6,5,35.6,20.5,30,35,1004.6,1029,1017.1,16.9,43,30,23.8,16.9
1772503200,12.3,27.3,9.5,49.1,1.9,5,36,20.3,28.7,36.3,1005.2,1029.1,1017.4,15.1,42.8,28.7,22.6,19.5
1772506800,10.7,30.7,8.3,49.6,0.7,5.2,35.1,19.9,27.6,37.4,1005.1,1030,1017.6,12.9,42.1,27.6,21.7,23.1
1772510400,8.3,29.1,11.1,49.8,1.7,3.9,35.1,19.7,27.1,37.9,1005.2,1029.7,1017.4,12.2,41,27.1,21.3,27.4
1772514000,11.1,27,9,51.1,1.9,3,34.5,19.4,26.4,38.6,1005.1,1029.6,1017.3,11.2,40.1,26.4,20.6,27.9
1772517600,9.4,28.3,8.9,52.7,0.7,2.1,34,19.1,25.7,39.3,1005,1029.4,1017.2,10.2,39.2,25.7,19.8,28.4
1772521200,9.5,26.8,8,54.4,1.2,2.1,33.1,18.4,24.8,40.2,1005,1029.5,1017.3,10.2,38.8,24.8,19.1,28.7
1772524800,8.5,25.4,8.2,55.9,1.9,1.9,34,18.4,24.4,40.6,1004.4,1029.1,1016.8,10,39,24.4,18.8,29.9
1772528400,11.7,26.4,5.9,54.3,1.7,1.9,33.8,18,23.8,41.2,1004.5,1029.3,1016.8,9,37.9,23.8,17.9,27.4
1772532000,7.5,23.1,8.7,59.4,1.4,1.4,33.1,18,23.8,41.3,1004.5,1029.3,1017,8.6,37.4,23.7,17.9,29.3
1772535600,8.9,22,9.3,57.5,2.3,1.9,33.8,18,23.6,41.5,1004.7,1030.2,1017.3,8.1,37.9,23.5,17.7,28.2
1772539200,14.2,18.9,12.1,53.7,1.2,1.9,33.8,17.9,23.3,41.7,1004.4,1030.6,1017.7,7.2,37.9,23.3,17.2,26.7
1772542800,16,19.8,10.5,51.4,2.4,3.2,34,19,24.8,40.2,1005,1030.9,1017.9,10.2,38.8,24.8,18.5,26.8
1772546400,18.2,20.3,10.4,48.9,2.1,5,35.1,20.2,27.3,37.7,1004.5,1031.1,1018,12.9,41,27.3,20.7,21.6
1772550000,20.2,19,12.1,46.7,1.9,5.2,36,20.7,29.9,35.1,1004.3,1030.7,1018,15.3,44.1,29.9,22.9,13.6
1772553600,15.9,19.7,12,49.8,2.6,5,37,21,32.3,32.7,1003.1,1030.3,1017.7,18,48,32.3,25,8.4
1772557200,19.5,19.5,11.7,46.2,3.1,5,37,21.1,34.3,30.7,1002.9,1029.9,1017.4,19.9,50,34.3,27.3,7.5
1772560800,20.8,20.3,9.7,47.3,1.8,5,37.4,21.1,35.5,29.6,1002.6,1029,1016.8,21.2,50,35.5,28.3,4.5
1772564400,16.2,19.3,13.8,48.3,2.4,5,36,21.1,36.4,28.7,1002.4,1027.9,1016.2,22.1,51.8,36.4,29.4,5.1
1772568000,18.5,21.3,10.7,47.2,2.3,4.1,37.9,21.1,36.9,28.2,1002.2,1027.8,1015.9,23,53.1,36.9,29.9,3
1772571600,17.1,20.2,13.4,45.8,3.5,4.1,37.4,20.9,36.5,28.6,1002.8,1027.6,1015.9,21.9,53.1,36.5,29.5,3.5
1772575200,16.3,20.8,13,46.8,3.1,3.9,36,20.6,35.5,29.5,1003.5,1027.5,1016.1,21,51.1,35.5,28.5,4.4
1772578800,15.9,22.5,14.7,45.3,1.7,4.1,36,20.5,33.6,31.4,1004.3,1028.5,1016.8,19.9,48,33.6,26.7,6
1772582400,12,27.6,12.3,46.5,1.7,3.9,36,20.6,31.6,33.4,1004.8,1028.6,1017.2,18,45,31.6,25,9.4
1772586000,12.2,30.8,10.1,44.9,1.9,5,36,20.5,30.1,34.9,1004.6,1029.4,1017.2,16.9,43,30.1,24,17.2
1772589600,10.9,28.3,10,48.9,1.9,5,36,20.3,28.8,36.2,1005.2,1029.1,1017.5,14.9,42.8,28.8,22.9,19.3
1772593200,8.8,31.2,8.5,50.7,0.7,5.2,35.1,19.9,27.8,37.2,1005.1,1030,1017.7,12.9,42.8,27.8,22,23.6
1772596800,7.1,29.2,10.7,51.3,1.7,3.9,35.1,19.8,27.2,37.8,1005.2,1029.7,1017.5,12.2,42.1,27.2,21.6,28.1
1772600400,10.7,27.3,9,51.3,1.7,3,34.5,19.5,26.5,38.5,1004.9,1029.3,1017.4,11.2,41,26.5,20.9,29
1772604000,9.4,28.1,8.4,53,1.2,2.1,34,19.2,25.9,39.2,1004.6,1029,1017.2,10.2,39.9,25.8,20.2,29.8
1772607600,9.6,27.9,7.1,54.2,1.2,2.1,33.8,18.6,24.9,40.1,1005,1029.2,1017.4,10.2,39,24.9,19.3,29.5
1772611200,8.7,25.9,7.3,55.9,2.2,1.9,34,18.6,24.5,40.5,1004.3,1029.1,1016.8,9.1,39,24.5,19,31
1772614800,12,27,5.1,54.4,1.5,1.4,33.8,18.3,24,41,1004.4,1029.1,1016.8,9,39,24,18.2,28.3
1772618400,7.2,23.6,8.4,59.1,1.7,1.4,33.8,18.3,24,41.1,1004.4,1029.1,1016.9,8.2,37.9,23.9,18.2,29.7
1772622000,9.6,23.5,8.7,56.1,2.1,1.4,34,18.2,23.8,41.3,1004.6,1030.1,1017.3,8.1,37.9,23.7,18,29.9
1772625600,13.9,19.8,11.1,54,1.2,1.4,33.8,18,23.4,41.6,1004.4,1030.6,1017.8,7,37.9,23.4,17.3,26.7
1772629200,15.7,20,10.2,51.9,2.1,3.2,34,19.2,25,40,1005,1030.8,1017.9,10.2,39,25,18.8,27
1772632800,18.9,19.9,10.2,48.7,2.4,5,35.1,20.4,27.5,37.5,1004.4,1031.1,1018.1,12.9,41,27.5,20.9,22.1
1772636400,20.1,18,12.8,47.2,1.9,5.2,36,21,30.2,34.8,1004.1,1030.8,1017.9,15.3,44.1,30.2,23.1,13.4
1772640000,15.8,18.5,13.2,49.6,2.9,5,37,21.2,32.6,32.4,1003.1,1030.4,1017.7,18.1,48,32.6,25.3,8.8
1772643600,18.9,19.1,11.7,47.3,3.1,5,37,21.4,34.7,30.4,1002.8,1029.8,1017.3,20.1,50,34.7,27.8,7
1772647200,20.8,19.9,9.9,47.3,2.1,5,37.4,21.3,35.8,29.2,1002.6,1028.7,1016.7,21.2,51.1,35.8,28.7,4.1
1772650800,16.5,19.3,13.2,48.3,2.6,5,36,21.2,36.7,28.4,1002.7,1027.8,1016.1,23,51.8,36.7,29.7,4.6
1772654400,18.6,21.2,10,47.4,2.8,4.1,37.9,21.3,37.2,27.9,1002.3,1027.7,1015.9,23,53.1,37.2,30.3,2.8
1772658000,17.3,19.7,13.1,46.6,3.3,5,37.4,21.1,36.8,28.3,1002.8,1027.7,1015.8,22.1,52,36.8,29.8,3.2
1772661600,16,20.7,12.7,46.8,3.8,4.1,36,20.8,35.8,29.2,1003.5,1027.6,1016.1,21.2,51.1,35.8,28.8,4.6
1772665200,15.1,22.9,14.2,46,1.9,4.1,36,20.7,34,31,1004,1028.6,1016.7,19.9,48,34,27.1,5.5
1772668800,12.5,27.8,11.3,46.1,2.4,3.9,36,20.9,32,33,1004.6,1028.9,1017.2,18,45,32,25.5,9.2
1772672400,13,30.7,10.6,44,1.7,5,36,20.7,30.3,34.7,1004.4,1029.4,1017.3,16.9,43,30.3,24.2,16.2
1772676000,11.2,28.5,9.5,48.7,2.1,5,36,20.5,29.1,35.9,1004.9,1029.4,1017.5,14.9,43,29.1,23.2,19.3
1772679600,8.7,32.4,7.7,50.4,0.7,5,35.1,20.1,28,37,1004.8,1030.1,1017.7,12.9,42.8,28,22.2,23.8
1772683200,7.8,30,9.7,50.4,2.1,4.1,35.1,20,27.4,37.6,1004.7,1029.8,1017.5,12.2,42.1,27.4,21.8,27.4
1772686800,10.2,28.1,8.3,51.4,1.9,3.1,35.1,19.7,26.8,38.3,1004.6,1029.3,1017.3,11.3,41,26.8,21.1,28.2
1772690400,9.6,28.3,8.6,52.6,1,2.1,35.1,19.4,26.1,38.9,1004.5,1028.7,1017.1,10.4,39.9,26.1,20.5,29
1772694000,9,28.2,6.8,55,1,2.1,33.8,18.8,25.2,39.8,1005,1029.1,1017.2,10.2,39,25.2,19.6,28.9
1772697600,8.4,27.2,6.7,55.7,1.9,1.9,34,18.8,24.9,40.1,1004,1029.1,1016.6,10,39.2,24.9,19.4,30.4
1772701200,12.3,27.9,4.4,54.2,1.2,1.9,34,18.6,24.3,40.7,1004.3,1029,1016.6,9,39.2,24.3,18.6,28
1772704800,6.3,24.7,8,59.1,1.9,1.4,34,18.6,24.3,40.8,1004.1,1029,1016.7,8.2,37.9,24.2,18.5,29.4
1772708400,9.2,24.2,8.8,55.7,2.1,1.4,34,18.5,24,41,1004,1029.8,1017.1,8.1,38.8,24,18.4,29.7
1772712000,13.7,19.9,10.9,53.9,1.7,1.4,34,18.3,23.6,41.4,1004,1030.5,1017.6,7,37.9,23.6,17.7,27.5
1772715600,16,19.3,10.5,52.5,1.7,3.2,35.1,19.5,25.3,39.7,1004.6,1030.8,1017.7,10.4,39.2,25.3,19.1,26.7
1772719200,18.3,19.3,10.5,49.8,2.1,5,35.6,20.7,27.8,37.2,1004.3,1031,1017.9,12.9,42.1,27.8,21.4,22.9
1772722800,19,18,12.8,48.3,1.9,5.9,37,21.5,30.6,34.4,1004,1030.6,1017.8,16,45,30.6,23.7,14.3
1772726400,16.5,18,13.9,48.9,2.6,6.3,37.4,21.7,33,32,1003.1,1030.3,1017.6,19.2,48,33,25.8,10
1772730000,20,18.6,11.9,46.2,3.3,5.9,37.4,21.8,35.1,30,1002.6,1029.4,1017.2,21,50,35.1,28.2,7.5
1772733600,21.8,18.6,10.1,47.4,2.1,5.9,37.4,21.7,36.3,28.8,1002.5,1028.5,1016.6,21.2,51.8,36.3,29.3,4.3
1772737200,17.2,18.8,12.7,48.7,2.6,5,36,21.6,37.1,28,1002.5,1027.8,1016,23,52,37.1,30.3,4.3
1772740800,19.2,20.3,10.3,48.1,2.1,5,37.9,21.8,37.7,27.4,1002.3,1027.5,1015.8,23.2,53.6,37.7,30.9,3
1772744400,17.8,19,12.9,46.8,3.5,5,37.4,21.5,37.2,27.9,1002.8,1027.5,1015.7,23,53.1,37.2,30.3,3.4
1772748000,16.9,20,13.4,46,3.8,5,36,21.2,36.3,28.8,1003.5,1027.5,1016,22.1,51.8,36.3,29.4,4.9
1772751600,15.4,22.7,14.2,45.5,2.1,4.1,37,21.1,34.5,30.5,1004,1028.4,1016.6,20.8,48.2,34.5,27.7,5.3
1772755200,12.3,28.1,11.6,46,2.1,5,37,21.2,32.3,32.7,1004.6,1028.6,1017.2,18.9,46,32.3,25.8,9.2
1772758800,12.8,30.6,10.4,44.3,1.9,5,36,21.1,30.8,34.2,1004.4,1029.1,1017.2,17.1,44.1,30.8,24.7,16.5
1772762400,11.6,29.3,9.2,47.8,2.1,5.2,36,20.9,29.5,35.5,1004.9,1029,1017.4,15.8,44.1,29.5,23.7,20
1772766000,8.2,32.7,8.2,50.5,0.5,5.9,35.1,20.5,28.5,36.5,1004.7,1029.6,1017.6,14,42.8,28.5,22.7,24.2
1772769600,7.3,31.3,9.5,49.8,2.1,5,35.1,20.4,27.8,37.2,1004.7,1029.2,1017.4,12.9,42.1,27.8,22.3,28
1772773200,9.3,29.8,8.1,51.4,1.4,4.1,35.1,20.1,27.1,37.9,1004.6,1028.8,1017.3,11.9,41.5,27.1,21.6,28.9
1772776800,9.4,28.8,8.1,52.5,1.2,3.2,35.1,19.8,26.5,38.5,1004.5,1028.3,1017.1,10.9,41,26.5,21,29.8
1772780400,8.8,28.7,6.3,55,1.2,2.8,34,19.2,25.6,39.4,1005,1028.8,1017.2,10.9,39.2,25.6,20,29.4
1772784000,9.4,27.2,6.3,55.2,1.9,3,35.1,19.3,25.2,39.8,1004.1,1028.8,1016.7,10,39.2,25.2,19.9,31.3
1772787600,12.2,28.2,4.1,54.5,1,3.2,35.1,19,24.7,40.3,1004.3,1028.4,1016.6,9.1,39.9,24.7,19.1,28.7
1772791200,6.3,24.5,8,59.3,1.9,2.8,34,19,24.7,40.4,1004.1,1028.8,1016.7,8.6,39,24.6,19,29.9
1772794800,9.1,23.9,9.1,55.7,2.2,2.8,35.1,18.9,24.4,40.7,1004,1029.5,1017.1,8.1,39,24.3,18.9,30.5
1772798400,12.8,20.4,11.1,54,1.7,3,35.1,18.8,24.1,40.9,1004,1030.5,1017.6,7.2,37.9,24.1,18.3,28.9
1772802000,15.7,19.5,10.8,52,1.9,3.9,36,20,25.8,39.2,1004.6,1030.4,1017.6,10.9,39.9,25.8,19.8,27.5
1772805600,16.9,19.1,11.2,50.1,2.6,5,36,21.2,28.3,36.7,1004.3,1030.8,1017.8,14,42.1,28.3,21.9,22.7
1772809200,18.5,17.8,13.1,48.7,1.9,5.9,37.4,22,31.1,33.9,1004.1,1030.6,1017.6,16.2,45,31.1,24.3,14.6
1772812800,16.7,17.1,14.7,48.3,3.1,7,37.4,22.2,33.5,31.5,1003.1,1030,1017.4,19.9,48,33.5,26.4,9.6
1772816400,19.6,17.9,13.2,45.9,3.3,6.3,37.9,22.3,35.6,29.5,1002.6,1029.3,1017,21.2,51.1,35.6,28.9,8
1772820000,22.5,18.5,10.2,46.5,2.3,6.3,37.4,22.1,36.8,28.3,1002.4,1028.4,1016.3,22.1,52,36.8,29.9,4.3
1772823600,17.1,18.7,12.9,48.9,2.3,5,37.4,22,37.7,27.4,1002.2,1027.7,1015.7,23,52,37.7,31,3.6
1772827200,19.1,20.7,9.8,48.3,2.1,5,39,22.2,38.3,26.9,1002.2,1027.4,1015.5,24.1,54.9,38.3,31.6,2.8
1772830800,17.9,19.8,12.2,47.3,2.8,6.1,39,21.9,37.8,27.3,1003,1027.5,1015.4,24.3,53.1,37.8,31.1,3
1772834400,17.4,20.7,12.2,45.9,3.8,5,37,21.7,36.9,28.2,1003.5,1027.1,1015.7,23,52,36.9,30.2,4.6
1772838000,15.5,23.4,13.4,45.6,2.1,5,37.4,21.5,35.1,30,1004.3,1027.3,1016.3,21.2,48.9,35.1,28.4,5.1
1772841600,13,27.6,11.8,45.3,2.4,6.1,37,21.7,32.8,32.2,1004.6,1028,1016.8,19.4,46.4,32.8,26.4,9.2
1772845200,12.6,30.1,11.1,44.5,1.7,5.9,37,21.5,31.4,33.6,1004.3,1028.5,1016.9,18,44.6,31.4,25.3,15.3
1772848800,11.6,29.7,10,47,1.7,5.9,36,21.4,30.1,35,1004.8,1028,1017.1,16,44.1,30,24.3,19.7
1772852400,7.9,32.5,8.9,50,0.7,6.1,35.6,20.9,28.9,36.1,1004.7,1029.1,1017.3,14.2,43,28.9,23.3,24
1772856000,7.4,31,9.5,50,2.1,5.2,35.6,20.8,28.2,36.8,1004.6,1028.2,1017.1,13.1,42.1,28.2,22.7,27.9
1772859600,9.1,30.5,7.9,50.8,1.7,5.1,35.6,20.6,27.6,37.4,1004.5,1028.1,1017,12.1,41.5,27.6,22.2,29.5
1772863200,9.9,29.1,8.4,51.5,1.2,5,35.6,20.3,27,38,1004.5,1027.9,1016.8,11.1,41,27,21.7,31.1
1772866800,8,28.3,6.8,55.4,1.5,3.2,34,19.7,26,39,1005,1028.3,1017,10.9,39.9,26,20.6,30.2
1772870400,9.4,27.4,6.3,55.2,1.7,3.9,35.6,19.7,25.7,39.3,1004.2,1028.2,1016.4,10.2,39.2,25.7,20.4,31.2
1772874000,11.5,27.1,4.4,56,1,3.2,35.1,19.5,25.2,39.8,1004.3,1028.2,1016.4,9.9,39.9,25.2,19.6,29.2
1772877600,6.8,23.5,7.5,60,2.2,3.2,35.1,19.6,25.2,39.8,1004.1,1028.2,1016.4,9,39,25.2,19.6,30
1772881200,9.9,23.2,9.7,55.4,1.7,3.2,35.1,19.3,24.9,40.2,1004,1029.2,1016.8,9.1,39,24.8,19.5,31.7
1772884800,13.3,20,11.4,53.6,1.7,3.2,34,19.2,24.5,40.5,1004,1029.9,1017.3,8.6,39,24.5,18.8,29.6
1772888400,15.7,19.6,10.6,52.2,1.9,4.1,36,20.5,26.3,38.7,1004.6,1030.4,1017.4,11.8,39.9,26.3,20.3,26.5
1772892000,16.3,19.4,11.2,50.7,2.4,5.2,36,21.6,28.8,36.2,1004.3,1030.7,1017.5,14.2,42.1,28.8,22.5,22.7
1772895600,17.8,17.8,12.3,50,2.1,6.1,37.4,22.4,31.6,33.4,1004.3,1030,1017.4,18,45,31.6,24.8,14.4
1772899200,17.4,16.9,14,48.4,3.1,7,37.9,22.6,34,31,1003.6,1029.5,1017.2,20.1,48,34,27,9.8
1772902800,19.8,18.1,12.9,45.8,3.3,6.8,39,22.6,36.1,29,1003,1029.3,1016.8,21.9,51.8,36.1,29.4,8
1772906400,23.1,18.2,9.7,46.7,2.3,6.8,39.2,22.4,37.3,27.9,1003.6,1028.3,1016.1,22.1,52,37.3,30.4,4.1
1772910000,16.6,18.5,12.4,49.9,2.6,5.2,39,22.4,38.2,27,1002.5,1027.6,1015.5,23,53.1,38.2,31.6,3.6
1772913600,20.2,20,10,47.7,2.1,5.2,39.2,22.5,38.7,26.5,1002.5,1027.3,1015.3,24.1,55,38.7,32.1,2.8
1772917200,17.4,19,12.4,48.1,3.1,6.1,39,22.3,38.3,26.9,1003.4,1027.2,1015.3,24.3,54,38.3,31.7,3.2
1772920800,16.6,19.9,12.6,47.2,3.7,5.2,39.2,22.1,37.5,27.7,1003.9,1026.7,1015.5,23.2,53.1,37.5,30.9,5.1
1772924400,15.3,23,12.4,46.9,2.4,5,37.9,21.9,35.6,29.5,1004.7,1027.1,1016.2,21.2,48.9,35.6,29,5.6
1772928000,13.5,26.5,11.3,46.6,2.1,6.1,37,22.2,33.4,31.6,1004.6,1027.6,1016.6,19.9,46.4,33.4,27.1,9.4
1772931600,14,29.7,9.7,44.9,1.7,7,37,22,31.9,33.1,1004.6,1028.3,1016.8,18.1,45,31.9,25.9,14.9
1772935200,12.1,28.8,10.6,46.8,1.7,7,37.4,21.9,30.7,34.3,1004.9,1027.6,1016.9,16,44.6,30.7,25,18.5
1772938800,8.2,32,8.9,49.8,1.2,6.3,37,21.4,29.5,35.5,1005.1,1028.8,1017.2,15.1,44.1,29.5,23.8,24.2
1772942400,7.9,31,9.3,49.6,2.1,5.2,37,21.4,28.8,36.2,1004.6,1027.4,1016.9,14,43,28.8,23.4,28.5
1772946000,9.3,30.5,8.4,50.1,1.7,5.1,37,21.1,28.2,36.8,1004.5,1027.3,1016.7,12.6,42,28.2,22.9,29.7
1772949600,9.4,29.6,8.9,50.7,1.5,5,37,20.9,27.6,37.4,1004.4,1027.3,1016.5,11.1,41,27.6,22.3,30.9
1772953200,8.5,28.5,6.3,54.6,2,4.1,35.1,20.3,26.6,38.4,1005,1028,1016.7,10.9,39.9,26.6,21.3,30.2
1772953200,10.4,27.7,6.1,54.1,1.7,4.1,36,20.3,26.2,38.8,1004.2,1027.7,1016.3,10.4,39.9,26.2,21.1,31.4
1772956800,11.9,26.9,5.2,55.3,0.7,3.9,36,20.2,25.8,39.2,1004.1,1027.8,1016.2,10,39.9,25.8,20.4,30.7
1772960400,7.6,24.7,7.8,57.9,2,3.9,35.6,20.2,25.8,39.3,1004.1,1027.8,1016.1,9,39,25.7,20.3,30.5
1772964000,10.2,24.1,10,54,1.7,3.2,35.6,19.9,25.4,39.6,1004,1029.1,1016.6,9.9,39,25.4,20.1,30.6
1772967600,13.2,20.8,11,53.3,1.7,3.2,35.1,19.8,25.1,39.9,1004.1,1029.7,1017.1,9,39.9,25.1,19.5,29.8
1772971200,15.5,20.3,10.4,51.9,1.9,5,37,21.1,27,38,1005,1030,1017.1,12,41,27,21,25.6
1772974800,16.5,19.4,11.5,50.1,2.4,6.1,37,22.3,29.6,35.4,1004.3,1030.3,1017.3,14.9,43,29.6,23.4,22.5
1772978400,18.4,18,12.1,49.4,2.1,6.8,37.9,22.9,32.3,32.7,1004.3,1029.5,1017.2,18.1,46,32.3,25.7,15.1
1772982000,17.2,17.4,14.8,47.5,3.1,7.2,38.8,23.1,34.7,30.3,1003.5,1029.4,1016.9,21,48.9,34.7,27.8,9.6
1772985600,18.9,19.2,13.7,44.8,3.4,7.2,39.2,23.2,37,28.2,1002.9,1029,1016.6,22.1,52,37,30.6,8.5
1772989200,22.4,18.5,11.1,45.7,2.3,6.8,39.9,22.9,38.1,27.1,1003.2,1028.3,1016,23,53.6,38.1,31.5,4.5
1772992800,15.7,18.9,13.8,48.8,2.8,5.9,39,22.8,39,26.2,1002.5,1027.3,1015.4,23.9,55,39,32.6,3.9
1772996400,21.1,19.2,11.1,45.8,2.8,5.2,39.2,22.9,39.5,25.8,1002.5,1027.3,1015.3,24.3,55.9,39.5,33,2.8
1773000000,17.1,18.5,13.8,47.4,3.3,6.3,39,22.7,39.1,26.1,1003.5,1027,1015.3,24.8,55.9,39.1,32.6,3.2
1773003600,17,20,13.3,46,3.7,5.2,38.8,22.5,38.2,27,1003.9,1026.5,1015.4,24.3,54,38.2,31.7,4.4
1773007200,16.4,23.3,12.4,45.4,2.6,6.1,37.9,22.3,36.3,28.8,1004.7,1026.9,1016.1,21.2,51.1,36.3,29.8,5.1
1773010800,15.1,27,10.2,45.6,2.1,6.3,37,22.5,34.1,31,1005,1026.8,1016.5,20.1,46.9,34.1,27.8,9.6
1773014400,13.9,30,9.2,44.7,2.1,7,37.4,22.3,32.5,32.5,1004.6,1028,1016.8,19.2,46,32.5,26.6,13.9
1773018000,11.6,29.8,10.2,46.8,1.7,8.1,37.4,22.3,31.3,33.7,1004.9,1027.2,1016.9,17.1,45,31.3,25.6,18.9
1773021600,7.9,32.1,8.1,50.5,1.4,6.8,37,21.8,30.1,34.9,1005.1,1028.7,1017.2,15.8,44.1,30.1,24.6,25.1
1773025200,7.9,31.9,8.6,49.5,2.1,6.1,37.4,21.8,29.4,35.6,1004.9,1027.4,1016.9,14,44.1,29.4,23.9,27.8
1773028800,8.8,31.7,6.9,50.6,1.9,5.5,37.4,21.6,28.8,36.3,1004.7,1027.3,1016.8,13,43.1,28.8,23.4,28.6
1773032400,8.6,30.5,8.1,51.2,1.5,5,37.4,21.3,28.1,36.9,1004.5,1027.3,1016.6,12,42.1,28.1,22.8,29.3
1773036000,7.5,29.7,6.1,54.7,1.9,4.1,35.1,20.6,27.1,37.9,1005,1028,1016.8,11.1,41,27.1,21.7,30.3
1773039600,11.2,28.2,5.4,53.5,1.7,4.1,36,20.7,26.7,38.3,1004.2,1027.7,1016.3,10.9,41,26.7,21.5,29.8
1773043200,11.9,26.4,5.2,55.3,1.2,4.1,36,20.4,26.2,38.8,1004.1,1027.6,1016.3,10.2,41,26.2,20.7,28.9
1773046800,7.6,25.7,7.3,57.5,2,3.9,35.6,20.5,26.2,38.9,1004.1,1027.6,1016.2,9.9,39.9,26.1,20.8,29.9
1773050400,10.2,24.8,10,53.5,1.5,3.9,36,20.3,25.8,39.2,1004,1029.1,1016.7,10,39.9,25.8,20.5,30.4
1773054000,13.6,21,11.2,52.4,1.9,3.2,35.6,20.1,25.5,39.5,1004,1029.6,1017.1,9,39.9,25.5,19.8,28.2
1773057600,15.2,20.2,10.8,51.6,2.2,5,37,21.4,27.4,37.6,1005,1030,1017.3,12.2,41.9,27.4,21.4,23.7
1773061200,16.7,19.9,10.8,49.8,2.9,6.1,37.9,22.6,30.1,34.9,1004.4,1030.3,1017.5,15.3,43.9,30.1,23.8,21.8
1773064800,18,19.1,10.9,49.6,2.4,6.3,37.9,23.2,32.7,32.3,1004.3,1029.5,1017.5,18.9,46,32.7,26.1,14.1
1773068400,16.3,18.4,14.3,47.1,3.9,7,39.2,23.2,35,30.1,1003.6,1029.5,1017.2,21.2,48.9,35,28.2,9.1
1773072000,18,19.7,13.7,45.2,3.4,7,39.9,23.4,37.2,27.9,1002.9,1029.3,1016.8,22.1,52.9,37.2,30.8,7.7
1773075600,21.3,19.4,10.6,46.1,2.5,6.8,39.9,23.1,38.3,26.9,1003.6,1028.3,1016.2,23,54.9,38.3,31.7,4.3
1773079200,15.4,20.1,13.1,48.6,2.8,5.9,39.9,23,39.3,26,1002.9,1027.5,1015.7,23.9,55.9,39.3,32.9,3.6
1773082800,21.1,20,10.7,45.2,3,5.2,39.9,23,39.6,25.7,1002.8,1027.3,1015.6,24.1,57,39.6,33.1,2.5
1773086400,17.1,18.9,12.9,47.4,3.7,6.3,39,22.8,39.2,26,1003.6,1026.8,1015.6,24.3,57,39.2,32.8,3
1773090000,17.7,20.2,12.6,45.6,4,5.2,39,22.5,38.4,26.8,1004.1,1026.5,1015.7,23.9,55,38.4,31.9,4.3
1773093600,16.6,23.5,11.6,45.6,2.6,6.3,37.9,22.4,36.4,28.7,1004.8,1026.9,1016.3,21.2,52,36.4,30,4.8
1773097200,15.1,27.6,9.4,45.5,2.4,6.3,37,22.5,34.2,30.8,1005.2,1026.8,1016.7,20.1,48,34.2,28,9.2
1773100800,13.7,30.7,8.7,44.7,2.1,7,37.4,22.4,32.6,32.4,1005,1028,1017.1,19,46,32.6,26.7,13.5
1773104400,11.3,31.2,9.7,46.1,1.7,7.9,37.4,22.3,31.3,33.7,1005.2,1027.6,1017.2,17.1,45,31.3,25.6,19.1
1773108000,7.9,33.7,7.7,49.3,1.4,6.8,37.4,22,30.2,34.8,1005.2,1028.8,1017.5,16,44.1,30.2,24.7,25.8
1773111600,8.1,33.1,8.1,48.6,2.1,6.1,37.4,21.9,29.4,35.6,1005.1,1027.5,1017.2,14,44.1,29.4,24,28
1773115200,9.3,32.4,7.1,49.3,1.9,5.7,37.4,21.6,28.8,36.3,1004.9,1027.6,1017.1,13.1,42.5,28.8,23.4,28.6
1773118800,8.3,32.1,8.3,49.8,1.5,5.2,37.4,21.3,28.1,36.9,1004.6,1027.7,1017,12.2,41,28.1,22.8,29.2
1773122400,7.7,31.2,5.8,53.3,1.9,4.1,35.1,20.7,27.1,37.9,1005,1028.1,1017,12,41,27.1,21.6,29.2
1773126000,11.5,29.7,5.4,52.2,1.2,5,36,20.8,26.7,38.3,1004.4,1028,1016.7,10.9,39.9,26.7,21.5,29.5
1773129600,11.6,28.6,4.7,53.9,1.2,4.1,35.6,20.4,26.1,38.9,1004.3,1028.1,1016.7,10.2,39.9,26.1,20.7,28.6
1773133200,7.8,27.9,6.8,55.6,1.9,4.1,35.6,20.5,26,39,1004.2,1027.8,1016.6,10.2,39,26,20.6,30
1773136800,10.2,26,10.2,52.3,1.2,3.9,36,20.3,25.7,39.4,1004.8,1029.2,1017.1,10.2,39,25.6,20.4,30
1773140400,14,22.3,10.5,51.1,2.1,3.9,35.1,20.1,25.3,39.7,1004.7,1029.7,1017.6,9.9,39.2,25.3,19.7,28.5
1773144000,14.9,21.4,10.8,51.1,1.7,5.2,37,21.5,27.4,37.6,1005.3,1030.1,1017.7,12.2,41,27.4,21.4,23.7
1773147600,16.9,20.8,11,48.2,3.1,6.1,37.9,22.6,30.1,34.9,1004.9,1030.6,1017.9,15.8,43,30.1,23.9,22.2
1773151200,17.3,20.6,11.4,48.8,1.9,6.8,37.9,23.2,32.8,32.3,1004.9,1029.5,1017.8,18.9,46,32.8,26.1,14.4
1773154800,16,19.7,14.3,46.1,3.9,7,39.9,23.3,35.1,29.9,1003.7,1029.6,1017.6,21,50,35.1,28.4,9.5
1773158400,17.8,20.9,13.7,44.2,3.4,7,39.9,23.4,37.4,27.7,1003.7,1029.5,1017.2,22.1,53.1,37.4,31.2,7.8
1773162000,20.6,20.9,10.4,45.5,2.6,6.8,39.9,23.1,38.5,26.7,1004.3,1028.4,1016.7,23,55,38.5,31.9,4.1
1773165600,16.6,21.5,12.1,47.2,2.6,6.3,41,23,39.5,25.8,1003.7,1027.7,1016.1,23.9,57,39.5,33.1,3.4
1773169200,21.1,21.1,10.4,44.3,3,5.2,39.9,23,39.8,25.5,1004.6,1027.4,1016,24.3,57,39.8,33.4,2.5
1773172800,16.8,20.3,12.6,46.6,3.7,6.1,39.2,22.7,39.5,25.8,1004.7,1027.5,1016,24.3,57,39.5,33.1,3
1773176400,17.4,21.9,12.8,44.4,3.5,5.2,39,22.5,38.6,26.6,1004.6,1027,1016.1,23.9,55.4,38.6,32.1,3.9
1773180000,15.6,25.4,11.4,45,2.6,5.9,37.9,22.4,36.6,28.5,1005.1,1027.9,1016.7,21.2,53.1,36.6,30.2,4.8
1773183600,13.9,29.2,9.6,44.9,2.4,6.1,37.4,22.4,34.3,30.7,1005.6,1028,1017.1,19.9,48.2,34.3,28.1,9.2
1773187200,14,32.8,8.3,43,1.9,7,37.4,22.4,32.7,32.3,1005.8,1028.5,1017.4,18.9,46,32.7,26.8,13.8
1773190800,10.4,33,10.1,44.8,1.7,7,37.9,22.3,31.4,33.7,1005.5,1028.4,1017.5,17.1,45,31.4,25.8,19.4
1773194400,8.1,35.4,7.2,47.8,1.4,6.8,37,21.9,30.2,34.8,1005.5,1029.1,1017.8,15.8,44.1,30.2,24.8,26.5
1773198000,8.1,34.8,7.6,47.7,1.7,5.2,37.4,21.8,29.4,35.6,1005.3,1028.2,1017.5,14,44.1,29.4,24.1,28.9
1773201600,8.8,34.1,6.6,48.6,1.9,5.2,37.2,21.5,28.7,36.3,1005.3,1028.1,1017.5,13,42.5,28.7,23.5,29.4
1773205200,7.7,33.1,8.6,49.1,1.5,5.2,37,21.2,28,37,1005.2,1028,1017.4,12,41,28,22.8,29.9
1773208800,6.9,32.6,6.4,52.2,2,5,35.1,20.7,27,38,1005,1028.3,1017.2,11.8,39.9,27,21.6,29.7
1773212400,11.5,31.6,5.1,50.5,1.2,5,35.6,20.8,26.6,38.4,1004.7,1028.3,1017,10.9,39.9,26.6,21.5,30.1
1773216000,11,29.8,5.4,52.6,1.2,4.1,35.6,20.4,26.1,38.9,1004.5,1028.4,1017.1,10.2,39.9,26.1,20.8,29.9
1773219600,7.5,28.9,7,54.7,1.9,4.1,35.1,20.5,26,39.1,1004.6,1028.5,1016.9,10.2,39,25.9,20.6,30.7
1773223200,10.7,26.9,10,51.2,1.2,3.2,36,20.4,25.7,39.3,1005,1029.3,1017.4,10.2,39,25.7,20.5,29.8
1773226800,14,24.2,9,50.7,2.1,3.2,36,20.2,25.5,39.5,1005.2,1029.8,1017.8,9.9,39.9,25.5,19.9,28.7
1773230400,14.4,23.1,10.3,50.5,1.7,5.2,37.4,21.7,27.6,37.4,1005.7,1030,1017.9,12.2,41.9,27.6,21.7,23.5
1773234000,16.4,21.7,11,48.1,2.9,6.8,37.9,22.8,30.4,34.7,1005.2,1030.6,1018.1,16,43,30.4,24.2,22.5
1773237600,16.3,21.3,11.1,49.2,2.1,7,39,23.4,33,32,1005.2,1029.5,1018,19.2,46.4,33,26.5,13.7
1773241200,15.8,20.6,14.1,45.9,3.6,7.2,39.9,23.5,35.4,29.6,1004.3,1029.6,1017.7,21.2,50,35.4,28.8,9.8
1773244800,18.2,21.8,12.9,44,3.1,7.2,39.9,23.7,37.7,27.4,1004.7,1029.5,1017.4,23,53.1,37.7,31.6,8.3
1773248400,20.4,20.6,11.4,45.2,2.3,7,39.9,23.3,38.8,26.4,1004.5,1028.4,1016.9,23.9,55,38.8,32.4,4.1
1773252000,16.6,21.1,12.2,47.8,2.3,6.3,41,23.3,39.8,25.4,1004.1,1027.7,1016.3,24.3,57,39.8,33.5,3.7
1773255600,21.1,20.8,10,45.4,2.8,6.1,41,23.3,40.1,25.2,1004.8,1027.4,1016.2,24.8,57,40.1,33.9,2.8
1773259200,16.6,20.1,11.7,47.9,3.7,6.3,39.2,23.2,39.8,25.4,1005.2,1027.5,1016.1,25,57.2,39.8,33.6,3
1773262800,18.6,22.1,11.4,44.9,3,6.1,39.2,22.9,38.9,26.3,1005.4,1027.1,1016.3,24.3,55.4,38.9,32.5,3.9
1773266400,15.2,25.7,10.5,46.3,2.4,6.3,39,22.8,37,28.1,1005.2,1027.8,1016.7,22.1,53.1,37,30.7,5.3
1773270000,13.2,28.5,9.4,46.7,2.1,6.3,37.9,22.8,34.7,30.3,1005.6,1028,1017.1,21.2,48.9,34.7,28.7,9.9
1773273600,12.2,32.2,8.4,45.3,1.9,7,37.9,22.8,33.1,32,1005.8,1028.5,1017.5,19.4,46,33.1,27.3,13.6
1773277200,10.5,32.8,9.5,45.4,1.9,7.9,37.9,22.6,31.7,33.3,1005.6,1028.4,1017.6,17.2,45,31.7,26.3,19
1773280800,7.2,35.6,7.2,48.6,1.4,6.8,37.4,22.2,30.6,34.4,1005.6,1029,1017.9,16,44.1,30.6,25.3,27.4
1773284400,8.4,33.7,7.4,48.6,1.9,6.3,37.4,22.3,29.8,35.2,1005.2,1028.7,1017.5,14.2,44.1,29.8,24.6,28.4
1773288000,8.6,33.8,6.7,49,1.9,6.5,37.4,22,29.1,35.9,1005,1028.5,1017.5,13.2,43.1,29.1,23.9,28.9
1773291600,7.9,32.8,8.1,49.6,1.5,6.8,37.4,21.7,28.4,36.6,1004.9,1028.3,1017.4,12.2,42.1,28.4,23.2,29.5
1773295200,6.9,32.4,6.4,52.5,1.7,5.2,36,21.2,27.4,37.6,1005,1028.4,1017.2,12.2,39.9,27.4,22.1,30.4
1773298800,12.1,31.5,5.2,50.2,1,6.1,36,21.1,26.9,38.1,1004.4,1028.3,1017,11.1,39.9,26.9,21.9,30.9
1773302400,10.9,29.7,5.6,52.6,1.2,5,35.6,20.9,26.4,38.6,1004.4,1028.6,1017.1,10.2,39.9,26.4,21.3,31.3
1773306000,7.4,29.3,6.7,54.7,1.9,5,35.6,20.9,26.3,38.8,1004.3,1028.6,1017,10.2,39,26.2,21.2,31.8
1773309600,11.2,26.9,9.8,50.9,1.2,4.1,36,20.9,26.2,38.9,1004.9,1029.3,1017.4,10.2,39.9,26.1,21,30.3
1773313200,13.5,25.3,9,50.1,2.1,3.9,36,20.6,25.8,39.2,1004.9,1029.9,1017.9,9.1,39.9,25.8,20.3,29.3
1773316800,15.3,23.7,9.3,49.5,2.2,5.2,37.4,22.1,28,37,1005.4,1030,1017.9,12.2,42.1,28,22.2,24.1
1773320400,16.6,22,11.4,46.7,3.3,7,37.9,23.2,30.8,34.2,1005,1030.6,1018.1,16,43.9,30.8,24.8,22
1773324000,16.8,21.7,10.6,48,2.8,7.2,39.2,23.7,33.5,31.5,1005.2,1029.5,1018,19.4,46.9,33.5,27.2,13.9
1773327600,15.4,21,14.2,45.5,3.9,7.2,39.9,23.9,36,29,1004.2,1029.6,1017.7,21.2,51.1,36,29.6,10.6
1773331200,18.8,21.9,13.1,43.2,3.1,7.2,41,24,38.3,26.8,1004.2,1029.5,1017.3,23,54.9,38.3,32.3,8.3
1773334800,21.1,21.3,10.7,44.5,2.3,7.2,39.9,23.6,39.4,25.8,1004.2,1028.5,1016.9,24.1,55.9,39.4,33.1,5.1
1773338400,16.8,21.7,11.4,47.8,2.3,7,41.9,23.6,40.3,24.9,1003.7,1027.9,1016.3,24.3,57.2,40.3,34.2,3.4
1773342000,21.5,21.7,9,45,2.8,6.8,42.1,23.7,40.6,24.7,1004.6,1027.4,1016.1,24.8,57.2,40.6,34.6,3.4
1773345600,16.8,21,11.4,47.3,3.5,6.8,39.9,23.5,40.3,24.9,1004.6,1027.7,1016.1,25,57.2,40.3,34.3,3
1773349200,19,22.7,11.1,44.2,3,6.3,39.9,23.1,39.4,25.8,1004.4,1027.2,1016.2,24.8,55.9,39.4,33.2,3.9
1773352800,14.7,26.1,11.4,45.8,1.9,6.8,39.9,23.1,37.5,27.6,1005,1028,1016.7,23,53.1,37.5,31.3,6
1773356400,12,29,9.9,46.7,2.4,6.8,39.2,23,35.1,29.9,1005.4,1028.3,1017.1,21.2,48.9,35.1,29.2,10.4
1773360000,11.5,33.2,8.1,45.1,2.1,7.9,39,23.1,33.4,31.6,1005.7,1028.8,1017.5,19.4,46.9,33.4,27.7,14
1773363600,10,33.6,9.2,45.3,1.9,7.9,39,22.9,32.1,32.9,1005.5,1028.6,1017.6,18,45.9,32.1,26.7,18.8
1773367200,7.2,35.7,7,48.7,1.4,6.8,37.4,22.6,30.9,34.1,1005.4,1029.3,1017.8,16.2,44.6,30.9,25.7,27
1773370800,8.6,32.9,7.4,49.3,1.9,6.3,37.9,22.5,30.1,34.9,1005.1,1028.7,1017.5,15.8,44.6,30.1,25,29.4
1773374400,8.3,33.3,7.4,49.4,1.7,6.7,37.6,22.1,29.3,35.7,1005.2,1028.7,1017.5,14,43.4,29.3,24.2,29.9
1773378000,7.8,31.5,8.6,50.4,1.7,7,37.4,21.8,28.5,36.5,1005.2,1028.6,1017.5,12.2,42.1,28.5,23.4,30.4
1773381600,7.1,31.3,6.9,53,1.7,6.3,35.6,21.3,27.6,37.4,1005,1028.9,1017.3,12.2,39.9,27.6,22.3,29.6
1773385200,12.1,30.9,5.7,50.4,1,6.3,36,21.2,27,38,1004.2,1028.8,1017,12.2,39.9,27,22.1,31.2
1773388800,11.4,28.9,5.6,52.9,1.2,5.2,35.6,21,26.6,38.4,1004.3,1028.6,1017,12,39.9,26.6,21.3,31.1
1773392400,7.1,29.3,6.7,55,1.9,5.2,35.1,21,26.4,38.7,1004.2,1028.6,1017.1,11.1,39,26.3,21.2,31.1
1773396000,11.1,26.9,9.7,51.6,0.7,4.1,36,21,26.3,38.7,1004.6,1029.3,1017.5,10.4,39.9,26.3,21.2,30.7
1773399600,13.8,24.6,9.2,50,2.3,4.1,36,20.8,26,39,1004.7,1029.8,1017.9,10.4,39.9,26,20.5,28.4
1773403200,15.3,23.4,10,49,2.2,5.9,37.4,22.2,28.2,36.8,1005.3,1030,1018,12.2,42.1,28.2,22.3,24.1
1773406800,16.9,21.4,11.8,46.8,3.1,7.2,37.9,23.2,31,34.1,1005.2,1030.3,1018.2,16.2,43.9,31,24.9,21.2
1773410400,17.9,21.4,10.4,47.5,2.8,7.9,39.2,23.8,33.7,31.3,1005.2,1029.5,1018.1,19.4,46.9,33.7,27.3,12.7
1773414000,16,21.1,14.1,45,3.8,8.1,39.9,23.9,36.2,28.8,1004.4,1030,1017.8,21.2,50.9,36.2,29.8,10
1773417600,19.4,22.5,12.3,43.1,2.6,7.2,39.9,24,38.5,26.7,1004.5,1029.5,1017.3,23,54,38.5,32.5,7.3
1773421200,22.3,21.2,10.2,44.2,2.1,7,39.9,23.5,39.5,25.7,1004.5,1028.7,1017,24.1,55.4,39.5,33.3,5.5
1773424800,17.1,22,11,47.9,2.1,6.8,41,23.6,40.4,24.9,1003.7,1028.1,1016.3,24.1,57.2,40.4,34.3,3.4
1773428400,21.8,21.5,8.8,45.1,2.8,6.8,42.1,23.7,40.7,24.6,1004.6,1027.6,1016.2,24.3,57,40.7,34.6,4.1
1773432000,15.9,20.7,11.7,48.3,3.5,6.8,39.9,23.5,40.3,24.9,1004.6,1027.7,1016.1,25,57.2,40.3,34.3,3
1773435600,18.3,22.5,11.3,45.1,2.8,6.3,39.9,23.2,39.4,25.8,1004.9,1027.6,1016.2,24.8,55.9,39.4,33.2,4.3
1773439200,14,26.1,11.4,46.8,1.7,6.8,39.9,23.2,37.5,27.6,1005,1028.2,1016.6,23,53.1,37.5,31.4,6.2
1773442800,11.4,28.3,10.7,47.3,2.4,6.8,39.9,23.2,35.2,29.8,1005.4,1028.2,1017,21.2,48.9,35.2,29.3,10.9
1773446400,10.8,33,8.9,45.5,1.9,7,39,23.2,33.6,31.5,1005.7,1028.8,1017.4,19.4,46.9,33.6,27.9,14.3
1773450000,9.7,33.3,10.2,45.4,1.4,7.2,39,23.1,32.3,32.7,1005.5,1028.6,1017.5,18,46,32.3,26.9,18.3
1773453600,6.9,35.6,7.2,49,1.2,6.8,37.9,22.8,31.1,33.9,1005.4,1029.3,1017.8,16.9,44.6,31.1,26,27.4
1773457200,8.4,32.2,7.9,49.9,1.7,6.3,37.9,22.8,30.3,34.7,1005.2,1028.8,1017.4,15.8,44.1,30.3,25.2,29.9
1773460800,8.6,32.8,7.9,49.5,1.2,6.5,37.5,22.4,29.5,35.5,1005.3,1028.8,1017.4,14,43.1,29.5,24.4,30.5
1773464400,8.3,30.7,8.8,50.5,1.7,6.8,37,21.9,28.7,36.3,1005.4,1028.7,1017.4,12.2,42.1,28.7,23.6,31.1
1773468000,7.7,30.7,7.2,53,1.5,6.3,35.6,21.6,27.8,37.2,1005.1,1028.9,1017.2,12.2,39.9,27.8,22.5,30.4
1773471600,12.2,29.5,6.9,50.1,1.2,6.3,36,21.4,27.2,37.8,1004.5,1028.8,1017,12.2,41,27.2,22.3,30.4
1773475200,12.4,28,6.1,52.6,1,5.2,36,21.3,26.8,38.2,1004.3,1028.6,1016.9,12,39.9,26.8,21.7,32.5
1773478800,7.1,28,7.6,55.1,2.1,5.2,35.6,21.2,26.6,38.4,1004.2,1028.8,1017.1,11.1,39,26.6,21.5,31.3
1773482400,11.6,25.7,9.9,52.1,0.7,5,37,21.4,26.6,38.4,1004.5,1029.3,1017.4,10.9,39.9,26.6,21.5,30.4
1773486000,13.3,24.1,9.4,50.8,2.3,5,37,21.1,26.3,38.7,1004.7,1029.7,1017.8,10.9,39.9,26.3,20.9,28.9
1773489600,15.2,23.2,9.7,49.8,2.1,7,37.9,22.5,28.5,36.5,1004.6,1030,1017.9,13.1,41.9,28.5,22.6,24.5
1773493200,16,21.1,12,47.4,3.5,7.2,39,23.5,31.3,33.7,1004.7,1030.3,1018.1,16.9,43.9,31.3,25.3,21.7
1773496800,17.5,20.7,10.5,48.3,3,7.9,39.9,23.9,33.9,31.1,1004.9,1029.6,1018,19.9,46.4,33.9,27.6,13.8
1773500400,16.3,20.8,13.9,45.2,3.8,8.2,41,24.1,36.3,28.7,1004.3,1030,1017.6,21.2,50.9,36.3,30,10
1773504000,19.4,22.5,12.3,42.8,3.1,7.2,41,24.2,38.6,26.6,1004.5,1029.5,1017.2,23.2,53.1,38.6,32.6,7.8
1773507600,22.8,21.2,10.2,43.7,2.1,7.2,41,23.8,39.7,25.5,1004.2,1028.7,1016.8,24.8,55,39.7,33.6,5.5
1773511200,17.7,22.1,11.2,46.9,2.1,6.8,41.9,23.8,40.6,24.6,1003.6,1028.3,1016.2,24.8,57.2,40.6,34.5,3.4
1773514800,22,21.3,9,44.5,3,6.8,42.1,23.9,40.9,24.4,1003.5,1027.8,1015.9,25.2,57.2,40.9,34.9,4.2
1773518400,14.9,20.7,11.9,48.7,3.7,6.8,39.9,23.6,40.5,24.8,1003.6,1027.9,1015.9,25.2,57.2,40.5,34.5,2.8
1773522000,17.8,22.2,11.6,45.6,2.8,6.1,39.9,23.3,39.5,25.7,1003.9,1028,1016.1,24.8,55.9,39.5,33.3,4.3
1773525600,13.7,26,11.8,46.8,1.7,6.8,39.9,23.3,37.7,27.4,1004.3,1028.4,1016.5,23.2,53.1,37.7,31.5,5.3
1773529200,11.6,27.8,11.1,47.2,2.4,6.8,39.9,23.3,35.3,29.7,1004.2,1028.6,1016.8,21.2,48.9,35.3,29.5,10.1
1773532800,10.7,33.1,8.8,45.5,1.9,7.2,39,23.4,33.7,31.3,1004.6,1029.2,1017.3,19.9,46.9,33.7,27.9,13.3
1773536400,8.8,33.4,10.9,45.3,1.7,7.9,39,23.2,32.4,32.6,1004.8,1029,1017.4,18.9,45,32.4,27,16.9
1773540000,7.6,35.4,7.6,48.2,1.2,8.2,37,22.9,31.3,33.7,1005.1,1029.3,1017.5,18,44.1,31.3,26.1,26.4
1773543600,7.9,32,7.9,50.4,1.9,6.8,37.9,22.9,30.4,34.6,1004.6,1028.9,1017.2,16,44.1,30.4,25.3,29.1
1773547200,8.9,32.1,8.6,49.2,1.2,7,37.5,22.5,29.6,35.4,1004.8,1028.8,1017.2,15,42.5,29.6,24.6,29.5
1773550800,7.6,30.9,8.6,51.2,1.7,7.2,37,22.2,28.9,36.1,1004.9,1028.7,1017.2,14,41,28.9,23.8,29.9
1773554400,8.1,30.5,6.6,53.3,1.5,6.3,35.6,21.9,28.1,36.9,1005,1028.8,1017,14,41,28.1,22.8,29.1
1773558000,11.9,29.4,6.9,50.9,1,6.3,36,21.8,27.6,37.4,1004.2,1028.8,1016.7,12.9,41,27.6,22.6,29.6
1773561600,11.7,28,5.9,53.2,1.2,5.9,36,21.5,27.2,37.8,1004,1029.2,1016.8,12.2,39.9,27.2,22,31
1773565200,6.4,28.3,6.9,56.3,2.1,5.9,36,21.5,26.9,38.1,1004,1028.9,1016.9,12,39,26.9,21.8,30.4
1773568800,11.6,24.2,10.6,52.9,0.7,6.1,36.9,21.7,26.9,38.1,1004.2,1029.3,1017.2,12,39.9,26.9,21.7,29.2
1773572400,13.8,23.7,9.2,51.2,2.1,5,37,21.4,26.7,38.3,1004.3,1029.7,1017.6,11.1,39.9,26.7,21.3,28.5
1773576000,15.3,22.1,10.4,49.9,2.4,7.2,37.4,22.7,28.9,36.1,1004.4,1030,1017.6,14,41.9,28.9,22.8,22.3
1773579600,15.4,20.3,12.9,47.4,4,7.9,39,23.7,31.6,33.4,1004.5,1030.3,1017.8,17.6,44.1,31.6,25.4,18.9
1773583200,17.2,20.2,10.7,48.6,3.3,8.2,39.2,24.1,34.3,30.8,1004.6,1030.1,1017.7,20.8,46.9,34.3,27.9,12
1773586800,17,20.3,13.6,45.5,3.6,8.2,39.9,24.2,36.6,28.5,1003.8,1030,1017.4,22.1,50,36.6,30.2,9.4
1773590400,19.6,21.5,11.8,43.7,3.3,7.9,41,24.3,38.8,26.4,1003.7,1029.5,1017,24.3,53.1,38.8,32.7,7.5
1773594000,23.4,20.1,9.6,44.9,2.1,8.2,39.9,23.8,39.9,25.3,1004,1028.9,1016.6,25,55.9,39.9,33.8,5.3
1773597600,17.9,21.2,11.2,47.3,2.3,7,41,23.9,40.7,24.5,1003.6,1028.3,1016,25,57.9,40.7,34.7,3.5
1773601200,22.7,20.4,9.3,44.9,2.8,7,41,24,41,24.3,1003.5,1027.8,1015.8,26.2,57.2,41,35,4.4
1773604800,14.8,20.1,12.3,49.3,3.5,6.8,39.9,23.6,40.5,24.7,1003.6,1028.1,1015.9,25.9,57.2,40.5,34.5,2.5
1773608400,19.1,21.2,12,45.6,2.1,6.3,39.2,23.4,39.6,25.6,1003.9,1028.2,1016,25,55.9,39.6,33.4,3.4
1773612000,14.6,25.1,11.3,47.4,1.6,6.8,39.9,23.4,37.9,27.2,1004,1028.6,1016.4,24.1,53.1,37.9,31.8,5.3
1773615600,12.7,26.6,11.1,46.8,2.8,8.2,39,23.3,35.5,29.5,1004.2,1028.6,1016.7,21.9,48.9,35.5,29.7,9.9
1773619200,10.2,32.2,9,46.7,1.9,8.2,37.9,23.3,33.8,31.2,1004.6,1029.2,1017.2,21.2,46.9,33.8,28,12.5
1773622800,8.1,32.9,11.7,46,1.4,8.2,39,23.2,32.6,32.4,1004.6,1029,1017.3,19.2,45,32.6,27.1,16.5
1773626400,6.6,34.7,8.5,49.1,1.2,8.2,37,22.9,31.5,33.5,1005.1,1029.3,1017.5,18.1,44.1,31.5,26.2,25.3
1773630000,8.6,31.4,8.1,50.4,1.7,7.2,37,22.8,30.5,34.5,1004.6,1029.1,1017.2,16.9,43,30.5,25.4,28.5
1773633600,8.3,31.4,8.6,50.2,1.4,7.2,36.5,22.5,29.7,35.3,1004.8,1029,1017.2,16.1,42,29.7,24.6,28.6
1773637200,7.5,30.8,9,51.2,1.5,7.2,36,22.1,28.9,36.1,1004.9,1029,1017.2,15.3,41,28.9,23.8,28.7
1773640800,8.6,29.6,7.1,52.8,2,7.2,35.6,22,28.3,36.7,1005,1028.8,1016.9,14.2,41,28.3,23,27.6
1773644400,12.1,28.1,6.9,51.9,1,6.8,36,22,27.8,37.2,1004.3,1028.8,1016.7,14.2,41,27.8,22.9,28.9
1773648000,12.2,27.3,6.3,53.2,1,7,36,21.8,27.5,37.5,1004,1028.9,1016.7,14,39.9,27.5,22.3,30.3
1773651600,7.4,27.4,6.4,56.2,2.6,7,36,21.7,27.2,37.8,1004,1029,1016.9,13.1,39.2,27.2,22,29.5
1773655200,12.1,24.2,9.7,52.9,1.2,6.8,36.9,21.8,27.2,37.9,1004.4,1029.3,1017.2,12.9,39.2,27.1,21.9,27.5
1773658800,14.8,23.5,8.7,50.7,2.3,7,36,21.6,27.1,37.9,1004.4,1029.7,1017.6,12.9,41,27.1,21.5,26.4
1773662400,16.2,21.4,10.8,49.1,2.6,9,37.4,22.9,29.2,35.8,1004.5,1030,1017.6,15.8,42.1,29.2,23.1,21.5
1773666000,16.4,19.7,13.6,46.4,4,9,37.9,23.8,32.1,32.9,1004.5,1030.2,1017.8,19.2,44.1,32.1,25.8,17.4
1773669600,17.6,20.1,10.4,48.1,3.7,9,39,24.1,34.6,30.4,1004.7,1030.1,1017.7,21.2,46.9,34.6,28.3,12.2
1773673200,17.8,19.2,13.5,45.4,4,8.6,39.9,24.2,36.9,28.2,1004,1029.9,1017.4,24.3,50,36.9,30.4,9.9
1773676800,20.8,20.1,12.1,43.7,3.3,8.2,39.9,24.3,39,26.1,1004.2,1029.5,1017,24.8,53.1,39,32.9,8
1773680400,24.1,18.6,10.2,45.2,1.9,8.2,39.9,23.8,40.1,25.1,1004,1028.7,1016.5,25.2,55.4,40.1,34.1,5.5
1773684000,18.6,19.8,11.4,48,2.1,8.2,41,24,41.1,24.2,1003.7,1028.2,1016.1,26.6,57.2,41.1,35.1,3.7
1773687600,23.6,19.2,9.7,45,2.5,8.2,39.9,24,41.2,24,1003.8,1027.6,1015.8,27,57.2,41.2,35.3,4.4
1773691200,15,19.2,12.5,49.8,3.5,7,39.9,23.7,40.8,24.4,1004.6,1027.9,1016,26.6,57.2,40.8,34.9,2.3
1773694800,20,20.2,12.2,45.7,1.8,7,39.2,23.4,39.9,25.3,1004.4,1028,1016.1,25.9,55.9,39.9,33.7,3.4
1773698400,15.2,24.4,11.2,47.3,1.9,7.2,39.2,23.5,38.2,26.9,1004.6,1028.3,1016.4,24.8,53.6,38.2,32.2,5.5
1773702000,13.8,25.9,11,46.3,3,8.2,37.9,23.4,35.8,29.2,1004.5,1028.5,1016.8,23,48.9,35.8,30.1,10.8
1773705600,10.8,32,9.2,45.9,2.1,8.6,37.9,23.4,34,31,1004.7,1028.9,1017.3,21.2,46.4,34,28.3,13
1773709200,7.8,33.7,12.1,44.9,1.4,8.6,37.4,23.3,32.8,32.2,1004.8,1028.7,1017.4,19.4,45,32.8,27.4,17.4
1773712800,7,35.4,8,48.1,1.4,8.6,36.9,23.2,31.7,33.3,1005.3,1029.1,1017.5,19.2,44.1,31.7,26.6,25.6
1773716400,8.5,31.6,8.5,49.8,1.7,8.2,37,23,30.6,34.4,1004.9,1028.9,1017.4,17.2,43,30.6,25.6,29.5
1773720000,8.1,32.4,8.6,49.5,1.4,8.1,36.3,22.6,29.8,35.2,1005,1028.8,1017.4,16.6,42,29.8,24.8,30
1773723600,7.6,32.2,8.8,50,1.5,8.1,35.6,22.3,29,36,1005.1,1028.8,1017.4,16,41,29,24,30.5
1773727200,9.3,30.6,7.3,50.9,2,8.6,35.1,22.1,28.4,36.6,1005,1028.8,1017,15.3,39.9,28.4,23.2,28.8
1773730800,11.9,28.7,7.4,50.5,1.5,7.2,35.6,22,27.9,37.1,1004.3,1028.6,1016.8,15.3,39.9,27.9,22.9,29.6
1773734400,12.2,27.9,7.3,51.6,1,7.2,35.6,21.8,27.5,37.5,1004,1028.7,1016.8,14,39.2,27.5,22.4,31
1773738000,7.7,29,6.7,54,2.6,8.1,35.6,21.8,27.2,37.8,1004,1029,1017.1,14,39,27.2,22.1,30.8
1773741600,12,25.5,9.6,51.6,1.2,8.1,35.6,21.8,27.1,38,1004.4,1029.3,1017.3,12.9,39,27,21.9,29.3
1773745200,14.8,24.2,9.6,48.7,2.6,7.2,36,21.7,27.1,37.9,1004.4,1029.8,1017.8,13.1,39.2,27.1,21.6,27.4
1773748800,16.9,22.3,10.6,46.9,3.3,10,37,23.1,29.4,35.6,1004.5,1030.3,1017.8,16.2,41,29.4,23.4,22.9
1773752400,16.5,20.7,12.7,46.1,4,10.4,37.9,24.1,32.3,32.7,1004.6,1030.3,1018,19.9,43,32.3,26.3,19.7
1773756000,16.9,20.6,10.9,47.9,3.7,9.1,37.9,24.3,35,30,1004.8,1030.5,1017.9,22.1,46.4,35,28.8,12.4
1773759600,18.2,19.4,14,44.5,3.8,9.1,39.2,24.4,37.3,27.7,1004.2,1030,1017.6,24.8,50.9,37.3,31,10.3
1773763200,21.4,20.7,12.4,42.7,2.8,8.6,39.2,24.4,39.5,25.6,1004.5,1029.6,1017.2,26.6,54,39.5,33.5,8.4
1773766800,23.2,19.3,10.9,44.8,1.9,8.6,39.9,24,40.6,24.5,1004.1,1029,1016.7,26.6,55.4,40.6,34.7,4.6
1773770400,19.4,19.9,10.5,47.7,2.6,8.6,41,24.2,41.5,23.7,1004,1028.3,1016.2,28.2,57.2,41.5,35.5,3.2
1773774000,23.8,19.7,9.5,44.2,2.8,8.6,39.9,24.2,41.6,23.6,1004.3,1027.7,1015.9,28.2,57.2,41.6,35.9,4.6
1773777600,15.8,19.5,11.4,50.1,3.2,7.2,39.2,23.8,41.3,23.9,1004.7,1028.1,1016,27.1,57,41.3,35.5,2.5
1773781200,20.6,20.6,10.8,45.4,2.5,8.1,39,23.6,40.4,24.8,1004.9,1028.2,1016.2,26.6,55.9,40.4,34.3,3.6
1773784800,15.5,25.4,10.1,47.2,1.9,7.9,39.2,23.7,38.7,26.4,1005,1028.3,1016.5,25.2,53.6,38.7,32.9,5.3
1773788400,13.1,26.9,10.3,47.1,2.6,8.2,37.9,23.6,36.2,28.9,1005.2,1028.4,1016.9,24.3,48.9,36.2,30.6,10.8
1773792000,11.3,32.5,8.3,46,1.9,9.1,37.9,23.7,34.4,30.7,1005,1028.8,1017.4,23,46.4,34.4,28.8,13.9
1773795600,7.4,34.4,12.6,44.7,1,9,37.4,23.6,33,32,1005.3,1028.9,1017.6,21.2,44.6,33,27.8,19.1
1773799200,6.3,35.2,8.9,48.1,1.4,9.1,36,23.5,32,33,1005.5,1029,1017.7,19.4,44.1,32,27,27.1
1773802800,8.3,32.2,9.2,48.9,1.4,8.6,36,23.2,30.8,34.2,1005.1,1028.9,1017.6,18,43,30.8,25.9,30.3
1773806400,7.4,33.2,9.5,48.9,1,8.4,35.5,22.9,30,35,1005.3,1028.8,1017.6,17.1,42,30,25.1,31.1
1773810000,7.6,32.8,8.8,49.6,1.2,8.2,35.1,22.6,29.2,35.8,1005.4,1028.8,1017.6,16.2,41,29.2,24.4,32
1773813600,9.3,31.2,7.1,50.4,2,8.6,35.1,22.4,28.6,36.4,1005.1,1028.8,1017.2,15.8,39.9,28.6,23.6,29.2
1773817200,11.7,29.7,7.5,49.4,1.7,8.6,35.6,22.3,28.1,36.9,1004.7,1028.6,1017.1,15.8,39.9,28.1,23.4,31.6
1773820800,12.7,28.9,7.1,50.2,1,8.6,35.1,22.2,27.7,37.3,1004.1,1028.6,1017,15.8,39.2,27.7,22.8,32.7
1773824400,7.9,29.6,7,52.9,2.6,9,35.1,22.1,27.4,37.6,1004.3,1028.9,1017.3,15.1,39,27.4,22.6,31.8
1773828000,12.9,25.5,9.7,50.6,1.2,8.6,35.6,22.1,27.4,37.6,1004.5,1029.3,1017.5,14.2,39,27.4,22.4,29.6
1773831600,16.7,24,8.9,48,2.4,8.6,36,22.3,27.6,37.4,1004.9,1029.7,1017.9,15.1,39.2,27.6,22.3,29.1
1773835200,16.4,22.5,10.3,47.5,3.3,10.9,37.4,23.6,29.9,35.1,1004.6,1030,1018,18,41.9,29.9,24.1,23.8
1773838800,16.7,20.7,13.4,45.8,3.5,11.1,37.9,24.5,32.9,32.1,1004.7,1030.2,1018.1,21.2,44.1,32.9,27,19.7
1773842400,18.1,20.4,11.3,46.5,3.7,10.2,39,24.7,35.7,29.4,1005,1030.1,1018,24.3,46.9,35.7,29.7,13.4
1773846000,18.9,19.4,14.4,43.5,3.8,10.2,39.9,24.9,38,27,1004.4,1029.8,1017.7,25.2,51.1,38,32,11
1773849600,20.4,20.4,13.4,42.7,3.1,9.1,39.2,24.8,40.2,24.9,1004.9,1029.5,1017.3,27.1,55,40.2,34.4,8.4
1773853200,22.3,19,12.3,44.5,1.9,9.1,39.9,24.4,41.4,23.8,1004.2,1029,1016.8,28.4,57,41.4,35.7,4.8
1773856800,19.2,20.6,11.2,46.6,2.3,8.6,41,24.7,42.2,23.1,1004.2,1028.4,1016.3,28.9,57.9,42.2,36.5,3.3
1773860400,24,20.2,10.2,43.3,2.3,9.1,39.9,24.8,42.4,22.9,1004.3,1027.7,1015.9,28.4,57.9,42.4,36.8,4.4
1773864000,16.2,20.1,10.9,49.7,3.2,8.2,39.9,24.4,42,23.3,1004.7,1027.9,1016.1,28.2,57.2,42,36.4,2.3
1773867600,21.4,20.7,9.9,45.5,2.5,8.6,39.2,24.1,41,24.2,1005,1028,1016.3,27.1,57,41,35.2,3.2
1773871200,16.5,24.9,9.6,46.8,2.1,8.2,39.9,24.2,39.5,25.7,1005,1028.2,1016.5,26.6,54,39.4,33.7,5.3
1773874800,13.3,26.6,10.5,47.1,2.6,8.6,38.8,24.1,36.9,28.2,1005.5,1028.4,1017,24.8,50,36.9,31.4,10.3
1773878400,11.8,31.1,9,46.5,1.7,10.2,37.9,24.3,35.1,29.9,1005.9,1028.7,1017.4,24.1,46.9,35.1,29.5,13
1773882000,8.5,33.4,12.3,44.8,0.9,10.2,38.8,24.2,33.8,31.2,1005.5,1028.8,1017.6,21.9,46,33.8,28.6,19
1773885600,7,35.2,8.6,47.8,1.4,10,36.9,24,32.7,32.3,1005.6,1029,1017.7,21,44.6,32.7,27.7,26.6
1773889200,8.7,32.2,8.9,48.7,1.4,10.2,37,23.7,31.4,33.6,1005.1,1028.8,1017.5,19.4,44.1,31.4,26.6,29.6
1773892800,7.8,32.8,9.5,48.5,1.4,9.6,36.5,23.4,30.6,34.4,1005.5,1028.9,1017.6,18.3,43.1,30.6,25.8,30.6
1773896400,8.8,32.2,9.1,48.9,1,9.1,36,23,29.8,35.2,1005.9,1029,1017.7,17.2,42.1,29.8,25,31.5
1773900000,10.3,30.4,6.9,50.5,2,9,35.6,22.8,29.2,35.8,1005.1,1028.8,1017.2,16.2,41,29.2,24.2,28.9
1773903600,12,30,7.5,49.5,1,9.1,36,22.8,28.6,36.4,1004.8,1028.6,1017.1,15.8,41,28.6,24,31.4
1773907200,12.5,29.3,7.3,49.9,1,9,35.6,22.6,28.2,36.8,1004.6,1028.6,1017.1,16,39.9,28.2,23.4,31.6
1773910800,7.5,30.3,7.2,52.9,2.2,9,35.6,22.5,27.9,37.1,1004.6,1028.9,1017.4,15.1,39.2,27.9,23.1,31.4
1773914400,12.2,25.1,10.5,51.1,1.2,8.6,36,22.5,27.9,37.1,1005,1029.2,1017.6,15.1,39.2,27.9,22.8,28.5
1773918000,17.3,24.2,8.5,47.6,2.4,9,36,22.7,28,37,1005.2,1029.6,1018,15.3,39.9,28,22.8,29.1
1773921600,16.5,22.4,10.1,47.4,3.5,11.1,37.4,24.1,30.5,34.5,1005.1,1029.9,1018,19,42.1,30.5,24.7,21.9
1773925200,16.2,20.1,14.5,45.7,3.5,12.2,39,25,33.5,31.5,1005,1029.6,1018.1,22.1,44.6,33.5,27.6,18.8
1773928800,18.1,20.9,10.7,46.4,3.9,11.1,39,25.2,36.2,28.8,1005.2,1030,1018.1,24.8,47.8,36.2,30.5,13.8
1773932400,19.6,20,13.7,43.4,3.3,10.9,39.9,25.4,38.7,26.4,1005,1029.6,1017.8,26.6,52,38.7,32.8,10.5
1773936000,21.3,20.8,13.3,41.2,3.3,10,39.9,25.2,40.7,24.5,1005,1029.5,1017.4,28.4,55.4,40.7,35.1,8.8
1773939600,22.7,19.2,11.8,44.2,2.1,9.9,39.9,24.9,41.9,23.4,1004.6,1029,1017,28.4,57.2,41.9,36.4,5.5
1773943200,20.2,21.1,11.5,45.1,2.1,9.9,41,25.1,42.7,22.5,1004.9,1028.4,1016.5,29.1,59,42.7,37.2,3.5
1773946800,23.7,21.4,10.7,42.1,2.1,10.2,41,25.2,43,22.3,1004.8,1027.6,1016,29.1,57.9,43,37.6,4.4
1773950400,16.4,21.1,10.9,48.1,3.5,8.6,39.9,24.8,42.6,22.7,1004.9,1027.5,1016.1,28.9,57.9,42.6,37.2,2.5
1773954000,22.2,21.8,9.6,44.5,1.8,8.6,39.9,24.5,41.7,23.5,1005.4,1027.8,1016.3,28.2,57.2,41.7,36.1,3.2
1773957600,16.7,25.6,9.9,46,1.9,8.2,39.9,24.6,40.1,25,1005.2,1027.8,1016.5,27,55,40.1,34.6,5.8
1773961200,12.8,26.7,11.6,46.7,2.1,8.6,39.2,24.4,37.4,27.6,1005.8,1027.8,1016.9,25,50,37.4,32.1,10.1
1773964800,12.5,31.5,8.5,46.1,1.4,10.2,39.2,24.6,35.7,29.3,1006.1,1028.4,1017.4,24.3,48,35.7,30.2,13.3
1773968400,8.5,33.5,12.7,44.6,0.7,10,39,24.5,34.2,30.8,1005.8,1028.7,1017.6,22.1,46.9,34.2,29.2,19
1773972000,7,34.8,8.8,48,1.4,10.2,37.9,24.4,33.1,31.9,1005.7,1028.8,1017.7,21.2,45.9,33.1,28.3,27.4
1773975600,8.2,32.2,9.2,49.4,0.9,10.2,37.9,24.2,31.9,33.1,1005.3,1028.7,1017.6,19.9,44.6,31.9,27.2,30.4
1773979200,7.8,32.7,9.2,49.1,1.2,9.6,37.9,23.9,31,34,1005.6,1028.8,1017.7,18.8,43.7,31,26.4,31.6
1773982800,8.1,33.2,8.6,49.1,1,9.1,37.9,23.5,30.2,34.8,1006,1029,1017.7,17.6,42.8,30.2,25.6,32.9
1773986400,10.1,30.9,7.2,49.9,2,9.1,37,23.3,29.5,35.5,1005.7,1028.6,1017.3,16.2,42.1,29.5,24.7,30.2
1773990000,12.1,30.4,7.8,48.7,1,9.1,37.4,23.2,28.9,36.1,1005.5,1028.3,1017.2,16,41,28.9,24.4,32.9
1773993600,11.5,29.9,8.1,49.5,1,9.1,37,23,28.6,36.4,1005.1,1028.1,1017.2,16,41,28.6,23.9,32.5
1773997200,7.9,30.7,7.2,52.3,1.9,9.1,36,22.9,28.3,36.7,1005.7,1028.8,1017.5,15.3,39.2,28.3,23.5,32.2
1774000800,12,25.2,11,50.9,1,9,36.9,22.9,28.2,36.8,1005.6,1028.9,1017.6,15.3,39.2,28.2,23.3,29.9
1774004400,16.5,24.8,9.3,47.5,1.9,10,36,23.1,28.4,36.6,1005.5,1029.6,1018.1,15.8,41,28.4,23.3,28.4
1774008000,15.6,23.2,10,47.4,3.8,12.2,37.4,24.5,31,34,1005.4,1029.9,1018.1,19.4,42.8,31,25.3,22.8
1774011600,17,20.7,14.4,44.4,3.5,12.9,39,25.4,34.1,30.9,1005.9,1029.6,1018.2,23,45.9,34.1,28.3,18
1774015200,19.6,21,10.7,45,3.7,11.1,39,25.6,36.8,28.2,1005.5,1029.8,1018.2,25,50,36.8,31.2,13.7
1774018800,18.9,20.8,13.2,43.6,3.5,10.9,39.9,25.8,39.3,25.8,1005,1029.5,1017.8,27,52.9,39.3,33.5,9.3
1774022400,19.9,21.1,13.1,42.2,3.7,10,41,25.7,41.4,23.8,1005.3,1029.3,1017.3,28.4,55.9,41.4,35.9,8.6
1774026000,22,19.9,12.3,43.5,2.3,10.2,39.9,25.4,42.5,22.7,1004.9,1029,1017,30,57.9,42.5,37.2,5.5
1774029600,20.2,22.1,11.5,44,2.1,10,42.1,25.6,43.3,22,1005.2,1028.3,1016.5,30.2,59,43.3,37.9,3.5
1774033200,23.7,22.3,10.2,41.5,2.3,10.2,42.1,25.6,43.5,21.8,1004.9,1027.4,1016,30.2,59,43.5,38.3,3.9
1774036800,16.2,21.8,10.9,47.9,3.2,9,41,25.3,43.3,22.1,1005.2,1027.5,1016.1,30,59,43.2,38.1,2.5
1774040400,21.2,22.6,9.2,45.2,1.8,9,41,25,42.3,23,1005.5,1027.8,1016.3,28.4,59,42.3,36.8,3
1774044000,16.6,26,8.9,46.6,1.9,9,41,25.1,40.7,24.5,1005.6,1027.6,1016.5,27.1,55.4,40.7,35.3,5.8
1774047600,12.3,26.9,11.8,47,2.1,9,41,25,38.1,26.9,1006,1027.7,1016.9,26.2,52,38.1,32.9,9.6
1774051200,11.7,32.4,8.5,46.2,1.2,10.2,39.9,25.1,36.1,28.9,1006.3,1028.4,1017.3,24.8,48.9,36.1,30.8,12
1774054800,7.5,34,12.7,45,0.7,10.4,39.2,25.1,34.8,30.2,1006.2,1028.7,1017.5,24.1,46.9,34.8,29.9,18.5
1774058400,7.7,35.3,7.9,47.6,1.6,10.4,39,24.9,33.6,31.4,1006.8,1028.8,1017.7,21.2,46,33.6,29,26.8
1774062000,8.7,32,8.7,49.9,0.7,10.4,39,24.7,32.4,32.7,1005.9,1028.8,1017.5,19.9,45,32.3,27.8,30.3
1774065600,7.8,32.9,9,49.2,1.2,10.2,38.5,24.4,31.5,33.5,1006.3,1029,1017.6,18.8,44,31.5,27,30.8
1774069200,8.3,33.8,8.1,49,0.7,10,37.9,24.1,30.7,34.3,1006.6,1029.2,1017.7,17.6,43,30.7,26.1,31.2
1774072800,10.1,31.1,7.2,49.9,1.7,9.1,37.9,23.8,30,35.1,1005.8,1028.7,1017.3,16.2,42.8,29.9,25.2,30
1774076400,10.8,31.2,8,49,1,10,37.9,23.7,29.4,35.6,1005.5,1028.6,1017.1,16,42.1,29.4,25,33.5
1774080000,10.8,30.5,8.6,49,1,9.1,37.9,23.5,29,36,1005.1,1028.6,1017.1,16.2,41,29,24.4,32.6
1774083600,7.4,31.7,7.4,51.6,1.9,9.1,36,23.4,28.7,36.3,1005.8,1029,1017.5,15.8,39.9,28.7,24,31.9
1774087200,12.2,25.6,10.5,50.7,1,9,36.9,23.4,28.6,36.4,1005.7,1029.3,1017.6,15.3,39.9,28.6,23.8,29
1774090800,17.1,24.9,8.8,47.3,1.9,10.2,36,23.6,28.9,36.1,1005.6,1029.6,1018,16.2,41,28.9,23.7,27.8
1774094400,15.7,23.7,9.4,47.7,3.5,12.2,37.9,25,31.6,33.4,1005.4,1030,1018.1,19.9,43,31.6,26,22.9
1774098000,16.7,21.1,14.1,45.1,3,12.9,39.2,25.9,34.7,30.3,1005.9,1029.9,1018.2,24.1,46,34.7,29,18.2
1774101600,18.5,21.3,10.9,45.6,3.7,12.2,39.2,26,37.3,27.7,1005.6,1030.1,1018.2,25.9,50,37.3,31.9,13.4
1774105200,18,22.2,12.4,43.9,3.5,10.9,41,26.2,39.9,25.2,1005.5,1029.8,1017.9,28,53.6,39.9,34.2,9.5
1774108800,19.6,23.1,11.9,42.2,3.3,10.2,41,26.1,41.8,23.4,1005.3,1029.4,1017.4,29.1,55.9,41.8,36.6,8.6
1774112400,20.9,20.9,12.4,43.6,2.3,10.4,41,25.7,43.2,22.1,1004.9,1029,1017.1,30.2,59,43.2,38.1,5.7
1774116000,19.7,22.5,11.7,43.4,2.6,10.2,42.1,25.9,43.9,21.5,1005.4,1028.4,1016.6,30.2,61,43.9,38.6,3.7
1774119600,23.3,22.4,10.6,41.3,2.3,10.4,42.1,25.9,44.1,21.3,1004.9,1027.6,1016.2,30.2,61,44.1,39.1,3.9
1774123200,15.7,21.2,11.8,48,3.2,9.9,41.9,25.6,43.9,21.5,1005.1,1027.6,1016.2,30.2,60.8,43.8,38.8,2.8
1774126800,21,22.4,9,45.5,2.1,9.1,41.9,25.2,42.8,22.4,1005.5,1027.8,1016.5,29.1,59,42.8,37.5,3
1774130400,17.5,25.5,9.3,45.8,1.9,9.9,42.1,25.4,41.3,23.9,1005.5,1028,1016.6,28.2,55.9,41.3,36.1,6
1774134000,12.1,27.1,11.4,47.1,2.3,10,41,25.3,38.8,26.4,1005.9,1027.8,1017,26.6,53.1,38.8,33.7,9.2
1774137600,12.2,32.2,8,46.4,1.2,10.4,41,25.4,36.7,28.4,1006.3,1028.5,1017.5,24.8,48.9,36.7,31.5,12.5
1774141200,7.8,34,12.1,45.4,0.7,10.9,39.9,25.5,35.4,29.7,1006.2,1028.8,1017.7,24.3,48,35.4,30.7,18.3
1774144800,7.7,36,7.7,47.3,1.4,11.1,39.2,25.5,34.3,30.7,1006,1028.8,1017.8,22.1,46.9,34.3,29.8,27.3
1774148400,8.5,32.5,8.9,49.6,0.5,10.9,39.2,25.2,32.9,32.1,1006.1,1029,1017.8,20.1,45,32.9,28.5,30.8
1774152000,8,32.9,9,49.2,0.9,10.6,39.1,24.9,32.1,32.9,1006.3,1029.2,1017.8,19.1,44.5,32.1,27.6,30.4
1774155600,8.1,32.9,8.6,49.4,1,10.2,39,24.7,31.3,33.7,1006.4,1029.4,1017.8,18,44.1,31.3,26.8,30
1774159200,10.2,31.5,7.2,49.6,1.5,10,37.9,24.2,30.5,34.6,1006,1028.8,1017.5,16.9,43,30.4,25.8,30
1774162800,11.1,31,8.3,48.4,1.3,10,39,24.2,29.9,35.1,1005.6,1028.8,1017.4,17.1,42.8,29.9,25.7,33.8
1774166400,11.1,31.1,8.4,48.4,1,10,39,24,29.5,35.5,1005.1,1028.7,1017.3,17.1,42.8,29.5,25.1,33.3
1774170000,6.3,32.3,8,51.6,1.9,10,37.4,23.8,29.1,35.9,1005.8,1029.1,1017.6,16,41,29.1,24.6,32.6
1774173600,11.7,25.2,10.4,51.5,1.2,9.9,37.4,23.9,29.1,35.9,1005.3,1029.3,1017.7,15.8,39.9,29.1,24.3,28.1
1774177200,15.8,24.3,9.3,48.2,2.4,10.4,37.4,24.2,29.7,35.3,1005.6,1029.6,1018.1,17.1,41,29.7,24.6,27.9
1774180800,15.8,22.8,9.6,48.2,3.5,12.9,39,25.5,32.2,32.8,1005.6,1030.1,1018.3,21,43.9,32.2,26.9,23.1
1774184400,17.4,21.2,12.8,45.3,3.3,12.9,39.2,26.4,35.4,29.7,1006.4,1030.2,1018.4,24.3,46.9,35.4,29.9,18.2
1774188000,18.9,21.7,10.7,45.2,3.5,12.2,39.9,26.4,38.1,26.9,1005.9,1030.5,1018.3,26.2,51.8,38.1,32.9,13.5
1774191600,17.1,22.2,13.3,43.6,3.7,11.1,41,26.6,40.6,24.6,1005.5,1030,1018,28.4,54,40.6,35.1,8.8
1774195200,19.1,23.3,12.5,42.1,3.1,10.2,41,26.5,42.6,22.7,1005.2,1029.6,1017.5,29.8,57.2,42.6,37.5,8.2
1774198800,20,21,12.9,43.5,2.5,11.1,42.1,26.2,43.9,21.5,1004.9,1029.4,1017.2,30.2,60.8,43.9,39,5.5
1774202400,19.1,23.3,11.8,43.1,2.8,10.9,42.8,26.4,44.6,20.8,1005.4,1028.5,1016.8,30.9,61,44.6,39.6,3.3
1774206000,22,22.9,10.6,41.9,2.5,10.9,43,26.4,44.8,20.6,1004.8,1027.8,1016.4,30.2,62.1,44.8,40,3.7
1774209600,15.7,22.2,11.8,47.2,3,10.2,42.1,26.1,44.5,21,1004.9,1027.9,1016.3,30.2,62.1,44.4,39.6,2.5
1774213200,20.2,23.9,9,44.8,2.1,10,42.1,25.6,43.4,21.9,1005.5,1028.5,1016.7,30,60.8,43.4,38.3,2.5
1774216800,16.1,26.6,9.6,45.8,1.9,10.2,42.8,25.8,41.9,23.3,1005.7,1028.2,1016.8,28.4,57.2,41.9,36.8,6
1774220400,11.3,28.7,10.9,46.5,2.5,10.2,41.9,25.7,39.3,25.8,1006.4,1028.4,1017.2,27,53.6,39.3,34.4,9.2
1774224000,11,33.6,8.7,45.8,0.9,10.9,41.9,25.8,37.3,27.8,1006.3,1028.7,1017.6,24.8,50,37.3,32.2,11.5
1774227600,7.1,35.7,11.4,45,0.7,10.9,39.9,25.8,35.8,29.3,1006.3,1029,1018,24.3,48.9,35.8,31.2,18.7
1774231200,7.4,36.8,7.4,47.5,0.9,11.8,39.9,25.9,34.7,30.3,1006.9,1029.1,1018,22.1,48,34.7,30.4,27.1
1774234800,8.5,33.3,8,49.8,0.5,11.1,39.2,25.5,33.3,31.7,1006.4,1029.1,1017.9,21.2,46,33.3,29,29.5
1774238400,8.1,33.3,8.8,48.9,1,10.8,39.2,25.3,32.5,32.5,1006.6,1029.3,1018,19.6,45.3,32.5,28.1,29
1774242000,8.1,33.1,8.6,49.5,0.7,10.4,39.2,25,31.7,33.3,1006.8,1029.4,1018,18.1,44.6,31.7,27.3,28.5
1774245600,9.8,32,7.8,49.5,1,10,37.9,24.5,30.8,34.2,1006.4,1028.9,1017.7,17.1,43,30.8,26.2,29.2
1774249200,9.5,31.9,8.8,48.5,1.3,10.2,39,24.5,30.3,34.7,1006.3,1028.8,1017.6,17.2,42.8,30.3,26.1,33.3
1774252800,10.3,32.4,8.1,48.2,1,10,38.8,24.2,29.9,35.1,1005.7,1028.8,1017.5,17.1,42.8,29.9,25.4,32
1774256400,5.5,32.5,8,52,1.9,10.2,37,24,29.5,35.5,1005.9,1029.1,1017.8,16.2,41,29.5,25,32
1774260000,11.1,24.9,10.7,52.1,1.2,10.2,37.4,24.3,29.5,35.5,1005.3,1029.3,1017.9,15.8,41,29.5,24.8,28.3
1774263600,15.8,23.7,9.8,48.3,2.4,10.9,37.4,24.6,30.1,34.9,1005.9,1029.7,1018.3,17.2,41.9,30.1,25.1,27.8
1774267200,15.7,22.8,9.7,48.5,3.3,12.9,39,25.8,32.6,32.4,1005.6,1030.3,1018.4,21.2,44.1,32.6,27.3,23
1774270800,16.6,21.2,12.6,46.6,3,13.1,39.2,26.6,35.7,29.4,1006.7,1030.2,1018.5,24.8,48,35.7,30.3,18.2
1774274400,17.2,21.7,11.4,46.2,3.5,12.9,39.9,26.8,38.6,26.5,1006.4,1030.4,1018.4,26.2,51.8,38.6,33.4,12.9
1774278000,17.1,22.7,12.4,44.3,3.5,11.8,41,27,41.1,24.1,1005.8,1029.9,1018.1,28.9,55,41.1,35.8,8.1
1774281600,18.2,22.7,12.1,44.2,2.8,10.9,41,26.8,42.9,22.4,1005.8,1029.5,1017.7,30,57.9,42.9,37.9,7.7
1774285200,19.4,21,12,45.3,2.3,11.1,42.8,26.6,44.2,21.2,1005.4,1029.4,1017.3,30.2,60.8,44.2,39.4,5.3
1774288800,19.4,22.9,11.3,43.7,2.6,10.9,43,26.7,45,20.5,1005.8,1028.5,1016.8,30.9,61.9,45,40.1,3
1774292400,21.6,23,10.2,43.4,1.9,11.1,43,26.8,45.2,20.3,1005.1,1027.8,1016.3,30.9,62.6,45.2,40.4,3.2
1774296000,16.1,21.9,11.4,47.6,3,10.2,42.8,26.5,44.8,20.6,1005.1,1027.9,1016.3,30.9,62.1,44.8,40.1,2.1
1774299600,20.4,23.2,8.4,45.9,2.1,10,42.1,26,43.8,21.5,1005.7,1028.5,1016.7,30.2,60.8,43.8,38.8,2.5
1774303200,15.9,25.9,9.6,47,1.6,10.2,42.8,26.2,42.4,22.9,1005.9,1028.2,1016.8,29.1,57.2,42.3,37.4,6
1774306800,10,27.6,11.6,48.3,2.6,10.2,41.9,26,39.6,25.5,1006.4,1028.4,1017.3,27.9,53.6,39.6,34.9,9
1774310400,10.6,33.2,8.5,46.8,0.9,11.1,42.1,26.3,37.7,27.4,1006.3,1028.6,1017.6,25,50,37.7,32.8,12.3
1774314000,7.1,35.1,12,45.3,0.5,10.9,41,26.3,36.2,28.8,1006.2,1028.9,1017.9,24.8,50,36.2,31.7,17.7
1774317600,7.7,37.4,7.4,46.9,0.7,12,41,26.3,35,30,1006.8,1029.1,1017.9,23,48.2,35,30.8,27.6
1774321200,7.8,33.8,7.6,50.4,0.5,11.1,39.2,26,33.5,31.5,1006.1,1029.1,1017.8,21.2,46.4,33.5,29.5,31.1
1774324800,8.3,33.8,8.8,48.1,1,10.8,39.2,25.7,32.8,32.3,1006.5,1029.3,1017.8,19.6,45.7,32.8,28.6,30.2
1774328400,8.1,33.3,8.6,49.3,0.7,10.4,39.2,25.4,32,33,1006.8,1029.4,1017.9,18.1,45,32,27.7,29.3
1774332000,9,32.5,7.8,49.8,1,10.4,38.8,25.1,31.2,33.8,1006,1028.9,1017.6,17.6,44.1,31.2,26.8,29.4
1774335600,9,32.7,8.5,48.6,1.2,10.2,39.2,24.9,30.7,34.3,1006.1,1028.9,1017.5,17.2,43,30.7,26.6,34.1
1774339200,9.8,33.9,7.9,47.9,0.5,10.2,39,24.7,30.2,34.8,1005.7,1028.7,1017.5,17.2,42.8,30.2,25.9,32.7
1774342800,5.8,32.5,8.4,51.4,1.9,10.2,37.4,24.4,29.8,35.2,1005.8,1029.1,1017.8,16.2,41,29.8,25.5,32.6
1774346400,10.8,24.8,10.8,52.3,1.2,10.2,37.4,24.7,29.8,35.2,1005.3,1029.3,1017.8,15.8,42.1,29.8,25.2,29.1
1774350000,15.3,24.1,9.3,49.2,2.1,12,37.9,25.1,30.5,34.5,1005.9,1029.7,1018.2,17.6,42.1,30.5,25.8,29.6
1774353600,14.7,23.5,10.4,48.3,3.1,13.1,39,26.3,33,32,1006.1,1030.1,1018.4,21.2,44.1,33,27.9,24.1
1774357200,15.9,21.9,13.5,46.2,2.6,13.1,39.2,27.1,36.2,28.8,1006.7,1030.2,1018.4,24.8,48.2,36.2,31,18.9
1774360800,17.1,21.5,12.4,45.7,3.3,12.9,39.9,27.3,39.2,25.9,1006.4,1030.4,1018.2,27.9,53.1,39.2,34.2,13.9
1774364400,17.1,22.9,12.9,43.9,3.3,12,41,27.4,41.8,23.5,1005.8,1029.9,1017.9,29.1,55.9,41.8,36.8,7.9
1774368000,18.2,22.6,13.1,43.4,2.8,10.9,42.1,27.2,43.5,21.9,1005.8,1029.4,1017.4,30.2,60.1,43.5,38.7,7.7
1774371600,20.6,21.1,12.5,43.8,2.1,12,42.8,27.1,45,20.4,1005.4,1029.3,1017.1,30.9,62.1,45,40.5,5.3
1774375200,20,22.2,11.8,43.4,2.6,11.1,43,27.2,45.7,19.8,1005.8,1028.4,1016.5,31.1,62.6,45.7,41,3.5
1774378800,21.6,22.3,10.7,43.7,1.6,11.1,43,27.3,46,19.6,1005.1,1027.7,1016.1,31.1,63,45.9,41.5,3.7
1774382400,16.1,21.2,12.6,47.6,2.6,10.4,42.8,27,45.7,19.9,1004.9,1027.6,1016,31.1,63,45.6,41.2,2.5
1774386000,19.9,23.4,9,45.8,1.9,10.2,42.1,26.5,44.6,20.8,1005.5,1028,1016.4,30.9,61,44.6,39.9,3
1774389600,16.2,25.5,9.7,46.6,1.9,10.2,42.8,26.8,43.1,22.2,1005.8,1027.7,1016.5,30,57.9,43.1,38.4,6
1774393200,11.1,26.3,12.2,48,2.3,10.4,41.9,26.5,40.3,24.8,1006.4,1028.4,1017,28.2,54,40.3,35.7,9.2
1774396800,11.3,32.2,8.7,46.7,1.2,11.8,42.1,26.9,38.4,26.7,1006.3,1028.6,1017.3,26.2,51.8,38.4,33.6,12.1
1774400400,7.5,33.4,12.2,46.4,0.5,12.2,41,27,37,28.1,1006.3,1028.7,1017.6,25.2,50,37,32.5,17.2
1774404000,8.1,35.7,7.7,47.8,0.7,12.9,41,27,35.6,29.4,1006.8,1028.8,1017.6,24.1,48.9,35.6,31.6,26.9
1774407600,8.5,32.3,7.5,50.9,0.7,12.2,39.9,26.7,34.2,30.9,1006,1029,1017.6,21.9,46.9,34.1,30.2,30.6
1774411200,9.5,33.2,7.9,48.4,1,11.6,39.9,26.4,33.5,31.6,1006.2,1029.1,1017.6,20.5,46.5,33.4,29.4,30.1
1774414800,8.6,32.9,8.4,49.4,0.7,11.1,39.9,26.2,32.7,32.3,1006.4,1029.2,1017.6,19.2,46,32.7,28.5,29.7
1774418400,9.8,32.2,7.5,49.7,0.8,10.9,39.9,25.8,32,33.1,1005.9,1028.7,1017.3,18.1,45,31.9,27.7,30.2
1774422000,8.9,32,8.9,48.9,1.2,10.4,39.9,25.6,31.3,33.7,1005.9,1028.4,1017.3,17.6,44.1,31.3,27.3,34.1
1774425600,9.6,33.4,7.6,48.6,0.7,10.2,39.2,25.4,30.9,34.1,1005.4,1028.2,1017.2,17.6,43,30.9,26.8,33.4
1774429200,6,31.6,8.2,51.9,2.2,10.4,39,25.1,30.5,34.5,1005.6,1028.8,1017.5,16.9,42.8,30.5,26.3,32.3
1774432800,11.1,24.8,10.1,52.8,1.2,10.2,39,25.3,30.5,34.5,1004.9,1028.7,1017.5,15.8,42.8,30.5,26.1,30
1774436400,15.3,24.1,9.1,49.6,1.9,12.2,39.2,25.8,31.3,33.7,1005.4,1029.3,1017.8,18,43,31.3,26.7,28.9
1774440000,14.4,23.6,10.6,47.8,3.5,14,39.2,27,33.8,31.2,1005.4,1029.9,1018,21.2,45,33.8,28.8,23.1
1774443600,15.9,21.4,13.5,46.6,2.6,14,39.9,27.7,37,28.1,1006.4,1029.4,1018,25,48.9,37,31.9,18.9
1774447200,17.3,20.8,11.9,46.6,3.3,14,41,28,40,25.1,1005.9,1029.8,1017.9,28,54,40,35.3,14.2
1774450800,17,22.8,11.6,45.3,3.3,12.2,42.1,28,42.5,22.8,1005.7,1029.5,1017.6,30,57.2,42.5,37.6,7.4
1774454400,17.4,22.1,13,44.7,2.8,12,42.8,27.9,44.1,21.3,1005.7,1028.8,1017.1,30.2,60.1,44.1,39.3,7.4
1774458000,19.8,20.3,12.7,45.2,2.1,12,43,27.7,45.6,19.9,1005.4,1028.6,1016.7,32,62.6,45.6,41.2,5.5
1774461600,19.8,21.2,12.3,44.1,2.6,12.2,44.1,27.9,46.3,19.3,1005,1028.1,1016.2,32,63,46.3,41.8,3.3
1774465200,20.9,21.3,11.6,44.5,1.6,12,44.1,27.8,46.5,19.1,1004.6,1027.4,1015.8,33.1,63,46.5,42.2,3.7
1774468800,15.9,20.1,13.1,48.2,2.6,11.1,43,27.7,46.2,19.4,1004.7,1027.5,1015.7,32,63,46.2,41.9,2.5
1774472400,19.9,22.7,9.5,45.8,2.1,10.2,42.8,27.2,45.2,20.2,1005.2,1027.4,1016.1,32,61,45.2,40.8,4.1
1774476000,17.2,25.1,10.2,45.9,1.6,11.1,42.8,27.5,43.8,21.6,1005.7,1027.2,1016.2,30.2,59,43.7,39.3,6.7
1774479600,11.8,25.2,12.7,47.6,2.8,10.9,42.1,27.3,41,24.2,1006.1,1027.6,1016.7,28.4,55,41,36.6,9.6
1774483200,10.8,31.1,9.4,47.3,1.4,12.2,42.8,27.5,39.1,26,1006.3,1028.2,1017,27,53.1,39.1,34.5,12.3
1774486800,8,31.8,12.7,46.9,0.5,12.9,42.1,27.7,37.6,27.5,1006.3,1028.5,1017.3,26.2,51.1,37.6,33.2,17.7
1774490400,8.2,34.7,8.4,48,0.7,14,42.8,27.8,36.3,28.7,1006.7,1028.5,1017.3,24.3,50,36.3,32.4,27.5
1774494000,8.7,31.9,7.3,51.3,0.7,12.9,41,27.4,34.9,30.2,1006.1,1028.7,1017.3,22.1,48,34.8,30.9,30.7
1774497600,9.8,31.7,7.9,49.6,1,12.6,41,27.1,34.1,30.9,1006.1,1028.7,1017.3,21.1,47.5,34.1,30.1,30.4
1774501200,9.7,32.1,7.5,49.4,1.2,12.2,41,26.9,33.4,31.6,1006.1,1028.6,1017.3,20.1,46.9,33.4,29.4,30.1
1774504800,10.3,31.3,7,50.8,0.8,11.1,41,26.6,32.6,32.4,1005.8,1028.6,1017.1,19,46,32.6,28.6,31.1
1774508400,9.5,30.6,9.2,49.5,1.2,11.8,41,26.3,32,33,1005.6,1028.3,1017,18,45,32,28.2,35.3
1774512000,9.4,32.8,7.4,49.8,0.7,11.1,39.9,26.1,31.6,33.4,1005.4,1028,1017,18,44.1,31.6,27.5,32.9
1774515600,6.1,31,9,52.1,1.9,11.1,39.2,25.8,31.1,33.9,1005.6,1028.4,1017.3,17.6,43,31.1,27,31.2
1774519200,11.1,24.2,10.4,53.4,1,11.1,39.2,26,31.2,33.8,1004.9,1028.3,1017.3,17.2,43,31.2,26.9,30.5
1774522800,16.5,23,9.6,49,1.9,12.9,39.9,26.5,32,33,1005.5,1029.1,1017.7,18.9,44.1,32,27.4,29.3
1774526400,15.7,22.9,10.7,47.1,3.6,14.2,39.9,27.6,34.4,30.6,1005.6,1029.4,1017.9,22.1,45,34.4,29.5,23.4
1774530000,16.2,21.1,14.1,46.4,2.3,14.9,41,28.3,37.6,27.4,1006.4,1029.2,1017.9,26.2,48.9,37.6,32.6,19.3
1774533600,17.9,20.2,12,46.4,3.5,15.1,41,28.5,40.7,24.4,1006.2,1029.7,1017.7,29.1,54.9,40.7,36.1,15.1
1774537200,17.9,22,11.1,45.5,3.5,14,42.8,28.7,43.2,22.1,1005.8,1029.5,1017.3,30.2,57.2,43.2,38.5,7.4
1774540800,17.4,22.1,12.8,45.1,2.6,12.2,43,28.5,44.8,20.6,1005.7,1028.7,1016.9,32,60.8,44.8,40.3,7.9
1774544400,20.3,20.3,12.2,45.2,2.1,12.2,43,28.3,46.4,19.2,1005.4,1028.5,1016.5,32,62.6,46.4,42.2,5.9
1774548000,19.2,21.5,12.4,44.3,2.6,12.9,44.1,28.5,47.1,18.5,1005.2,1028.1,1016,33.1,63,47.1,42.9,2.8
1774551600,20.1,22.2,12,44.3,1.4,12.2,44.1,28.4,47.4,18.3,1004.9,1027.4,1015.6,33.1,64,47.4,43.3,3.7
1774555200,15.2,21.2,13.8,47.6,2.3,11.8,44.1,28.2,47.1,18.6,1004.7,1027.5,1015.5,32,64.4,47,42.9,2.5
1774558800,19.4,23.1,9.7,45.7,2.1,10.2,43,27.7,46.1,19.4,1005.4,1027.2,1016,32,62.6,46.1,41.9,4.3
1774562400,16.9,25.4,10.6,45.3,1.8,11.1,42.8,27.9,44.6,20.8,1005.8,1027,1016,30.9,60.1,44.6,40.4,6.2
1774566000,11.8,25.6,13.4,46.3,3,11.1,42.8,27.7,41.7,23.4,1006.4,1027.5,1016.5,29.1,55.9,41.7,37.5,9.1
1774569600,10.9,31.6,9.3,46.5,1.6,12.9,43,28.1,39.7,25.4,1006.4,1028.1,1016.8,27.1,53.6,39.7,35.2,12.9
1774573200,7.5,32.6,12.2,47.3,0.5,12.9,42.8,28.3,38.2,26.8,1006.6,1028.5,1017.1,26.6,51.8,38.2,34.1,17.9
1774576800,9,35,8.1,47.2,0.7,14,43,28.4,36.9,28.2,1006.8,1028.5,1017.2,24.8,50,36.9,33.1,28.3
1774580400,8.7,32.2,7.3,51.2,0.7,14,42.1,27.9,35.4,29.6,1006.4,1028.3,1017.2,23,48.2,35.4,31.6,30.7
1774584000,9.8,31.5,7.6,49.9,1.2,13.1,42.1,27.7,34.7,30.3,1006.3,1028.4,1017.2,22,48.1,34.7,30.9,31.1
1774587600,9.7,32.3,6.8,50,1.2,12.2,42.1,27.5,34,31,1006.1,1028.5,1017.1,21,48,34,30.2,31.6
1774591200,10.9,31.3,6.7,50.4,0.7,12,41,27.2,33.2,31.8,1005.8,1028.6,1016.9,19.4,46.4,33.2,29.3,31.2
1774594800,9.4,30.8,9.4,49.1,1.2,12.2,41,27,32.6,32.4,1005.9,1028.3,1016.8,18,46,32.6,28.8,35
1774598400,9.8,31.9,7.6,49.9,0.7,12,41,26.8,32.2,32.8,1005.7,1027.9,1016.8,18.1,45,32.2,28.2,32.5
1774602000,6.3,30.6,9.2,52,1.9,11.8,39.9,26.4,31.8,33.2,1005.6,1028.2,1017,18,44.1,31.8,27.6,31.5
1774605600,10.7,24.3,10.3,53.5,1.2,12,41,26.5,31.7,33.3,1005.1,1028.3,1017.1,18,44.6,31.7,27.5,30.9
1774609200,16.5,22.7,9.3,49.6,1.9,12.9,39.9,27.2,32.7,32.3,1005.4,1029,1017.4,19.2,44.6,32.7,28.3,29.9
1774612800,15.2,22.8,10.9,48,3.1,15.3,41,28.3,35.1,29.9,1005.4,1029,1017.7,23,46.4,35.1,30.4,23.6
1774616400,15.4,21.3,13.3,47.9,2.1,15.3,41,29,38.4,26.7,1005.9,1029.2,1017.6,26.2,50.9,38.4,33.6,20.2
1774620000,17.6,20.2,11.7,47.7,2.8,15.1,43,29.2,41.4,23.7,1005.6,1029.6,1017.5,30,55.4,41.4,36.9,15.5
1774623600,17.6,21.9,10.6,46.9,3,14,43,29.3,43.9,21.5,1005.7,1029.1,1017.1,31.1,57.9,43.9,39.3,6.5
1774627200,16.5,22.3,12.6,46.3,2.3,12.9,44.1,29.1,45.5,20,1005.7,1028.6,1016.7,33.1,61,45.5,41.1,7.6
1774630800,18.8,19.9,13.3,46,2.1,12.2,44.1,28.9,46.9,18.7,1005.4,1027.9,1016.2,33.8,63,46.9,42.8,5
1774634400,18.9,21.2,12.8,44.5,2.6,13.1,44.6,29,47.7,18.1,1005.1,1027.2,1015.7,33.8,64,47.7,43.6,2.6
1774638000,19.2,21.5,12.5,45.5,1.4,12.2,44.6,29,48,17.8,1004.8,1027,1015.3,33.8,64.4,48,44,3.2
1774641600,14.5,20.8,13.3,49.1,2.3,12.2,44.6,28.8,47.6,18.1,1004.7,1027.1,1015.2,33.1,64.9,47.6,43.6,2.8
1774645200,19,22.7,9.5,47,1.9,10.9,44.6,28.5,46.7,18.9,1005.2,1027,1015.6,32,63,46.7,42.7,4.5
1774648800,17.1,24.7,10.1,46.3,1.8,11.8,44.1,28.6,45.2,20.2,1005.5,1026.4,1015.7,31.1,61,45.2,41.2,6.2
1774652400,11.6,25,12.7,47.7,3,12,43,28.4,42.3,22.9,1005.9,1027.1,1016.2,29.1,57,42.3,38.1,9.2
1774656000,11.4,30.2,9.3,47.7,1.4,12.9,44.1,28.7,40.4,24.7,1006.3,1027.9,1016.6,28.2,55,40.4,36,12.7
1774659600,7.5,31.1,12.2,48.2,0.9,13.1,43,28.8,38.8,26.3,1006.3,1028.4,1016.9,27,53.1,38.8,34.7,18.4
1774663200,9.3,34,8.1,47.7,0.9,14,43.9,28.9,37.4,27.7,1006.1,1028.4,1016.9,24.8,51.8,37.4,33.7,28
1774666800,8.5,31.7,7.7,51.4,0.7,14.2,42.8,28.5,36,29,1006.1,1028.2,1016.9,23.2,50,36,32.2,30
1774670400,10.3,30.9,7,50.1,1.7,13.2,42.5,28.3,35.3,29.7,1006,1028.2,1016.8,22.2,49.1,35.3,31.5,30.3
1774674000,10,31.9,6.8,50.4,1,12.2,42.1,28.1,34.6,30.4,1005.9,1028.2,1016.8,21.2,48.2,34.6,30.8,30.5
1774677600,10.9,31.2,6.7,50.5,0.7,12.2,42.1,27.7,33.9,31.1,1005.8,1028.1,1016.6,19.9,48,33.9,30.1,31
1774681200,9.9,30.4,9.1,49.4,1.2,12.2,42.1,27.6,33.3,31.7,1005.7,1028,1016.5,19.2,46.4,33.3,29.6,34
1774684800,9.3,31.9,7.6,50.5,0.7,12.2,41,27.3,32.8,32.2,1005.4,1027.6,1016.5,18.1,46.4,32.8,28.8,32.1
1774688400,7,30.4,9.4,51.3,1.9,12,41,27,32.4,32.6,1005.4,1028,1016.7,19.2,45,32.4,28.2,30.8
1774692000,11,24,10.2,53.6,1.2,12.2,41,27.1,32.3,32.7,1004.9,1028.2,1016.8,18.1,45,32.3,28.2,30.3
1774695600,16.7,22.7,8.8,50.1,1.7,14,41,27.8,33.3,31.7,1005.1,1028.8,1017.1,19.4,46,33.3,28.9,30.4
1774699200,14.7,22.5,10.9,48.9,3.1,15.3,41,28.9,35.8,29.2,1005.3,1028.9,1017.3,24.1,46.9,35.8,31.2,23
1774702800,14.7,21,13.8,48.6,1.9,15.8,42.8,29.5,38.9,26.1,1005.3,1029,1017.2,27,51.8,38.9,34.4,20.6
1774706400,16.5,19.6,12.3,48.8,2.8,15.3,43,29.7,42,23.2,1004.9,1029.5,1017.1,30.2,55.9,42,37.5,15.5
1774710000,17.4,20.9,10.9,47.8,3,14.9,44.1,29.8,44.4,20.9,1005,1028.6,1016.8,32,60.1,44.4,39.9,6.5
1774713600,15.2,21.2,13.1,48,2.6,14,44.1,29.5,46,19.6,1005,1028,1016.4,33.8,62.1,46,41.7,8.1
1774717200,18.3,19.5,13.5,46.5,2.3,13.1,44.6,29.4,47.4,18.3,1004.4,1027.6,1015.9,34,64,47.4,43.4,4.8
1774720800,19.1,20,13.5,44.8,2.6,14,45,29.5,48.2,17.6,1004.2,1026.6,1015.5,34,64.4,48.2,44.3,3
1774724400,19.6,20.6,12,46.2,1.6,12.9,45,29.3,48.4,17.4,1003.6,1025.6,1015,34,65.8,48.4,44.5,2.5
1774728000,16.2,19.9,12.9,48.7,2.3,12.9,45,29.1,48.1,17.7,1003.9,1026.4,1014.9,33.8,65.8,48.1,44.2,3
1774731600,19.8,21.7,9,47.5,2.1,11.1,45,28.7,47.3,18.4,1004.9,1026.5,1015.3,32.9,64,47.3,43.3,4.3
1774735200,18.1,23.7,9.3,46.6,2.3,12,45,29.1,45.8,19.6,1005.2,1026.3,1015.5,32,61,45.8,41.9,6
1774738800,12.4,23.9,12.2,48.4,3.2,12,44.1,28.7,42.8,22.4,1005.8,1027,1016,30,57.2,42.8,38.7,9.1
1774742400,11.8,29.2,9.7,47.9,1.4,12.9,44.1,29.1,40.9,24.3,1006.1,1027.8,1016.3,28.4,55.4,40.9,36.5,13.4
1774746000,8.2,30.4,11.2,49.3,0.9,14,44.1,29.3,39.2,25.9,1006.2,1028.2,1016.6,27,54,39.2,35.1,18.6
1774749600,8.8,33.1,8.1,48.6,1.4,14.2,44.1,29.2,37.7,27.3,1006.1,1028.2,1016.6,25.2,52,37.7,34,26.7
1774753200,8.2,31.8,7,52.3,0.7,15.1,43,28.9,36.4,28.6,1006.1,1027.9,1016.6,24.3,50,36.4,32.7,29.8
1774756800,10.2,30.7,6.7,50.5,1.9,14.1,42.9,28.8,35.8,29.3,1006,1027.9,1016.6,23.1,49.1,35.8,32,29.7
1774760400,9.3,32.2,6.8,50.7,1,13.1,42.8,28.6,35.1,29.9,1005.9,1027.9,1016.6,21.9,48.2,35.1,31.3,29.6
1774764000,10.4,30.9,6.2,51.6,1,14,43,28.2,34.4,30.6,1005.7,1028,1016.4,21.2,48.2,34.4,30.6,29.5
1774767600,9.6,30.9,8.1,50.4,1,13.1,42.8,28,33.8,31.2,1005.5,1027.5,1016.3,20.1,46.9,33.8,30.1,33.9
1774771200,7.8,32.1,7.6,51.7,0.7,12.2,42.1,27.7,33.3,31.7,1005.4,1027.4,1016.3,19.4,46.4,33.3,29.3,30.7
1774774800,7.7,30.6,8.4,51.3,1.9,12.2,41,27.3,32.8,32.2,1005.5,1027.8,1016.5,19.2,46,32.8,28.7,30.8
1774778400,11.4,25,9.8,52.6,1.2,12.2,41,27.3,32.6,32.4,1005.5,1027.9,1016.7,19.2,46,32.6,28.6,29.7
1774782000,17.2,23,8.6,49.3,1.9,14.2,41,28.2,33.7,31.3,1005.4,1028.5,1017.1,20.1,46,33.7,29.5,29.8
1774785600,15.3,22.9,10.6,48.3,2.8,15.8,42.8,29.2,36.2,28.8,1005.4,1028.9,1017.2,24.3,48.2,36.2,31.7,22
1774789200,15.7,21.3,13.6,47.7,1.9,16,43,29.8,39.5,25.6,1005.4,1028.5,1017.1,27.1,53.1,39.5,34.9,19.5
1774792800,17,19.3,12.5,48.6,2.6,15.8,44.1,30,42.5,22.6,1005.3,1028.4,1017,30.9,57,42.5,38.2,14.4
1774796400,18.6,20.6,10.9,46.6,3.2,15.3,44.1,30,45,20.4,1005.2,1027.8,1016.7,33.1,61,45,40.6,6.5
1774800000,16.1,21,13.3,47.4,2.1,14.2,44.6,29.7,46.6,19,1005.4,1027,1016.4,33.8,63,46.6,42.4,7.9
1774803600,19,19,13.8,45.6,2.5,14,45,29.6,48.1,17.6,1005.2,1026.6,1015.9,34,64.4,48.1,44.2,4.5
1774807200,19.7,19.7,13.1,44.5,3,15.1,45,29.7,48.8,17,1005,1026,1015.4,34.9,65.8,48.8,45.1,3
1774810800,20,19.8,12.7,45.6,1.8,14.2,45,29.6,49.1,16.8,1004.8,1025.3,1015.1,34,66.2,49.1,45.4,2.7
1774814400,17.3,19.4,12.9,47.9,2.6,14,45,29.4,48.9,17,1004.7,1025.3,1014.9,33.8,66,48.9,45.1,3.7
1774818000,20,22.1,9.2,46.4,2.3,12.2,45,29.1,48.1,17.6,1005.2,1025.7,1015.3,33.1,64.4,48.1,44.2,4.5
1774821600,18.1,24.1,9.5,45.7,2.6,12.2,45,29.3,46.5,19,1005.6,1025.5,1015.5,32.9,62.1,46.5,42.7,6.4
1774825200,12.2,24.5,12.4,47.7,3.2,12.2,44.1,29.1,43.5,21.8,1006.1,1026.1,1016,30.2,57.9,43.5,39.4,9.1
1774828800,11.1,29.5,10.4,47.6,1.4,13.1,44.1,29.5,41.4,23.8,1006.5,1026.8,1016.3,28.4,55.9,41.4,37.2,14.5
1774832400,8.9,31.3,10.8,48.2,0.7,15.1,44.6,29.6,39.7,25.4,1006.8,1027.1,1016.6,27.1,54,39.7,35.8,20
1774836000,8.5,33,8.3,48.7,1.4,14.9,44.1,29.6,38.3,26.8,1006.8,1027.1,1016.6,26.1,52,38.3,34.6,27.4
1774839600,7.7,31.9,7.5,52.2,0.7,16,44.1,29.4,37.1,28,1006.4,1027.1,1016.6,25,51.1,37,33.4,30
1774843200,9.4,31.7,7,50.1,1.9,15.4,43.5,29.3,36.4,28.6,1006.3,1027,1016.5,24.1,50,36.4,32.7,30.2
1774846800,9,32.4,7.3,50.4,1,14.9,42.8,29.1,35.7,29.3,1006.1,1027,1016.5,23.2,48.9,35.7,32,30.4
1774850400,10.2,31.8,6.5,50.6,1,14.2,43,28.6,34.9,30.1,1005.8,1026.9,1016.3,21.2,48.2,34.9,31.2,30.5
1774854000,9.4,31.9,7.9,49.9,1,14,42.8,28.5,34.3,30.7,1005.7,1026.9,1016.1,21.2,48,34.3,30.7,34.3
1774857600,7.1,32.8,8.1,51.8,0.2,12.9,42.8,28.3,33.8,31.2,1005.6,1026.7,1016.1,20.8,46.4,33.8,29.9,32
1774861200,8,30.8,8.2,51.1,1.9,14,42.1,27.9,33.3,31.7,1005.5,1027.2,1016.3,19.4,46.4,33.3,29.3,31.2
1774864800,11.9,25.7,9.3,52,1.2,14,42.1,27.8,33.1,31.9,1005.5,1027.1,1016.5,19.4,46.4,33.1,29.2,30.7
1774868400,17.4,23.6,7.9,49.3,1.9,15.3,42.1,28.6,34.2,30.8,1005.5,1027.8,1016.9,21.2,46.4,34.2,30.1,29.9
1774872000,14.3,23.3,10.5,49.4,2.6,16,43,29.6,36.7,28.3,1005.7,1028.5,1017.1,25,48.9,36.7,32.3,22.5
1774875600,15.5,21.6,13.1,48.1,1.6,16.2,44.1,30.3,40,25,1005.4,1028.1,1016.9,28,53.1,40,35.6,20.4
1774879200,16.8,19.7,12.1,48.6,2.8,16.2,45,30.5,43.1,22,1005.4,1027.7,1016.8,31.1,57.2,43.1,39,14.7
1774882800,18.8,21.1,10.9,46.3,3,15.3,45,30.4,45.6,19.8,1005.3,1027.1,1016.5,33.1,62.1,45.6,41.3,6.9
1774886400,15.9,21.7,12.9,47.7,1.9,14.9,45,30.2,47.3,18.4,1005.4,1026.5,1016.1,34,64,47.3,43.3,8.1
1774890000,19,19.2,14.2,45.3,2.3,14.2,45,30,48.8,17.1,1005.2,1026.2,1015.7,35.1,66,48.8,45,4.8
1774893600,20.8,19.6,12.9,43.9,2.8,15.3,46,30.2,49.5,16.4,1005,1025.4,1015.2,35.6,66.9,49.5,46,3
1774897200,19.6,20.3,12.2,46.1,1.8,15.1,46,30.1,49.8,16.2,1004.6,1025.1,1014.8,35.6,66.9,49.8,46.3,2.5
1774900800,17.1,19.6,12.4,48.1,2.8,14,46,29.9,49.6,16.4,1004.1,1024.7,1014.6,34,66.2,49.6,46,3.4
1774904400,19.1,22.3,9.2,46.9,2.5,12.9,46,29.7,48.8,17,1005,1025,1015,33.8,64.9,48.8,45.1,4.3
1774908000,17.4,24.4,9.7,45.9,2.6,12.9,45,29.9,47.1,18.4,1005.3,1025.1,1015.2,33.8,62.6,47.1,43.5,7.1
1774911600,12.2,24.1,12.4,47.9,3.4,12.9,44.6,29.6,44.1,21.2,1005.9,1025.8,1015.6,30.9,59,44.1,40.2,8.7
1774915200,11.1,29,10.7,47.8,1.4,14,45,30.1,42,23.1,1006.3,1026.3,1016,28.4,55.9,42,38,15
1774918800,9.6,30.7,10.3,48.5,0.9,15.3,45,30.3,40.3,24.8,1006.7,1026.7,1016.3,28,55,40.3,36.5,21.1
1774922400,9.7,33,7.6,48.3,1.4,16,45,30.2,38.8,26.3,1006.8,1026.5,1016.3,27,53.1,38.8,35.2,28.3
1774926000,7.7,32.2,7,52.2,0.9,16.2,44.6,30,37.6,27.5,1006.3,1026.6,1016.3,25.2,51.1,37.5,34,31
1774929600,10.1,31.9,6.8,49.5,1.7,16,43.8,29.8,36.9,28.1,1006,1026.7,1016.3,24.8,50.5,36.9,33.3,31.3
1774933200,9,32.7,6.8,50.5,1,15.8,43,29.6,36.2,28.8,1005.6,1026.8,1016.2,24.3,50,36.2,32.6,31.6
1774936800,10.4,31.8,6.5,50.6,0.7,15.1,43,29.1,35.4,29.6,1005.3,1026.7,1016,23,48.9,35.4,31.8,31.2
1774940400,9.6,32.3,7.4,49.8,1,15.1,42.8,28.9,34.7,30.3,1005.5,1026.5,1015.9,21.2,48,34.7,31.2,34.4
1774944000,7.5,32.4,7.3,52.6,0.2,14,42.8,28.7,34.3,30.7,1005.4,1026.6,1015.9,21.2,46.9,34.3,30.4,32.2
1774947600,7.7,30.7,8.4,51.8,1.4,14.2,42.1,28.3,33.7,31.3,1004.7,1026.9,1015.9,20.1,46.4,33.7,29.8,32.1
1774951200,12.1,24.6,9.7,52.8,0.7,14.2,42.1,28.3,33.5,31.5,1005.1,1026.9,1016.3,19.9,46.4,33.5,29.6,31.4
1774954800,16.7,23.1,7.9,50.5,1.9,16,42.1,29.2,34.7,30.3,1005.1,1027.7,1016.6,21.2,46.9,34.7,30.7,31.6
1774958400,13.6,23.6,10.2,50,2.6,17.2,43,30.1,37.2,27.8,1005.4,1028.1,1016.8,25,48.9,37.2,32.9,23
1774962000,15.5,21.6,12.4,48.8,1.6,17.2,45,30.7,40.4,24.6,1005.3,1028.1,1016.7,28.4,53.6,40.4,36.2,20.4
1774965600,16.6,19.7,12.1,49.2,2.4,17.1,46,31,43.6,21.6,1004.9,1027.6,1016.5,32,57.9,43.6,39.5,14.4
1774969200,18.3,21.1,10.6,47.2,2.8,15.8,45,30.9,46.1,19.4,1005.1,1027,1016.2,33.8,62.6,46.1,42,6.9
1774972800,15.7,22.2,12.2,48,1.9,15.1,46,30.7,47.8,17.9,1005.1,1026.4,1015.9,34,64.9,47.8,44,8.1
1774976400,18.8,20.2,14,45,2.1,14.9,46,30.5,49.3,16.6,1004.4,1026.1,1015.4,35.6,66.9,49.3,45.7,5.5
1774980000,20.8,20.6,12.6,43.2,2.8,15.3,46.4,30.5,50,16,1004.2,1025.3,1014.9,35.6,68,50,46.6,3
1774983600,19.2,21.5,11.3,46.1,1.9,15.3,46.4,30.6,50.4,15.7,1004,1024.9,1014.6,35.6,66.9,50.4,47.1,2.8
1774987200,17.1,20.6,11.4,48.4,2.6,14.2,46.4,30.4,50,16,1003.8,1024.3,1014.3,35.1,66.9,50,46.6,3.7
1774990800,18.9,22.8,9,47,2.3,14,46.4,30.2,49.3,16.5,1004.8,1024.6,1014.7,34.9,64.9,49.3,45.8,4.1
1774994400,17,24.7,9.5,46.5,2.3,14,46,30.5,47.7,17.9,1005.2,1024.6,1014.9,33.8,64,47.7,44.2,7.1
1774998000,11.5,24.4,11.7,49.2,3.2,14,45,30.2,44.6,20.7,1005.9,1025.5,1015.4,31.1,59,44.6,40.7,7.8
1775001600,10,29.1,10.5,49.3,1.2,14.2,46,30.6,42.5,22.6,1006.3,1025.7,1015.7,30,57,42.5,38.6,14.4
1775005200,9.8,29.9,9.3,50,0.9,15.8,46,30.7,40.8,24.3,1006.5,1026.2,1016,28.4,55.4,40.8,37,20.6
1775008800,9.5,32.3,7.7,49.4,1.2,16.2,45,30.7,39.3,25.8,1006.5,1026.3,1016,27,53.1,39.3,35.7,27.2
1775012400,8.2,31.1,6.8,53,0.9,16.9,45,30.6,38.1,26.9,1006.1,1026.5,1015.9,26.1,51.1,38.1,34.5,30.2
1775016000,10.6,30.6,6.7,50.4,1.7,17,44.5,30.4,37.4,27.6,1005.8,1026.6,1015.8,25.5,50.5,37.4,33.8,30.1
1775019600,8.3,31.9,7.3,51.6,1,17.2,44.1,30.1,36.7,28.3,1005.5,1026.7,1015.8,24.8,50,36.7,33.1,30
1775023200,10.4,31,5.7,52.1,0.7,16.2,44.1,29.6,36,29,1005.1,1026.5,1015.6,23,50,36,32.3,28.4
1775026800,9.6,31.5,7.1,51.2,0.5,16.2,43,29.4,35.4,29.6,1005.4,1026.5,1015.5,22.1,48,35.4,31.7,33
1775030400,7,31.1,7,54.4,0.5,15.1,43,29.2,34.9,30.1,1005.1,1026.5,1015.5,21.2,48,34.9,31,30.7
1775034000,8.1,28.6,8.3,53.6,1.4,15.1,43,28.8,34.3,30.7,1004.7,1026.3,1015.6,21.2,46.4,34.3,30.3,30.3
1775037600,13.3,22.5,10,53.3,0.9,15.1,42.1,28.8,34.1,30.9,1004.9,1026.7,1015.9,21,46.9,34.1,30.2,29.5
1775041200,17.8,22,6.6,51.9,1.7,17.2,43,29.7,35.3,29.7,1005.1,1027.1,1016.2,23,46.9,35.3,31.2,30.4
1775044800,13.3,22.1,11.2,51.5,1.9,18,44.1,30.5,37.7,27.3,1005.4,1027.2,1016.5,26.1,50,37.7,33.4,22.3
1775048400,16.3,20.3,12.8,49,1.6,17.6,45,31.1,41,24.1,1005.2,1027.4,1016.3,29.1,54,41,36.6,18.8
1775052000,17.3,19.5,11.9,49.2,2.1,17.2,46,31.4,44.1,21.2,1004.8,1027.5,1016.2,32,57.9,44.1,40,13.7
1775055600,18.5,20.3,10.6,47.1,3.5,15.8,46,31.2,46.5,19,1004.6,1026.9,1015.8,33.8,63,46.5,42.4,7.1
1775059200,16,21.6,12.2,48,2.1,15.8,46.4,31,48.2,17.6,1004.9,1026.1,1015.5,34.9,66,48.2,44.3,7.5
1775062800,20,19.5,14,44.5,2.1,15.1,46,30.9,49.7,16.3,1004.2,1025.4,1015,35.6,68,49.7,46.2,5.2
1775066400,21.9,20.3,12.8,42.9,2.1,15.8,46.9,30.8,50.4,15.7,1003.8,1025,1014.6,35.6,69.1,50.4,47.1,3.4
1775070000,18.3,20.6,12.1,47.3,1.6,16,46.9,30.9,50.8,15.4,1003.4,1024.7,1014.2,35.6,68,50.8,47.5,2.3
1775073600,16.8,20.5,11.7,48.7,2.3,15.3,46.4,30.7,50.4,15.7,1003.6,1024.1,1014,35.1,66.9,50.4,47,3.2
1775077200,19,22.2,9.7,47.2,1.9,15.8,46.4,30.5,49.7,16.2,1004.2,1024.1,1014.3,34.9,66,49.7,46.3,3.9
1775080800,17.1,24.1,10.2,46.3,2.3,15.1,46.9,30.7,48,17.6,1004.9,1024.5,1014.6,33.8,64,48,44.5,7.3
1775084400,12.2,23.7,12,48.7,3.4,14.9,45,30.4,45.1,20.3,1005.3,1024.9,1015,32,59,45.1,41.2,7.8
1775088000,9.3,28.5,11.4,49.3,1.4,15.1,46.4,30.7,43,22.2,1006,1025.4,1015.3,30.2,57.2,43,39,13.7
1775091600,10.1,30.2,8.9,49.9,0.9,16,46,30.9,41.2,23.9,1006.2,1025.7,1015.7,28.9,55.4,41.2,37.5,19
1775095200,10,33.2,7.2,48.7,0.9,16.9,45,30.8,39.6,25.4,1006.1,1025.9,1015.7,28,53.6,39.6,36.1,26.7
1775098800,7.9,31.3,6.5,53,1.2,17.6,45,30.8,38.6,26.5,1006,1025.7,1015.6,26.6,52,38.5,35,30
1775102400,10.8,30.6,6.7,50.1,1.7,17.6,44.8,30.6,37.9,27.1,1005.7,1025.8,1015.5,25.9,51.9,37.9,34.3,29.3
1775106000,9.7,30.8,7.3,51.2,1,17.6,44.6,30.4,37.2,27.8,1005.4,1026,1015.4,25.2,51.8,37.2,33.5,28.6
1775109600,10.9,30.1,6.2,52.1,0.7,17.2,44.6,29.9,36.5,28.5,1005,1026.2,1015.2,23.2,51.8,36.5,32.8,27.8
1775113200,9.8,30.4,7.6,52,0.2,17.1,44.1,29.7,35.8,29.2,1005.4,1025.8,1015.1,23,50,35.8,32.1,31.4
1775116800,6.8,30.8,7.3,54.7,0.5,15.8,43,29.4,35.3,29.7,1005.1,1025.6,1015.1,22.1,48.2,35.3,31.4,28.6
1775120400,8.8,27,7.6,55.2,1.4,15.3,43,29.1,34.7,30.3,1004.5,1025.5,1015.2,21.2,46.9,34.7,30.7,29.1
1775124000,13.9,21.4,9.2,54.6,0.9,16,42.8,29.2,34.5,30.5,1004.8,1026.2,1015.6,21.2,48,34.5,30.6,28.1
1775127600,16.1,21.8,5.9,54.3,1.9,17.2,43,30,35.8,29.3,1005,1026.6,1015.8,23.2,48.2,35.8,31.7,28.5
1775131200,13.5,21.1,10.9,52.3,2.1,18.1,44.6,30.8,38.1,26.9,1005.1,1027,1016,26.6,50,38.1,33.8,20.9
1775134800,16.6,19.3,12.4,49.9,1.9,17.6,45,31.3,41.3,23.8,1005.1,1026.8,1015.9,30.2,55,41.3,36.9,17.4
1775138400,16.6,19,12.6,49.9,1.9,17.2,46,31.6,44.3,21,1004.5,1027.1,1015.7,32,59,44.3,40.2,12.3
1775142000,18.2,20.1,10.6,48,3,16,46,31.4,46.7,18.9,1004.6,1026.4,1015.4,33.8,63,46.7,42.6,6.7
1775145600,16,21.5,11.6,48.6,2.4,16,46.4,31.3,48.3,17.5,1004.4,1025.8,1015.1,34.9,66,48.3,44.5,7
1775149200,19.5,19.5,13.1,45.7,2.1,15.3,46,31.1,49.8,16.2,1004,1025.2,1014.7,35.6,68,49.8,46.2,4.8
1775152800,22,19.2,12.1,44.6,2.1,16,46.9,31.1,50.5,15.6,1003.5,1024.6,1014.2,35.6,69.1,50.5,47.2,3.2
1775156400,17.8,19.4,12,48.5,2.3,16.2,46.9,31,50.8,15.3,1003.1,1024.2,1014,36,68,50.8,47.5,2.3
1775160000,16.8,19.9,11.9,49.5,1.9,16,46.9,30.9,50.5,15.6,1003.1,1023.7,1013.7,35.6,66.9,50.5,47.1,3.2
1775163600,18.5,21.5,10.4,47.7,1.9,16,46.9,30.7,49.9,16,1003.9,1023.5,1013.9,35.1,66,49.9,46.5,4.1
1775167200,16.6,23.5,10.4,47.2,2.3,15.1,46.9,30.8,48.1,17.5,1004.5,1023.7,1014.4,33.8,64,48.1,44.6,7.3
1775170800,12.2,23.7,12.2,48.7,3.2,14.9,46,30.5,45.1,20.2,1005.1,1024.3,1014.8,32,59,45.1,41.3,8.5
1775174400,9.3,29.5,11.4,48.3,1.6,15.1,46,30.7,43,22.2,1005.5,1024.8,1015.2,30.2,57.2,43,39.1,13.4
1775178000,9.6,30.4,9.1,50,0.9,16.2,46,30.9,41.2,23.9,1006.1,1025.1,1015.5,29.8,55.4,41.2,37.5,19.4
1775181600,10.3,32.6,7.5,48.7,0.9,17.1,45,30.9,39.7,25.3,1005.9,1025.1,1015.5,28.2,53.6,39.7,36.2,27.3
1775185200,8,30.8,6.8,52.6,1.9,17.2,45,30.8,38.6,26.4,1006,1025.1,1015.4,26.6,52,38.6,35.2,29.7
1775188800,11.1,30.7,7,50,1.2,17.4,44.8,30.6,37.9,27.1,1005.6,1025.3,1015.3,25.9,51.9,37.9,34.4,28.8
1775192400,8.7,31.6,7.7,51,1,17.6,44.6,30.4,37.2,27.8,1005.3,1025.5,1015.2,25.2,51.8,37.2,33.5,27.8
1775196000,9.9,31.1,6.7,51.1,1.2,17.2,44.1,29.9,36.4,28.6,1005,1025.6,1015.1,23.9,51.8,36.4,32.7,27.4
1775199600,9.2,30.9,7.8,51.6,0.5,17.6,44.1,29.8,35.8,29.2,1005.4,1025.6,1015,23.9,50,35.8,32.1,30.9
1775203200,6.8,31.2,7.5,54,0.5,17.1,43,29.5,35.3,29.7,1004.5,1025.4,1015,23,48.2,35.3,31.3,28.4
1775206800,9,26.2,8,55.3,1.4,15.8,43,29.2,34.7,30.3,1004.3,1025.5,1015,21.9,47.8,34.7,30.8,29.2
1775210400,14.1,21.1,9.6,53.9,1.4,16,42.8,29.3,34.6,30.4,1004.5,1026.4,1015.4,21.2,48.2,34.6,30.7,28.5
1775214000,16,21.5,6.1,54.5,1.9,17.6,43,30.2,35.9,29.1,1004.5,1027.1,1015.8,24.8,48.2,35.9,31.8,28.1
1775217600,14.7,21,10.9,51.1,2.4,18.1,44.6,30.9,38.2,26.8,1005,1027.4,1016.1,27.1,50,38.2,33.8,21.3
1775221200,15.9,20,12.1,50.1,1.9,17.6,45,31.3,41.4,23.7,1005,1027.2,1015.9,30.2,55,41.4,37,16.6
1775224800,16.1,19,13.7,49.3,1.9,17.2,46,31.6,44.4,20.8,1004.4,1026.9,1015.7,32,59,44.4,40.3,11.1
1775228400,17.6,20.8,11.1,47.6,3,16.2,46,31.3,46.8,18.7,1004.5,1026.3,1015.3,33.8,63,46.8,42.8,6.9
1775232000,15.5,21.9,12,48.7,1.9,16,46.4,31.2,48.5,17.3,1004.1,1025.8,1015,35.1,66,48.5,44.7,7
1775235600,18.6,20.6,13.5,45.4,1.8,15.3,46.9,31,50,16,1003.8,1025,1014.6,35.6,68,50,46.4,4.3
1775239200,20.7,19.6,12.1,45.2,2.3,16,46.9,31,50.7,15.4,1003.1,1024.3,1014.1,36,69.1,50.7,47.4,3.4
1775242800,17.1,19.7,11.6,49.1,2.5,16.2,46.9,31,50.9,15.2,1003.1,1024,1013.9,36,66.9,50.9,47.6,2.1
1775246400,15.9,20.3,11.4,50.2,2.1,16.2,46.9,31,50.7,15.4,1002.9,1023.7,1013.6,35.6,66.9,50.7,47.3,3.2
1775250000,16.9,21.8,10.4,49,1.9,17.1,46.9,30.8,50,15.9,1003.4,1023.4,1013.9,35.1,66,50,46.6,4.1
1775253600,16.9,24,9.5,47.3,2.3,15.3,46.9,30.8,48.3,17.3,1004.4,1023.9,1014.3,34,64,48.3,44.8,6.7
1775257200,12.9,23.9,11.5,48.7,3,15.3,46,30.5,45.3,20,1004.9,1024.3,1014.7,32.9,59,45.3,41.6,8.3
1775260800,8.1,29.2,12.3,48.6,1.9,15.3,46,30.8,43.1,22,1005.1,1024.8,1015.1,31.1,57,43.1,39.2,13.4
1775264400,9.1,30.3,9.1,50.3,1.2,17.1,46,31,41.3,23.8,1005.9,1025.2,1015.4,30,55.4,41.3,37.6,18.9
1775268000,10.3,32.8,8,48,0.9,17.2,45,31,39.8,25.2,1005.8,1025.4,1015.5,28.4,53.1,39.8,36.3,26.7
1775271600,8.2,31.5,7,51.4,1.9,18,45,30.8,38.7,26.3,1005.8,1025.3,1015.3,27.1,52,38.7,35.3,28.5
1775275200,11.4,31.4,7.2,48.8,1.2,18,44.8,30.6,38,27,1005.5,1025.5,1015.2,26.6,51.9,38,34.5,27.7
1775278800,9.2,31.2,8.2,50.5,1,18,44.6,30.4,37.4,27.6,1005.1,1025.7,1015.1,26.2,51.8,37.4,33.7,26.9
1775282400,10.1,31.2,6.9,50.6,1.2,17.6,44.1,29.9,36.6,28.4,1004.8,1025.7,1015,24.3,51.1,36.6,32.8,27.3
1775286000,9.2,30.3,8.5,51.6,0.5,18,44.1,29.8,36,29,1004.4,1025.6,1014.8,24.3,50,36,32.3,30.9
1775289600,6.5,30.9,7.7,54.1,0.7,17.6,43,29.5,35.5,29.5,1004.5,1025.6,1015,23.2,48.2,35.5,31.5,28.7
1775293200,8.7,25.3,9.5,55.3,1.2,16.2,43,29.4,35,30,1004.4,1025.6,1015,23,46.9,35,31,28.9
1775296800,13.9,21.5,9,54.2,1.4,16.2,42.8,29.4,34.8,30.2,1004.5,1026.7,1015.4,21.9,48.2,34.8,31,28.9
1775300400,16.9,21.3,5.9,54.1,1.9,18,43,30.4,36.2,28.8,1004.5,1027.2,1015.8,25,48.9,36.2,32.2,27.7
1775304000,15,21.5,10.5,50.8,2.1,18.1,45,31.1,38.5,26.5,1005.1,1027.6,1016.1,28.4,50,38.5,34.2,21
1775307600,15.4,20.5,12.4,49.9,1.9,18,45,31.5,41.7,23.4,1005.1,1027.3,1015.9,30.2,55,41.7,37.3,16.2
1775311200,15.1,19.6,14.2,49.3,1.9,17.2,46,31.7,44.8,20.5,1004.5,1027.1,1015.7,33.1,59,44.8,40.7,10.6
1775314800,16.7,21.3,10.9,48,3,16.2,46,31.4,47.1,18.4,1004.5,1026.3,1015.2,33.8,63,47.1,43.2,7.1
1775318400,16.2,22.1,12.5,48,1.2,16.2,46.4,31.2,48.8,17,1004.2,1026,1015,35.1,66,48.8,45.1,7
1775322000,19.4,21,12.9,45.2,1.6,15.8,46.4,31.1,50.2,15.8,1004,1025,1014.5,36,66.9,50.2,46.7,4.1
1775325600,20.2,19.5,12.1,45.6,2.6,16.2,48,31.1,51,15.1,1003.2,1024.3,1014.1,36,69.1,51,47.8,3.9
1775329200,16.8,19.6,12.4,48.8,2.3,17.2,46.9,31.1,51.2,14.9,1003.1,1024.1,1013.9,36,68,51.2,48,2.3
1775332800,16.4,20.2,11.3,49.5,2.6,16.9,46.9,31.2,50.9,15.1,1002.9,1023.7,1013.5,35.6,66.9,50.9,47.6,3.2
1775336400,18,21.9,10.4,48,1.6,17.1,46.9,30.9,50.3,15.6,1003.7,1023.2,1013.8,35.6,66,50.3,47,3.9
1775340000,16.6,24.2,10.1,47,2.1,15.8,46.9,30.8,48.5,17.1,1004.5,1023.7,1014.3,34,64,48.5,45.1,6.2
1775343600,13.4,23.8,11.3,48.1,3.2,15.3,46,30.5,45.5,19.8,1004.9,1023.9,1014.6,33.1,60.1,45.5,41.8,8.8
1775347200,9,28.6,12,48.5,1.8,16,46,30.9,43.4,21.7,1005.1,1024.8,1015.1,32,57,43.4,39.6,13.6
1775350800,9.4,29.7,9.6,50.1,1.2,17.1,46,31.1,41.5,23.6,1005.9,1025.4,1015.5,30.2,55.4,41.5,37.9,19.7
1775354400,10.4,32.2,8.2,48.2,0.9,17.2,45,31.1,40,25,1005.6,1025.4,1015.5,28.4,53.6,40,36.6,26.9
1775358000,8.2,31.4,7,51.5,1.9,18,45,31,39,26,1005.8,1025.3,1015.3,27.9,52,39,35.5,28.3
1775361600,11.2,31.1,7.8,48.8,1.2,18,44.5,30.7,38.2,26.8,1005.5,1025.5,1015.2,27.3,51.9,38.2,34.7,28
1775365200,9.4,31,8.5,50.1,1,18,44.1,30.4,37.4,27.6,1005.1,1025.7,1015.1,26.6,51.8,37.4,33.9,27.7
1775368800,10,31.1,7.1,50.2,1.5,18,44.1,29.9,36.7,28.3,1004.8,1025.7,1015,24.8,51.1,36.7,33.1,28.4
1775372400,9.7,30.3,8,51.6,0.5,18,44.1,29.8,36.1,28.9,1004.7,1025.7,1014.9,24.3,50,36.1,32.4,29.8
1775376000,6.8,31,7.3,54.2,0.7,17.6,43,29.6,35.6,29.4,1004.5,1025.6,1015,24.1,48.2,35.6,31.6,27.9
1775379600,9,25.6,9.7,54.5,1.2,16.2,43,29.4,35.1,29.9,1004.4,1025.5,1015,23,48,35.1,31.2,29.1
1775383200,14.1,21.5,9,53.5,1.9,16.2,42.1,29.4,34.9,30.1,1004.6,1026.7,1015.6,21.9,48.2,34.9,31,29.3
1775386800,16.5,21.7,6.6,53.2,1.9,18,43,30.5,36.3,28.7,1004.7,1027.2,1015.9,25.2,48.9,36.3,32.2,27
1775390400,14.6,22.1,10.4,50.8,2.1,18.9,44.6,31.1,38.7,26.3,1005.3,1027.4,1016.2,28.9,51.1,38.7,34.3,19.9
1775394000,16.4,21.3,11.2,48.9,2.1,18,45,31.5,41.8,23.2,1005,1027.3,1016.1,30.9,55,41.8,37.4,16
1775397600,15.6,19.9,13.7,48.7,2.1,17.2,46,31.7,45,20.3,1004.7,1027.1,1015.8,33.1,59,45,40.8,9.7
1775401200,17.4,20.6,10.9,48.3,2.8,16.2,46,31.3,47.3,18.2,1004.6,1026.3,1015.4,34,63,47.3,43.4,6.7
1775404800,17.1,20.7,12.9,47.9,1.4,16.2,46.4,31.1,48.9,16.8,1004.4,1026,1015.1,35.6,66,48.9,45.2,6.3
1775408400,20.1,20.3,12.7,45.3,1.6,15.8,46.9,31.1,50.2,15.7,1004,1025,1014.7,36,66.9,50.2,46.7,3.4
1775412000,20.9,18.6,11.9,45.8,2.8,16.2,48,31.2,51,15.1,1003.8,1024.3,1014.2,37,68,51,47.8,3.9
1775415600,17.1,19.4,12,49.1,2.5,17.2,46.9,31.2,51.1,14.9,1003.3,1024.2,1014,36,66.9,51.1,47.8,2.5
1775419200,16.6,20.6,11,49.5,2.3,16.9,48,31.2,50.9,15.1,1003.5,1023.7,1013.7,36,66.9,50.9,47.6,3.2
1775422800,17,22.1,11.5,48,1.4,17.1,46.9,31,50.3,15.5,1004.1,1023.6,1014,35.6,66,50.3,47,3.6
1775426400,15.8,24.3,10.1,47.8,2.1,15.8,46.9,30.9,48.4,17.1,1004.9,1024.2,1014.5,34.9,64,48.4,45,5.5
1775430000,14.1,23.5,11.8,47.7,3,15.3,46,30.6,45.5,19.7,1005.1,1024.7,1014.8,33.1,59,45.5,41.8,7.9
1775433600,9,28.6,12.7,47.9,1.8,15.8,46,31,43.4,21.7,1005.8,1025,1015.3,32,57,43.4,39.6,13.1
1775437200,9.3,30.1,9.8,49.7,1.2,17.1,46,31.2,41.5,23.6,1006.2,1025.6,1015.6,30.2,55.4,41.5,37.8,19.2
1775440800,10.6,31.6,8.5,48.3,0.9,17.2,45,31.1,40,25.1,1006.2,1025.5,1015.7,28.4,53.1,40,36.5,26.3
1775444400,7.9,31.5,7,51.7,1.9,18,45,31,39,26,1006,1025.3,1015.5,28,52,39,35.4,27.8
1775448000,10.7,31.3,7.8,49,1.2,18.1,44.5,30.7,38.2,26.8,1005.7,1025.6,1015.4,27.3,51.5,38.2,34.6,27.6
1775451600,9.6,31.8,7.5,50.4,0.7,18.1,44.1,30.4,37.4,27.6,1005.4,1025.9,1015.3,26.6,50.9,37.4,33.8,27.4
1775455200,10.2,31.2,6.8,50.1,1.7,18.1,43,30,36.7,28.3,1005,1025.7,1015.1,24.8,50.9,36.7,33,27.4
1775458800,9.4,30.8,7.5,51.8,0.5,18.1,43,29.8,36.1,28.9,1005,1025.7,1015,24.3,48.9,36.1,32.3,29.2
1775462400,6.5,30.6,7,54.9,1,17.6,43,29.5,35.6,29.4,1005.2,1025.6,1015.1,24.1,48,35.6,31.5,25.9
1775466000,9.7,25.7,9.7,54.2,0.7,16.9,43,29.4,35.2,29.8,1004.7,1025.9,1015.2,23.2,46.9,35.2,31.2,28.1
1775469600,14.3,22.4,8.8,53,1.6,17.2,42.1,29.4,34.9,30.1,1005,1026.7,1015.8,22.1,47.8,34.9,31,28.9
1775473200,16.4,23,6.3,52.8,1.4,18.1,43,30.4,36.3,28.7,1005.1,1027.3,1016.1,25.2,48.2,36.3,32.2,26.5
1775476800,14.3,22.7,10.5,50.4,2.1,19,44.1,31.1,38.8,26.2,1005.4,1027.6,1016.4,28.9,50,38.8,34.4,19.4
1775480400,16.1,21.3,12.1,48.6,1.9,18,45,31.5,41.9,23.2,1005.2,1027.6,1016.3,30.9,55,41.9,37.5,15.8
1775484000,15.5,19.5,14.1,48,2.8,17.6,46,31.7,44.9,20.3,1004.8,1027.3,1016,33.8,57.9,44.9,40.8,9.2
1775487600,17.3,20.7,10.8,48.4,2.8,16.2,46,31.3,47.3,18.2,1004.6,1026.4,1015.5,34,62.6,47.3,43.4,6.4
1775491200,17.8,20.3,12.1,47.9,1.9,16.2,46.4,31.1,48.9,16.8,1004.9,1026.1,1015.2,35.6,64.4,48.9,45.2,6
1775494800,20.5,20.9,12.2,45.1,1.4,15.8,46,31.1,50.2,15.7,1004,1025.2,1014.8,36.9,66.9,50.2,46.7,3.7
1775498400,22.7,18.1,12.1,44.5,2.6,16.2,48,31.2,50.9,15,1003.8,1024.7,1014.4,37,66.9,50.9,47.8,3.7
1775502000,17.5,19.1,11.8,49.1,2.5,16.2,46.9,31.1,51.1,14.8,1003.4,1024.2,1014.1,36.9,66.9,51.1,47.9,2.7
1775505600,16.9,20,10.9,49.7,2.6,16.2,48,31.2,50.9,15,1003.5,1023.9,1013.9,36,66,50.9,47.7,3.2
1775509200,17.7,21.6,12,47.1,1.6,17.1,48,31.1,50.4,15.4,1004,1023.7,1014.1,36,64.9,50.4,47.1,3.9
1775512800,17.6,24.2,10,46.1,2.1,15.3,46.9,30.8,48.5,17,1005.1,1024.5,1014.6,34.9,62.6,48.5,45,5
1775516400,15.2,23.5,12,46.5,2.8,15.3,46.4,30.6,45.5,19.7,1005.1,1024.8,1014.8,33.8,59,45.5,41.7,7.6
1775520000,9.7,27.9,12.5,47.8,2.1,16.2,46.9,31,43.4,21.7,1006,1025.1,1015.3,32,56.8,43.4,39.7,14.1
1775523600,9.3,29.9,9.7,49.8,1.4,17.2,46,31.1,41.6,23.5,1006.2,1026,1015.7,30.2,55,41.6,37.9,18.8
1775527200,11.1,31.4,9,47.4,1.2,17.6,45,31.1,40.1,25,1006.4,1025.8,1015.8,28.9,53.1,40.1,36.6,25.8
1775530800,7.7,32.1,7.4,50.9,1.9,18.1,45,31,39,26,1006.1,1025.9,1015.6,28,52,39,35.5,28.2
1775534400,10.6,31.4,8.2,48.3,1.4,18.1,44.5,30.6,38.2,26.8,1005.8,1025.9,1015.5,27.3,51.5,38.2,34.6,28.1
1775538000,9.4,32.5,7.9,49.5,0.7,18.1,44.1,30.3,37.4,27.6,1005.5,1025.9,1015.5,26.6,50.9,37.4,33.8,28.1
1775541600,10.6,32.2,6.5,49,1.7,18.1,43,30,36.8,28.2,1005.1,1025.7,1015.2,25.2,50,36.8,33.1,28.1
1775545200,9.9,31,7.2,51,1,18.1,43.9,29.9,36.1,28.9,1005.4,1025.7,1015.1,24.8,48.9,36.1,32.4,29.3
1775548800,6.8,30,7.5,54.6,1.2,18,43,29.6,35.7,29.3,1005.4,1025.6,1015.2,24.3,48,35.7,31.6,26.9
1775552400,9.9,25.4,9.9,53.5,1.4,17.2,43,29.5,35.2,29.8,1005.1,1025.7,1015.4,23.2,46.9,35.2,31.3,28.4
1775556000,14.3,23,8.7,52.4,1.6,17.2,42.1,29.5,35,30,1005.5,1026.7,1015.9,23,46.9,35,31.2,29.3
1775559600,16,23.9,6.3,52.1,1.6,18.9,43,30.5,36.4,28.6,1005.8,1027.3,1016.2,26.2,48,36.4,32.3,26.4
1775563200,13.8,23.3,10.5,50.1,2.3,19.2,44.1,31.3,39.1,25.9,1005.7,1027.4,1016.5,29.1,50,39.1,34.7,19.7
1775566800,15.9,21.4,12.4,48.5,1.9,18.1,45,31.6,42.1,22.9,1005.2,1027.4,1016.3,32,55,42.1,37.8,16
1775570400,16.2,20.5,13.2,47.3,2.8,18,46,31.7,45.2,20,1004.9,1027.3,1016.1,33.8,57.9,45.2,41.1,9.2
1775574000,17.7,20.5,11,47.6,3.2,17.2,46,31.4,47.5,17.9,1004.8,1026.3,1015.7,35.1,62.1,47.5,43.7,6.7
1775577600,19.2,20.6,11.9,46.5,1.9,16.9,46.4,31.2,49.2,16.4,1005,1026,1015.3,36,64.4,49.1,45.6,6.7
1775581200,21.3,21.3,12.2,43.6,1.6,16,46,31.2,50.5,15.3,1004.2,1025,1014.9,37,66.2,50.5,47.1,3.4
1775584800,22.7,18.8,12.3,43.8,2.5,16.2,48,31.4,51.3,14.7,1003.9,1024.6,1014.5,37.4,66.9,51.2,48.2,4.1
1775588400,16.4,20.5,11.8,48.6,2.8,16.2,46.9,31.3,51.5,14.4,1003.6,1024.1,1014.2,37,66.9,51.5,48.4,3
1775592000,16.4,21.2,10.6,49.4,2.3,17.2,48,31.4,51.2,14.6,1003.6,1023.8,1013.9,36.9,66,51.2,48.1,3.2
1775595600,17.3,22.6,12,46.2,1.8,17.1,48,31.3,50.7,14.9,1004.1,1023.7,1014.1,36,64.9,50.7,47.6,3.9
1775599200,18.3,24.3,9.8,45.3,2.3,15.8,46.9,31,48.9,16.5,1005.1,1024.3,1014.7,35.1,63,48.9,45.5,4.8
1775602800,15.6,24.4,11.5,45.7,2.8,15.3,46.9,30.9,46,19.2,1005,1024.7,1014.8,33.8,59,46,42.3,7.6
1775606400,10.1,28.3,12.4,47.5,1.6,16.2,46.9,31.2,43.8,21.3,1006,1025.1,1015.4,32,57,43.8,40.1,13.6
1775610000,9.5,30.2,9.3,49.7,1.4,17.6,46,31.4,41.9,23.2,1006.3,1026,1015.7,30.9,55,41.9,38.3,20.5
1775613600,10.8,31.1,9.4,47.4,1.2,18.1,45,31.4,40.5,24.6,1006.5,1025.8,1015.8,28.9,53.1,40.5,37,26.8
1775617200,8.4,31.6,7.9,50.2,1.9,18.1,45,31.3,39.5,25.6,1006.2,1025.9,1015.7,28.2,52,39.5,36,28.4
1775620800,9.9,31.2,9.2,48.6,1.2,18.6,44.5,31,38.6,26.5,1005.9,1025.9,1015.6,27.4,51.5,38.6,35.1,29
1775624400,9.3,32.1,8.1,49.8,0.7,19,44.1,30.7,37.7,27.3,1005.5,1025.9,1015.5,26.6,50.9,37.7,34.2,29.6
1775628000,10.6,31.8,6.7,49.2,1.7,18.9,44.1,30.4,37.1,27.9,1005.3,1025.7,1015.2,25.2,50,37.1,33.5,29
1775631600,9.4,30.7,7.5,51.4,1,18.9,44.1,30.2,36.4,28.6,1005.4,1025.8,1015.2,24.8,48.9,36.4,32.8,30.6
1775635200,6.8,29.4,8.7,53.9,1.2,18.1,44.1,30.1,36,29,1005.4,1025.7,1015.2,24.3,48.2,36,32.1,28.4
1775638800,9.8,25.3,9.8,53.6,1.4,17.6,43,29.9,35.5,29.5,1005.2,1026.1,1015.4,23.9,48,35.5,31.6,28.6
1775642400,15.1,23.4,8.6,51.3,1.6,17.6,42.1,29.8,35.3,29.7,1005.5,1026.7,1015.9,23.2,48,35.3,31.5,29.5
1775646000,16.7,24.2,6.1,51.3,1.6,19.2,44.1,30.9,36.9,28.1,1005.8,1027.4,1016.2,26.2,48.9,36.9,32.9,26.3
1775649600,14.2,24,9.8,49.4,2.6,19.4,45,31.7,39.6,25.4,1005.7,1027.6,1016.4,29.8,52,39.6,35.3,19.5
1775653200,15.4,21.7,12.6,48.5,1.9,18.1,46,32,42.7,22.4,1005.2,1027.4,1016.3,32,55.4,42.7,38.4,15.3
1775656800,16.2,21.1,13.3,46.6,2.8,18,46,32.1,45.7,19.5,1004.9,1027.4,1016.1,33.8,59,45.7,41.7,7.6
1775660400,17.9,20.9,11,46.9,3.2,17.2,46.4,31.8,48,17.4,1004.8,1026.3,1015.6,35.1,63,48,44.3,6.7
1775664000,20.1,21.3,11,45.6,2.1,16.9,46.9,31.6,49.7,15.9,1005,1026,1015.3,36.9,64.9,49.7,46.3,6.7
1775667600,20.8,21.7,11.9,43.8,1.8,16,46.9,31.5,50.9,15,1004.2,1025.1,1014.9,37,66.9,50.9,47.5,3.2
1775671200,22.2,19.2,12.5,43.8,2.3,16.2,48.2,31.7,51.7,14.3,1003.9,1024.9,1014.5,37.4,68,51.7,48.7,3.9
1775674800,16.1,21,11.5,48.6,2.8,17.2,48,31.7,51.8,14.1,1003.6,1024.2,1014.2,37,66.9,51.8,48.8,2.5
1775678400,16.6,22.1,9.4,49.3,2.5,17.2,48,31.7,51.6,14.3,1003.6,1023.9,1014,37,66,51.6,48.6,2.7
1775682000,17,22.3,12,46.4,2.3,17.1,48.2,31.7,51.1,14.6,1004.1,1023.8,1014.1,36.9,64.9,51.1,48.1,3.7
1775685600,17.8,24.4,10,45.2,2.5,15.8,48.2,31.4,49.3,16.2,1004.9,1024.5,1014.7,36,63,49.3,46,4.5
1775689200,15.2,25.3,10.8,45.7,3,15.3,48,31.2,46.4,18.9,1004.9,1024.8,1014.8,34,60.1,46.4,42.8,7.2
1775692800,9.7,30,11.8,47.2,1.4,17.1,46.9,31.5,44.2,20.9,1005.5,1025.4,1015.4,32.9,57.2,44.2,40.6,14.1
1775696400,9.1,31.7,9.1,48.7,1.4,17.6,46,31.6,42.3,22.8,1006.2,1026,1015.8,30.9,55.4,42.3,38.7,19.9
1775700000,10.4,32.1,9.9,46.5,1.2,17.6,45.9,31.6,40.8,24.3,1006.4,1026,1015.8,28.9,53.6,40.8,37.4,27.7
1775703600,7.5,32.9,7.9,49.9,1.9,18.1,45,31.6,39.8,25.2,1006.2,1026,1015.7,28.2,52,39.8,36.4,28.6
1775707200,8.7,31.6,9.7,48.8,1.2,18.6,44.8,31.3,38.9,26.1,1005.8,1026,1015.6,27.4,51.5,38.9,35.5,29.1
1775710800,9.1,31.3,8.2,50.5,1,19,44.6,31,38,27.1,1005.4,1026.1,1015.5,26.6,50.9,38,34.5,29.7
1775714400,10.4,31.5,6.5,49.9,1.7,18.9,44.6,30.6,37.3,27.7,1004.7,1026.3,1015.2,25.9,50,37.3,33.7,29.1
1775718000,9.2,30.8,7.3,51.7,1,19,44.6,30.5,36.7,28.3,1005,1025.9,1015.2,24.8,50,36.7,33.1,31.1
1775721600,7.5,28.7,9,53.5,1.2,18.1,44.1,30.3,36.3,28.7,1004.7,1026,1015.2,24.3,48.9,36.3,32.4,28.6
1775725200,10.1,24.9,10.3,53.5,1.2,17.6,44.1,30.1,35.7,29.3,1004.7,1026.3,1015.4,23.9,48,35.7,31.8,28.7
1775728800,14.3,23.4,9.3,51.4,1.6,18,43,30,35.5,29.6,1005.5,1027.2,1015.9,23.2,48,35.5,31.7,28.8
1775732400,16.8,24.6,6.6,50.2,1.7,19.2,44.6,31.2,37.1,27.9,1005.8,1027.7,1016.2,26.6,50,37.1,33.2,27.3
1775736000,15,24.4,9.8,48.7,2.1,19.4,46,32,40,25,1005.8,1027.6,1016.5,30,53.1,40,35.8,19.6
1775739600,15.4,22.6,12.1,48,1.9,18.1,46.4,32.2,43.1,22,1005.3,1027.8,1016.4,32,55.9,43.1,38.9,14.8
1775743200,15.7,22,13.6,45.6,3.3,18,46.4,32.2,46.1,19.1,1005.3,1027.7,1016.2,34,60.1,46.1,42.2,7.1
1775746800,18.6,20.4,12.2,45.2,3.7,17.2,46.9,32,48.5,16.9,1004.6,1026.5,1015.6,35.6,63,48.5,45,6.5
1775750400,21.3,21.5,11,44.2,2.1,16.9,46.9,31.7,50.2,15.5,1004.6,1026.1,1015.3,37,66,50.2,46.9,6.5
1775754000,21.7,22,11.4,42.6,2.3,16,47.8,31.7,51.3,14.5,1004,1025.5,1014.9,37,66.9,51.3,48.1,3
1775757600,21.9,19.9,12.5,43,2.8,16.2,48.9,31.8,52.1,13.8,1003.4,1025.2,1014.5,37.4,68,52.1,49.3,4.1
1775761200,16.1,21.7,11.3,47.9,3,17.2,48.9,31.9,52.3,13.7,1003.4,1024.6,1014.1,37.4,66.9,52.3,49.4,2.5
1775764800,17.2,22.7,9.4,47.9,2.8,17.2,48.9,31.9,52.1,13.8,1003.5,1024.1,1014,37,66.9,52.1,49.2,3
1775768400,17.4,23.2,11.5,45.9,2.1,17.1,48.9,31.9,51.6,14.2,1003.9,1024,1014.1,36.9,66,51.6,48.6,2.7
1775772000,17.6,24.2,10.5,45.2,2.5,16,48.9,31.5,49.7,15.8,1004.5,1024.7,1014.6,36,64,49.7,46.5,3.6
1775775600,14.7,26.2,10.6,45.5,3,15.8,48,31.4,46.8,18.5,1004.7,1024.9,1014.8,34,60.1,46.8,43.2,6.3
1775779200,10.3,30.3,12,46,1.4,17.2,46.9,31.6,44.4,20.7,1005.1,1025.4,1015.4,33.1,57.2,44.4,40.9,14.1
1775782800,8.9,32.6,8.6,48.5,1.4,17.6,46,31.6,42.4,22.7,1006.1,1026.1,1015.8,31.1,55.9,42.4,38.9,19.9
1775786400,10.3,33,9.6,45.9,1.2,18.1,46,31.6,40.9,24.1,1006.1,1026,1015.7,29.1,54,40.9,37.6,27.3
1775790000,7.7,33.4,7.9,49.1,1.9,19,45,31.7,39.9,25.1,1006,1026.2,1015.6,28.4,52,39.9,36.6,28.9
1775793600,8.7,33.1,9.7,47.3,1.2,19,44.8,31.4,39,26,1005.5,1026.2,1015.5,27.5,51.5,39,35.7,29.6
1775797200,8.6,32.4,8.4,50.1,0.5,19,44.6,31.1,38.1,26.9,1005.1,1026.2,1015.4,26.6,50.9,38.1,34.7,30.4
1775800800,10.1,32.7,6.7,49,1.4,19,44.1,30.7,37.4,27.6,1004.5,1026.5,1015.2,26.1,50,37.4,33.8,29.2
1775804400,9.4,31.4,7.2,51,1,18.9,44.1,30.6,37,28,1004.7,1026.1,1015.1,25,50,37,33.3,29.9
1775808000,8.5,29.6,8.7,51.9,1.2,18.1,44.1,30.5,36.5,28.5,1004.5,1026.2,1015.1,24.3,48.9,36.5,32.7,28.6
1775811600,10.1,27,8.9,52.6,1.4,17.6,44.6,30.3,35.9,29.1,1004.5,1026.6,1015.3,24.1,48.2,35.9,32.1,30
1775815200,13.8,24.7,8.9,50.8,1.9,17.6,43,30.2,35.7,29.3,1005.3,1027.5,1015.8,24.3,48.9,35.7,32,29
1775818800,15.6,25.1,6.6,50.7,1.9,19.4,45,31.4,37.5,27.5,1005.6,1027.7,1016.1,26.6,50,37.5,33.5,25.6
1775822400,13.5,24.8,10.4,49.2,2.1,19.4,46,32.3,40.3,24.7,1005.6,1027.6,1016.3,30.2,53.1,40.3,36.1,19.5
1775826000,14.6,23.4,11.3,48.8,1.9,19,46.9,32.5,43.6,21.6,1005.2,1027.7,1016.2,32,57,43.6,39.4,13.9
1775829600,15.1,22.8,13.3,46,2.8,18,46.9,32.6,46.6,18.7,1004.8,1027.6,1016.1,34,60.1,46.6,42.8,6
1775833200,17.9,20,12.8,45.9,3.4,17.6,48,32.2,48.9,16.7,1004.6,1026.5,1015.5,35.6,63,48.8,45.4,6.2
1775836800,21.3,20.8,11.7,44,2.1,17.2,48,32,50.5,15.3,1004.4,1026.1,1015.2,37,66,50.5,47.3,5.6
1775840400,21.3,21.7,11.2,43,2.7,16.2,48,31.9,51.6,14.4,1004,1025.3,1014.7,37.4,66.9,51.6,48.4,2.8
1775844000,22.9,19.4,12,42.4,3.2,17.1,48.9,32.1,52.4,13.7,1003.4,1025.1,1014.4,37.4,68,52.4,49.5,4.4
1775847600,17,20.5,11.5,47.8,3.2,17.6,48.9,32,52.5,13.5,1003.4,1024.6,1014,37.4,68,52.5,49.7,2.8
1775851200,17.8,21.3,9.4,48.5,3,17.2,48.9,32.1,52.3,13.6,1003.2,1024.1,1013.9,37.4,68,52.3,49.5,2.7
1775854800,17.2,22.5,11.7,46.3,2.3,17.2,48.9,32.1,51.8,14,1003.8,1024,1014,37,66.2,51.8,48.8,2.3
1775858400,18.9,23.3,10.7,44.7,2.3,16.2,48.9,31.7,49.9,15.6,1004.5,1024.7,1014.5,36,64,49.9,46.6,3.2
1775862000,14.9,25.7,10.6,46.1,2.8,15.8,48.2,31.7,47,18.3,1004.5,1024.9,1014.7,34,60.8,46.9,43.4,5.8
1775865600,10.1,29.9,12.2,46.4,1.4,17.6,47.8,31.8,44.7,20.4,1005,1025.4,1015.3,33.1,57.9,44.7,41.2,13.4
1775869200,9.3,32.2,9.1,48.1,1.2,18,46.4,31.7,42.6,22.5,1006.1,1026,1015.8,31.1,55.9,42.6,39.1,19.9
1775872800,9.8,32.3,10.3,46.1,1.4,18.1,46.9,31.8,41.2,23.9,1005.8,1026,1015.7,30,54,41.2,37.8,25.5
1775876400,7.2,33.6,8.6,48.8,1.6,19.2,45,31.8,40.2,24.9,1006,1026.1,1015.6,28.4,52,40.2,36.8,28.2
1775880000,8.9,33.1,10.1,46.6,1.2,19.1,44.8,31.5,39.3,25.8,1005.5,1026.1,1015.5,27.5,51.9,39.3,35.8,29
1775883600,8.4,31.9,9.6,49.4,0.7,19,44.6,31.2,38.3,26.7,1005.1,1026.1,1015.4,26.6,51.8,38.3,34.9,29.8
1775887200,9.9,32.3,7.5,48.9,1.4,19.2,44.6,30.8,37.6,27.4,1004.5,1026.4,1015.3,26.1,50,37.6,34,28.6
1775890800,8.9,31.2,7,51.9,1,18.9,44.1,30.7,37.2,27.8,1004.5,1026,1015.2,25,50,37.2,33.5,29.2
1775894400,8,30.1,8.7,51.9,1.2,18.1,44.1,30.6,36.7,28.3,1004.4,1026,1015.1,24.8,48.9,36.7,32.8,27
1775898000,10.1,27.5,8.7,52.1,1.6,18,44.1,30.4,36.1,28.9,1004.7,1026.4,1015.4,24.3,48.2,36.1,32.3,28.7
1775901600,14.2,25.2,8.6,50.1,1.9,18,43,30.4,35.8,29.2,1005.5,1027.2,1015.9,24.3,48.2,35.8,32.1,28.1
1775905200,15.4,26.3,6.6,50,1.7,19.4,45,31.6,37.7,27.3,1005.9,1027.5,1016.3,27.1,50,37.7,33.7,23.7
1775908800,13.2,25.7,10.4,48.6,2.1,19.4,46,32.4,40.6,24.4,1006,1027.6,1016.5,30.2,53.1,40.6,36.4,18.1
1775912400,15.1,23.9,11.8,47.3,1.9,18.1,46.9,32.6,43.9,21.3,1005.4,1027.7,1016.4,32.9,57.2,43.9,39.7,13.2
1775916000,15.5,23.2,13.7,44.3,3.2,18,46.9,32.6,46.9,18.4,1005.5,1027.6,1016.4,34,60.8,46.9,43.1,5.1
1775919600,18.2,20.5,14,43.7,3.7,17.6,48,32.2,49.1,16.4,1005.2,1026.4,1015.8,35.6,64,49.1,45.7,5.8
1775923200,21.8,20.8,12.4,42.6,2.3,17.2,46.9,32,50.8,14.9,1005.2,1026.1,1015.5,37,66,50.8,47.7,5.4
1775926800,21.6,22.9,10.6,42.2,2.8,17.1,48,31.9,52,14,1004.7,1025.5,1015.1,37.9,68,52,48.9,3
1775930400,23,20,12.3,40.9,3.7,17.2,48.9,32.1,52.8,13.4,1004.1,1025.1,1014.7,37.9,69.1,52.8,50,4.6
1775934000,17.5,20.9,12.6,45.5,3.4,17.6,48.9,32,52.9,13.1,1004.3,1024.6,1014.4,37.9,68,52.9,50.2,2.5
1775937600,18.7,21.9,10.3,46.1,3,17.6,48.2,32,52.7,13.3,1004,1024.4,1014.3,37.9,68,52.7,50,2.3
1775941200,18.1,23.2,12.4,43.6,2.8,17.6,48.2,32,52.2,13.7,1004.3,1024,1014.3,37.9,66.2,52.2,49.3,2.3
1775944800,19.7,24.3,11.2,42.6,2.3,17.2,48.2,31.6,50.3,15.3,1004.9,1024.7,1014.9,36.9,64.4,50.3,47.1,2.7
1775948400,16.2,26.9,10.7,43.6,2.5,16,48.2,31.6,47.4,17.9,1005,1024.9,1015,34.9,61,47.4,43.9,5.7
1775952000,10.3,31.4,12.4,44.3,1.6,17.6,46.9,31.8,45,20.2,1005.5,1025.4,1015.6,33.1,57.9,45,41.6,12.9
1775955600,9.5,34.7,9.3,45.8,0.7,18,46,31.8,42.8,22.2,1006.2,1026,1016.1,31.1,55.9,42.8,39.4,19.8
1775959200,10.3,34.5,10,44.1,1.2,18.1,46,31.9,41.4,23.6,1006.4,1026,1016.1,30,55,41.4,38.2,27
1775962800,7.4,35.8,8.8,46.3,1.6,19.2,45,32,40.4,24.7,1006.2,1026.2,1015.9,28.4,52,40.4,37.1,28.8
1775966400,8.6,36,10.6,44.1,0.7,19.2,45,31.7,39.4,25.6,1005.9,1026.2,1015.8,27.5,51.5,39.4,36.2,30.5
1775970000,8.9,34.4,9.8,45.9,1,19.2,45,31.4,38.4,26.6,1005.6,1026.1,1015.8,26.6,50.9,38.4,35.2,32.2
1775973600,9.6,34.5,8.4,46,1.4,19.2,45,31,37.7,27.4,1005.3,1026.4,1015.6,26.1,50,37.7,34.2,30.2
1775977200,8.4,33.3,8,49.4,1,18.1,44.6,30.9,37.2,27.8,1005.3,1026,1015.6,25,50,37.2,33.6,30.6
1775980800,8.5,32,9.4,48.9,1.2,18,44.1,30.8,36.7,28.3,1005.3,1026,1015.5,24.8,48.9,36.7,33.1,28.5
1775984400,10.6,29.6,8.5,49.6,1.6,18.1,44.1,30.6,36.2,28.8,1005.6,1026.4,1015.8,24.3,48.2,36.2,32.7,31.7
1775988000,15.2,26.4,8.6,47.9,1.9,18.1,43,30.6,35.9,29.1,1005.5,1027.2,1016.2,24.3,48,35.9,32.3,29.7
1775991600,15.1,27.9,6.6,48.7,1.7,19.9,45,31.9,38,27,1006.4,1027.5,1016.7,27.1,50,38,34.1,24.9
1775995200,13.7,27.1,9.7,47.1,2.3,19.4,46,32.7,41,24,1006.6,1027.6,1016.9,30.2,53.6,41,36.9,19.5
1775998800,15.5,25.3,11.4,45.7,2.1,18.1,46.9,33,44.5,20.7,1006.5,1027.7,1016.8,33.1,57.9,44.5,40.5,14.7
1776002400,16.2,24.9,13.2,42.5,3.2,18,46.9,32.9,47.6,17.7,1006.4,1027.6,1016.7,34.9,62.1,47.6,44.1,5.3
1776006000,17.6,21.7,13.7,43,3.9,17.2,48,32.6,49.8,15.8,1005.6,1026.4,1016.1,36,64.9,49.8,46.6,6.2
1776009600,22.1,21.9,12.4,41.5,2.1,17.2,48,32.3,51.6,14.3,1005.5,1026.1,1015.8,37,66.9,51.6,48.7,5.4
1776013200,22,23.9,10.6,41.1,2.5,16.2,48,32.3,52.8,13.4,1005.2,1025.3,1015.4,37.9,69.8,52.8,49.9,2.8
1776016800,23,20.9,12.5,39.7,3.9,17.2,50,32.5,53.6,12.7,1004.8,1025.1,1015,37.9,70,53.6,51,4.1
1776020400,17.9,21.6,13.3,43.6,3.7,17.6,48.9,32.4,53.9,12.4,1004.7,1024.3,1014.7,37.9,69.8,53.8,51.4,3
1776024000,18.9,22.8,11.2,44.1,3,17.6,48.9,32.5,53.6,12.6,1004.7,1024.1,1014.5,38.8,69.8,53.6,51.1,2.1
1776027600,18.6,23.9,13.1,41.6,2.8,17.6,48.9,32.5,53.2,12.9,1004.5,1023.8,1014.5,39,68,53.2,50.5,2.5
1776031200,19.5,25.5,11.8,41.4,1.8,16.2,48.9,32,51.2,14.6,1005.1,1024.4,1015,37.4,66,51.2,48.2,2.7
1776034800,17,28.5,10.6,41.4,2.5,16,48.9,32,48.2,17.2,1005.2,1024.7,1015.1,35.6,62.1,48.2,45,5.3
1776038400,11.3,32.3,12,42.5,1.8,17.6,48,32.2,45.8,19.4,1006,1025.1,1015.8,33.8,59,45.8,42.6,12.5
1776042000,9.1,36.1,9.6,44.5,0.7,18.1,46.9,32.4,43.6,21.5,1006.8,1025.7,1016.3,32,57.2,43.6,40.4,19.6
1776045600,10.7,36.2,9.8,42.3,0.9,19.2,46.9,32.5,42.1,23,1006.6,1025.8,1016.2,30.2,55.4,42.1,39.2,27.7
1776049200,8,36.1,9.6,44.5,1.9,19.4,46.4,32.6,41.1,24,1006.6,1026,1016.1,29.8,53.1,41.1,37.9,28.3
1776052800,9.2,37.2,10.9,42.3,0.5,19.3,45.7,32.3,40,25.1,1006.3,1026,1016,28.4,52.5,40,36.9,30.6
1776056400,9.1,35.6,9.3,45.1,1,19.2,45,31.9,38.9,26.1,1005.9,1026,1015.9,27,52,38.9,35.9,33
1776060000,9.9,35.6,8.7,44.7,1.2,19.2,45,31.4,38,27,1005.7,1026.4,1015.8,26.2,50,38,34.7,30.2
1776063600,8.4,34,8.4,48.2,1,19,44.6,31.4,37.6,27.4,1005.5,1026,1015.7,25.2,50,37.6,34.2,31.6
1776067200,9.2,32.5,9.7,47.3,1.2,18.1,44.6,31.3,37.2,27.8,1005.5,1026,1015.6,24.8,50,37.2,33.7,28.6
1776070800,9.9,30.7,8,49.9,1.4,19,44.6,31.2,36.7,28.3,1005.7,1026.4,1015.9,24.8,48.2,36.7,33.3,31.5
1776074400,14.5,26.6,8.6,48.1,2.1,19,44.1,31.2,36.4,28.6,1006,1027.2,1016.4,24.8,48.9,36.4,33,31
1776078000,14.7,28.6,6.4,48.5,1.9,20.1,45,32.5,38.5,26.5,1006.5,1027.5,1016.8,28.2,50.9,38.5,34.8,24.9
1776081600,12.8,27.9,9.5,47.4,2.3,20.1,46,33.3,41.7,23.4,1006.8,1027.6,1017,31.1,53.6,41.7,37.7,19.3
1776085200,14.7,26.1,11.4,46.2,1.6,19.9,48,33.5,45.1,20.2,1006.8,1027.6,1016.9,34,59,45,41.3,15.2
1776088800,15.9,25.8,12.9,42.2,3.2,19.2,48,33.5,48.3,17.2,1006.9,1027.4,1016.8,35.1,63,48.3,44.8,5.3
1776092400,16.7,21.7,14.4,43.4,3.9,18.1,50,33.2,50.5,15.3,1006,1026.3,1016.3,37,66,50.5,47.5,6.7
1776096000,22.1,21.2,12.8,41.5,2.3,17.6,48.9,32.9,52.3,13.8,1006,1025.9,1015.9,37.9,68,52.2,49.5,5.4
1776099600,22.5,23.2,11,40.9,2.3,17.6,50,32.9,53.4,12.9,1005.5,1025,1015.5,39,70,53.4,50.7,2.8
1776103200,23.3,20.6,12.7,39.5,3.9,17.6,50,33,54.1,12.3,1004.8,1024.9,1015.1,39,70,54.1,51.7,3.9
1776106800,18.1,21.5,13.3,43.9,3.2,18,50,32.9,54.3,12,1004.8,1024.2,1014.7,39,70,54.3,51.9,2.8
1776110400,19,22.7,11.4,44.2,2.7,18,50,33.1,54.2,12.2,1004.8,1024.1,1014.5,39.2,70,54.2,51.8,1.4
1776114000,19.3,23.4,13.1,41.6,2.5,17.6,50,33,53.6,12.5,1004.5,1023.7,1014.6,39,68.9,53.6,51.1,2.3
1776117600,19.8,25.1,12.1,41,2.1,17.2,50,32.6,51.7,14.1,1005.1,1024.4,1015.1,37.9,66.2,51.7,48.8,2.3
1776121200,16.8,27.6,11.1,41.2,3.2,17.2,50,32.7,48.8,16.6,1005,1024.8,1015.2,36,62.6,48.8,45.8,5.3
1776124800,11.6,31.8,12.3,42.2,2.1,18,50,32.8,46.4,18.8,1005.8,1025.1,1015.8,34,60.1,46.4,43.3,11.9
1776128400,8.8,35.7,9.7,45,0.7,18.9,48.9,33,44.1,20.9,1006.5,1025.8,1016.3,32,57.9,44.1,41.1,19.4
1776132000,10.5,36.4,10,42.1,0.9,19.4,48.2,33.1,42.7,22.4,1006.5,1025.8,1016.2,30.2,55.9,42.7,39.8,27.3
1776135600,8,36.5,9.8,44,1.6,19.4,48,33.2,41.6,23.4,1006.5,1026,1016.1,30.2,54,41.6,38.6,28.4
1776139200,9.1,37.3,10.3,42.8,0.5,19.3,47.2,32.8,40.5,24.5,1006.2,1026,1016,28.6,53.5,40.5,37.5,30.8
1776142800,8.8,35.3,9.3,45.6,1,19.2,46.4,32.4,39.4,25.6,1005.9,1026,1015.9,27.1,53.1,39.4,36.4,33.1
1776146400,9.2,35.2,8.7,45.8,1.2,19.4,46,32.1,38.5,26.5,1005.8,1026.4,1015.9,26.6,51.1,38.5,35.3,30.9
1776150000,8.9,33.8,8,48.3,1,19.4,45.9,32,38.1,26.9,1005.5,1026,1015.8,26.1,50,38.1,34.8,30.8
1776153600,10,32.8,9.2,46.6,1.5,19.2,45,31.9,37.7,27.3,1005.5,1026,1015.7,25.2,50,37.7,34.3,28.3
1776157200,10.4,31.3,8.5,48.7,1.2,19.2,45,31.7,37.2,27.8,1005.8,1026.4,1016,25,50,37.2,33.8,31.8
1776160800,14.7,27,8.6,46.9,2.8,19.9,45,31.7,37,28,1006.1,1027.2,1016.5,25,50,37,33.6,30.1
1776164400,14.5,29.1,6.9,47.4,2.1,21,46.4,33.1,39.1,25.9,1006.7,1027.5,1016.9,28.9,51.8,39.1,35.5,24.8
1776168000,13.2,28.5,9,46.6,2.6,21,46.4,33.9,42.3,22.7,1006.8,1027.6,1017.1,32,55,42.3,38.6,19.1
1776171600,14.6,26.9,11.4,45.5,1.6,20.1,48.2,34.1,45.8,19.5,1007,1027.4,1017,34,60.1,45.7,42.1,14.7
1776175200,15.9,26.1,13.6,41.8,2.5,19.4,50,34.1,48.8,16.6,1006.9,1027.4,1016.9,35.6,63.9,48.8,45.6,5.5
1776178800,16.1,21.6,15.2,43.2,3.9,18.1,50,33.7,51.1,14.7,1006.4,1026.3,1016.4,37,66,51.1,48.2,6.9
1776182400,22.1,21,14,40.6,2.3,18.1,50,33.3,52.7,13.4,1006,1025.9,1016.1,37.9,68,52.6,50.1,4.9
1776186000,21.7,23.6,11.7,40.5,2.5,18,50,33.3,53.9,12.4,1005.7,1025,1015.6,39.2,70,53.9,51.3,2.3
1776189600,22.6,21,12.9,38.8,4.6,18,50.9,33.4,54.7,11.8,1005.1,1024.7,1015.2,39.2,71.6,54.7,52.3,4.1
1776193200,18.1,22,13.3,43.1,3.4,18.1,50,33.3,54.9,11.6,1004.8,1024.2,1014.8,39.2,71.1,54.9,52.6,2.8
1776196800,20.1,22.9,11.9,42.8,2.3,18.1,50,33.3,54.8,11.7,1005,1024,1014.7,39.9,70.9,54.8,52.5,1.4
1776200400,21.2,23.5,12.9,40.1,2.3,17.6,51.8,33.3,54.1,12.1,1004.6,1023.7,1014.7,39.2,69.1,54.1,51.7,2.3
1776204000,20.4,24.9,12.6,39.6,2.5,17.6,50.9,32.8,52.2,13.6,1005.2,1024.3,1015.2,38.8,66.9,52.2,49.4,1.4
1776207600,17.2,28.8,10.9,40.4,2.8,17.2,50,32.8,49.3,16.2,1005,1024.7,1015.3,36,63,49.2,46.4,5.4
1776211200,11.8,32.5,12.5,41.1,2.1,18,50,33,46.9,18.4,1005.8,1025.1,1015.9,35.1,60.8,46.9,44,11
1776214800,8.1,36.3,10.5,44,1.2,19,50,33.3,44.6,20.5,1006.5,1025.7,1016.4,33.1,57.9,44.6,41.7,18.3
1776218400,9.8,36.8,10.1,42.2,1.2,19.4,48.2,33.4,43,22,1006.6,1025.6,1016.3,30.9,56.8,43,40.3,27.6
1776222000,7.5,36.6,10.6,43.7,1.6,19.9,48,33.5,41.9,23.1,1006.6,1026,1016.3,30.2,55,41.9,39,28.8
1776225600,8.4,38,11,42.1,0.5,19.6,47.2,33,40.8,24.3,1006.3,1025.9,1016.2,28.6,54,40.8,37.9,30.8
1776229200,9.1,36.6,9.1,43.8,1.4,19.4,46.4,32.6,39.6,25.4,1006,1025.8,1016.1,27.1,53.1,39.6,36.7,32.7
1776232800,8.7,37,8.2,44.8,1.2,19.9,46,32.3,38.7,26.3,1005.9,1025.8,1016,26.6,51.1,38.7,35.6,31.9
1776236400,8.5,34.5,8.5,47.3,1.2,19.4,46.4,32.3,38.2,26.8,1005.8,1025.8,1015.9,26.2,50,38.2,35,31.3
1776240000,9.3,33.9,9.8,45.4,1.7,19.4,46,32.2,37.9,27.1,1005.5,1026,1015.8,25.2,50,37.9,34.6,29.4
1776243600,10.7,32.3,8.6,47.3,1.2,19.2,45,31.9,37.3,27.7,1005.8,1026.4,1016.1,25,50,37.3,34.1,31.9
1776247200,14.6,28.5,8,45.5,3.3,20.1,45,32.1,37.2,27.8,1006.4,1026.7,1016.6,25,50,37.2,34,31
1776250800,15.1,29.7,7.2,46.4,1.7,21.2,46.9,33.5,39.5,25.5,1007,1027.4,1017,29.1,52,39.5,35.9,24.9
1776254400,14.4,28.3,8.6,45.9,2.8,21.2,48,34.3,42.7,22.3,1007.3,1027.3,1017.1,32,55.4,42.7,39.1,19.5
1776258000,14.4,27.2,11.9,44.7,1.9,20.1,48.9,34.5,46.2,19.1,1007,1027.3,1017.1,35.1,60.1,46.1,42.7,15.6
1776261600,15.7,26.1,14.3,41.1,2.8,19.4,50,34.4,49.3,16.2,1006.9,1026.9,1016.9,36,64.4,49.3,46.2,5.3
1776265200,16.2,21.6,15.9,42.4,3.9,18.1,50,34.1,51.6,14.3,1006.5,1026.2,1016.4,37.4,66.2,51.6,48.8,6.7
1776268800,21.4,21.4,14.4,40,2.8,18.9,50,33.6,53.1,13,1006,1025.8,1016.1,37.9,69.1,53.1,50.6,4
1776272400,22.4,23.6,11.7,39.8,2.5,18.1,50.9,33.6,54.3,12.1,1005.7,1024.8,1015.6,39.2,70,54.3,51.8,1.8
1776276000,22.4,21.2,13.1,38.7,4.6,18.1,51.1,33.7,55.1,11.5,1005.1,1024.5,1015.2,39.9,72,55.1,52.8,3.9
1776279600,18.1,22.7,13.3,42.8,3.2,18.9,50,33.5,55.3,11.3,1004.8,1024,1014.8,41,71.1,55.3,53.1,2.8
1776283200,20.2,23.9,11.9,41.7,2.3,18.9,50,33.6,55.2,11.4,1005,1023.9,1014.8,39.9,71.1,55.2,53.1,1.6
1776286800,20.6,24.8,12.6,39.7,2.3,18.1,50.9,33.4,54.5,11.8,1004.6,1023.6,1014.7,39.9,70,54.5,52.2,2.5
1776290400,20.1,26,12.1,39.3,2.5,17.6,50,32.9,52.5,13.4,1005.2,1024.3,1015.2,39,66.9,52.5,49.8,1.1
1776294000,17.2,29,10.9,40.1,2.8,17.2,50,33,49.6,15.9,1005.2,1024.4,1015.3,37,63,49.5,46.7,5.3
1776297600,12.8,32.5,12.8,39.9,2.1,18,50,33.3,47.2,18.1,1005.7,1025,1016,35.6,60.8,47.2,44.4,11.4
1776301200,8.2,36.4,11,43.4,1.2,19.2,50,33.5,44.9,20.2,1006.2,1025.7,1016.4,33.8,57.9,44.9,42,18.3
1776304800,10.2,36.7,10.2,41.6,1.2,19.4,48.9,33.6,43.3,21.8,1006.6,1025.6,1016.4,32,57,43.3,40.6,28.4
1776308400,7.3,37.2,10.1,43.8,1.6,19.9,48.2,33.6,42.2,22.9,1006.6,1025.9,1016.3,30.2,55.4,42.2,39.3,28
1776312000,7.7,39.1,10.6,42.2,0.5,19.6,47.5,33.3,41,24,1006.4,1025.8,1016.2,28.6,54.5,41,38.1,30.5
1776315600,9.3,37.1,7.9,44.3,1.4,19.4,46.9,33,39.9,25.1,1006.2,1025.8,1016.1,27.1,53.6,39.9,37,33
1776319200,7.5,38,7.7,45.5,1.2,19.9,46.4,32.6,38.9,26.1,1005.8,1025.7,1016,27,52,38.9,35.9,33.1
1776322800,8.3,35.4,8,47.1,1.2,19.9,46.4,32.6,38.5,26.5,1006,1025.8,1015.9,26.2,51.1,38.5,35.4,31.7
1776326400,9.3,35.4,8.8,44.9,1.7,19.9,46.4,32.5,38.1,26.9,1005.6,1026,1015.8,25.9,51.1,38.1,34.9,30.4
1776330000,9.7,33.9,8.3,46.4,1.7,19.4,45,32.2,37.6,27.4,1005.7,1026.2,1016,25.2,51.1,37.6,34.4,33.3
1776333600,13.4,30.2,7.5,45.8,3.1,20.1,46,32.4,37.5,27.5,1006.4,1026.7,1016.6,25.9,50.9,37.5,34.3,31.1
1776337200,13.2,30.9,7.9,46.2,1.9,21.9,46.9,33.9,39.9,25.1,1007,1027.3,1017,30,52,39.9,36.4,24.9
1776340800,13,29.5,8.1,46.3,3,22.1,48.2,34.7,43.1,21.9,1006.9,1027.2,1017,33.1,55.9,43.1,39.6,19.2
1776344400,12.6,28.6,12.3,44.7,1.9,21,48.9,34.8,46.6,18.6,1007.2,1027.3,1017,35.6,60.8,46.6,43.2,15.4
1776348000,14.3,26.6,14.8,41.3,3,19.4,50,34.8,49.8,15.7,1006.9,1026.9,1016.9,37,64.4,49.8,46.8,5.8
1776351600,16,22,16,42.8,3.2,19,50.9,34.5,52,13.9,1006.7,1026.2,1016.4,37.9,66.9,52,49.3,6.2
1776355200,21.4,21.4,14.2,40.2,2.8,19,51.1,34.1,53.6,12.6,1006.4,1025.5,1016,39,69.1,53.6,51.2,4
1776358800,21.7,23.3,12.3,40.6,2.1,18.1,51.1,34,54.7,11.7,1005.7,1024.5,1015.5,39.9,70.9,54.7,52.3,2.3
1776362400,21.4,21,14.1,38.9,4.6,19,51.8,34.2,55.5,11.1,1005.3,1024,1015.2,41,72,55.5,53.4,3.9
1776366000,18.8,22.9,12.6,42.3,3.4,19,50,34,55.8,10.9,1004.8,1023.4,1014.7,41,71.6,55.7,53.8,3.2
1776369600,20.2,23.9,11.9,41.5,2.5,19.2,50,34,55.7,10.9,1004.9,1023.5,1014.7,41,71.1,55.7,53.7,1.8
1776373200,20.5,24.4,12.8,39.7,2.5,19,51.1,33.8,54.9,11.4,1004.6,1023.3,1014.6,41,70,54.9,52.8,3
1776376800,20.1,26.3,11.9,39.3,2.5,18,51.1,33.3,53,12.9,1005.2,1023.8,1015.1,39.2,66.9,53,50.6,1.4
1776380400,17,29.3,10.5,40.2,3,18,50,33.4,50.1,15.5,1005,1023.9,1015.2,37.4,63,50.1,47.4,6
1776384000,13.7,32.6,12,39.6,2.1,19.2,51.8,33.8,47.7,17.6,1005.6,1024.8,1015.8,36,60.8,47.7,45,11.4
1776387600,8.6,35.9,10.3,44.1,1.2,19.4,51.8,34,45.4,19.8,1006.2,1025.5,1016.2,33.8,57.9,45.4,42.6,19.3
1776391200,10.7,35.8,9.5,42.6,1.4,19.9,50,34.1,43.8,21.3,1006.6,1025.4,1016.3,32.9,57,43.8,41.2,27.6
1776394800,9.1,36.6,9.3,43.6,1.4,20.1,48.9,34.2,42.7,22.4,1006.6,1025.5,1016.1,30.2,55.4,42.7,39.8,27.4
1776398400,7.9,39.3,9.4,42.4,1,20.5,47.9,33.9,41.5,23.6,1006.3,1025.6,1016,29.2,54.5,41.5,38.6,30.7
1776402000,8.4,38.1,7.7,44.1,1.7,20.8,46.9,33.5,40.3,24.8,1005.9,1025.7,1016,28.2,53.6,40.3,37.4,34
1776405600,7.6,39,7.6,44.4,1.5,20.1,46.4,33.1,39.2,25.8,1005.4,1025.7,1015.9,27.1,51.8,39.2,36.3,33.5
1776409200,7.8,37,7.8,46.2,1.2,20.1,46.9,33.1,38.8,26.2,1005.5,1025.5,1015.7,26.6,51.1,38.8,35.7,31.3
1776412800,8.6,36.4,9.3,44,1.7,20.1,46.4,33,38.3,26.7,1005.5,1025.6,1015.7,26.2,51.1,38.3,35.2,30.9
1776416400,9.3,36.3,8.6,43.9,1.9,19.9,46,32.6,37.8,27.2,1005.5,1025.8,1015.9,25.2,50.9,37.8,34.6,33.9
1776420000,13.4,31.8,7.5,44.1,3.1,21.2,46,32.7,37.7,27.3,1006.1,1026.6,1016.5,26.2,50,37.7,34.5,32.2
1776423600,13.6,32.2,8.4,43.9,1.9,23,48,34.3,40.2,24.8,1006.7,1027.2,1016.9,30.2,52,40.2,36.8,24.2
1776427200,13.8,31,8.2,44.5,2.6,23,48.2,35,43.6,21.4,1006.7,1027.1,1016.9,33.8,55.9,43.6,40.1,19.2
1776430800,11.9,30.3,12.6,43.6,1.6,21.2,48.9,35.1,47.1,18.1,1006.7,1026.9,1016.9,36,60.8,47.1,43.8,15.7
1776434400,14.1,27.8,13.9,41.2,3,19.9,50,35.1,50.3,15.2,1006.4,1026.8,1016.8,37.9,64.9,50.3,47.4,6.3
1776438000,15.8,22.9,16.1,42,3.2,19.2,50,34.7,52.6,13.4,1006.3,1026,1016.3,39,68,52.5,50,6
1776441600,21.3,21.6,14.6,39.9,2.6,19.2,50.9,34.4,54.2,12.1,1005.9,1025.3,1015.9,39.9,69.8,54.1,51.9,3.7
1776445200,21.5,24.4,12.6,39.3,2.3,19.2,51.1,34.2,55.3,11.2,1005.2,1024.5,1015.4,41,71.1,55.3,53.1,2.3
1776448800,20.2,22.5,14.5,38.2,4.6,19.2,51.1,34.3,56,10.7,1004.9,1024,1015.1,42.1,72,56,54,3.9
1776452400,18.3,24.5,12.2,41.7,3.2,19.2,50,34.1,56.4,10.4,1004.8,1023.4,1014.6,42.1,72,56.3,54.5,3
1776456000,19.5,25.1,12.2,40.7,2.5,19.2,50,34.1,56.1,10.5,1004.9,1023.5,1014.6,42.1,71.6,56.1,54.3,2.1
1776459600,20.3,26,12.3,38.8,2.5,19,50.9,34,55.3,11.1,1004.6,1023.4,1014.6,41,70,55.3,53.3,3.2
1776463200,20.4,27.5,11.9,37.8,2.5,18,50.9,33.5,53.5,12.5,1005.1,1023.8,1015,39.9,68,53.5,51.2,1.1
1776466800,16.7,30,10,40,3.3,18,50,33.6,50.6,15,1004.8,1023.9,1015,37.9,64,50.5,47.9,5.6
1776470400,13.9,32.9,11.6,39.7,1.9,19.2,51.1,34,48.2,17.2,1005.6,1024.8,1015.6,36.9,61,48.2,45.6,11.4
1776474000,8.9,36.4,10.3,43.2,1.2,19.9,51.8,34.3,45.8,19.3,1006.2,1025.5,1016.1,34,59,45.8,43.1,19.5
1776477600,10,36.5,9.3,42.8,1.4,20.8,50,34.3,44.1,21,1006.5,1025.4,1016.1,33.1,57.2,44.1,41.5,27.4
1776481200,9.5,37.7,8.8,43.3,0.7,21,48.9,34.5,43,22.1,1006.6,1025.5,1016,30.9,55.9,43,40.2,28
1776484800,7.2,39.7,9.1,42.6,1.4,21.1,47.9,34.2,41.9,23.2,1006.2,1025.6,1015.9,29.9,54.8,41.9,39,31.3
1776488400,8.4,38.8,7.2,43.9,1.7,21.2,46.9,33.9,40.7,24.3,1005.8,1025.7,1015.8,28.9,53.6,40.7,37.9,34.5
1776492000,8,39.2,7.3,44.3,1.2,21.2,46.4,33.6,39.7,25.3,1005.2,1025.1,1015.6,28.2,52,39.7,36.8,33.9
1776495600,8.1,37.4,8.1,45.5,1,21,46.9,33.5,39.2,25.8,1005.4,1025.2,1015.5,27.1,51.8,39.2,36.2,31.8
1776499200,8.8,36.1,9.1,44,2,21,46.4,33.5,38.8,26.2,1005.3,1025.1,1015.5,27,51.8,38.8,35.8,31.7
1776502800,9.5,36.3,9,43.4,1.9,21.2,46,33.1,38.2,26.8,1005.5,1025.7,1015.7,26.2,51.1,38.2,35.1,34.1
1776506400,13.7,31.9,6.9,44.4,3.1,21.2,46,33.2,38.1,26.9,1006.1,1026.3,1016.3,26.6,50.9,38.1,35,32.6
1776510000,13.4,32.9,7.9,43.7,2.1,24.1,48,34.8,40.7,24.3,1006.7,1026.7,1016.6,30.2,52,40.7,37.4,23.9
1776513600,12.4,31.5,8.2,45.7,2.3,23.2,48.2,35.6,44.2,20.8,1006.4,1026.7,1016.6,34,55.9,44.2,40.9,20.5
1776517200,12.4,30.3,11.7,44.1,1.6,21.2,48.9,35.6,47.7,17.5,1006.5,1026.5,1016.6,37,61,47.7,44.6,17.2
1776520800,14.1,27.8,13.2,42.1,2.8,19.9,50,35.7,51,14.6,1006,1026.5,1016.4,39.2,64.9,51,48.2,7.2
1776524400,15.3,22.2,16.2,43,3.2,19.4,50.9,35.3,53.2,12.9,1006.2,1025.5,1016.1,39.9,68,53.2,50.8,6
1776528000,20.6,21.1,14.4,41.2,2.8,19.4,51.1,35.1,54.7,11.6,1005.5,1024.8,1015.6,41,70,54.7,52.6,3
1776531600,21.9,23.3,12.8,40,2.1,19.9,51.1,34.9,55.8,10.8,1005.2,1024.3,1015.2,41,71.6,55.8,53.8,2.8
1776535200,20.9,21.8,14.4,38.5,4.4,20.1,51.8,35,56.6,10.3,1004.8,1024,1014.8,42.1,73,56.6,54.7,3.9
1776538800,18.8,23.9,12.6,42,2.8,20.1,50,34.7,56.9,10,1004.4,1023.3,1014.2,42.1,72,56.8,55.1,3
1776542400,20.2,24.6,12.2,40.9,2.1,19.9,50,34.5,56.6,10.2,1004.8,1023.5,1014.4,42.1,72,56.6,54.9,1.6
1776546000,20.4,25.4,12.6,39.1,2.5,19.4,51.1,34.5,55.9,10.7,1004.6,1023.4,1014.3,41.9,70.9,55.9,54,3.2
1776549600,19.2,26.3,13,38.9,2.5,19,51.8,34.1,54.1,12.1,1005,1023.8,1014.7,39.9,68.9,54.1,51.8,1.1
1776553200,16.3,29.3,10.7,40.5,3.3,19.2,50.9,34.2,51.2,14.5,1004.8,1023.8,1014.8,39,64.9,51.2,48.6,5.4
1776556800,14.4,32.3,11.4,40,1.9,19.9,51.8,34.6,48.7,16.6,1005.7,1024.8,1015.4,37,62.1,48.7,46.3,11.3
1776560400,9.4,36.2,10.3,42.7,1.4,20.1,51.8,34.9,46.5,18.7,1006.2,1025.4,1015.8,34.9,60.1,46.5,43.9,20.1
1776564000,10.2,36,9,43.4,1.4,21.2,50,35,44.8,20.4,1006.2,1025.2,1015.8,34,57.9,44.8,42.3,27.5
1776567600,9.8,37.1,8.6,43.8,0.7,21.2,50,35.1,43.6,21.5,1006.6,1025.2,1015.7,31.1,57.2,43.6,41,28
1776571200,6.9,38.8,9.3,43.1,1.9,21.2,49,34.9,42.4,22.7,1006.2,1025.2,1015.7,30.5,55.6,42.4,39.7,31.4
1776574800,7.9,39.3,7.2,43.6,1.9,21.2,48,34.6,41.2,23.9,1005.8,1025.1,1015.6,29.8,54,41.2,38.4,34.7
1776578400,8.3,39.4,7.1,44,1.2,21.9,46.9,34.2,40.3,24.7,1005.2,1024.8,1015.4,28.9,52,40.3,37.4,32.9
1776582000,8.1,38.2,7.8,44.9,1,21.2,46.9,34.1,39.7,25.3,1005.4,1025,1015.3,28.2,52,39.7,36.7,31.3
1776585600,9.1,36.5,9.1,43.5,1.7,21.2,46.9,34.1,39.3,25.7,1005,1025.1,1015.3,28,52,39.3,36.4,31.6
1776589200,10,36,8.8,43.4,1.9,21.2,46.4,33.6,38.6,26.4,1005.5,1025.5,1015.5,26.6,51.8,38.6,35.7,34.3
1776592800,14.3,31.8,6.7,44.2,3.1,21.2,46.4,33.8,38.7,26.3,1006.1,1026,1016,27,51.8,38.7,35.6,31.2
1776596400,13.4,33.3,7.2,43.5,2.6,24.3,48.2,35.4,41.4,23.7,1006.7,1026.4,1016.4,32,53.1,41.4,38.1,24.1
1776600000,12,31.2,8.7,45.5,2.6,24.8,50,36.2,44.8,20.2,1006.2,1026.6,1016.3,35.1,56.8,44.8,41.7,21.4
1776603600,12.6,31,10.5,44.1,1.9,23,50,36.2,48.4,16.9,1006.5,1026.1,1016.3,37.9,61,48.4,45.5,17.1
1776607200,15.1,27.4,12.8,41.8,3,21,51.1,36.3,51.7,14,1005.9,1026,1016.2,39.9,64.9,51.7,49.2,7
1776610800,17.1,21.5,16.4,41.8,3.2,20.1,51.8,35.9,53.9,12.3,1006.2,1025.1,1015.9,39.9,68.9,53.8,51.7,6
1776614400,21,20.1,14.5,41.1,3.2,19.9,51.1,35.6,55.4,11.1,1005.4,1024.2,1015.4,41.9,71.1,55.3,53.4,2.8
1776618000,21.6,23.5,12.8,39.9,2.3,20.1,51.8,35.4,56.5,10.4,1005.2,1024,1015,42.1,72,56.5,54.6,3
1776621600,21,21.4,15.2,38.2,4.1,20.8,51.8,35.4,57.2,9.8,1004.8,1023.6,1014.6,42.1,73,57.2,55.4,3.4
1776625200,18.8,23.9,12.2,42.2,3,21,50,35.2,57.6,9.5,1004.4,1022.7,1014,42.1,73,57.6,55.9,3
1776628800,19.9,24.7,12.6,41,1.8,20.8,50,34.9,57.3,9.7,1004.6,1023,1014.2,42.1,73,57.3,55.6,1.4
1776632400,19.5,25.5,12.4,40,2.5,19.9,51.1,34.8,56.4,10.3,1004.5,1023.1,1014.2,41.9,71.1,56.4,54.6,3.2
1776636000,19.2,26.3,12.6,39.3,2.7,19.4,51.8,34.6,54.7,11.6,1004.6,1023.4,1014.5,41,69.1,54.7,52.7,1.6
1776639600,15.9,29.1,10.9,40.9,3.2,19.4,51.8,34.6,51.8,13.9,1004.8,1023.5,1014.6,39.2,66,51.8,49.4,5.6
1776643200,14,32.1,11.6,40,2.3,20.1,52,35,49.2,16.1,1005.6,1024.3,1015.2,37,63,49.2,47,12.9
1776646800,9.1,36.5,10.1,42.6,1.6,20.8,52,35.2,47,18.2,1006.2,1024.8,1015.6,35.1,60.8,47,44.5,20.2
1776650400,10,36.7,9.7,42.5,1.2,21.2,50,35.3,45.2,19.9,1006.2,1025,1015.6,34,57.9,45.2,42.8,28.3
1776654000,9.6,37.5,9.3,42.9,0.7,21.9,50,35.4,44,21.1,1006.5,1025.1,1015.6,32,57.2,44,41.5,29.3
1776657600,8.2,39.6,8.9,41.2,2.2,22,49.1,35.2,42.8,22.3,1006.2,1024.9,1015.5,31.1,55.6,42.8,40.2,32.3
1776661200,8.4,40,7,42.7,1.9,22.1,48.2,35,41.6,23.4,1005.9,1024.8,1015.4,30.2,54,41.6,38.9,35.2
1776664800,9.3,40.2,7.1,42.4,1,21.9,48,34.6,40.5,24.5,1005.3,1024.6,1015.3,28.9,53.1,40.5,37.7,32.5
1776668400,8.8,38.2,8.8,42.9,1.2,21.2,46.9,34.5,40,25,1005.5,1024.6,1015.1,28.2,52,40,37.1,32
1776672000,9.7,36.5,10.2,41.9,1.7,21.2,46.9,34.4,39.6,25.4,1005,1024.8,1015.1,28.2,52,39.6,36.7,32.9
1776675600,10.2,35.1,9.5,43.4,1.9,21.2,46.4,34,38.9,26.1,1005.5,1025.3,1015.4,26.6,51.8,38.9,36,35.3
1776679200,13.8,31.6,7.4,43.9,3.3,21.9,46.9,34.2,39.1,25.9,1006.1,1025.6,1015.8,27,52,39.1,36.1,32.3
1776682800,12.9,33.6,7.1,43.6,2.9,24.8,48.9,35.9,41.8,23.2,1006.7,1025.9,1016.2,32,53.6,41.8,38.7,24.2
1776686400,12.6,31.3,8.6,44.9,2.6,24.8,50,36.7,45.4,19.7,1006.2,1025.7,1016.1,35.6,57,45.4,42.4,22.8
1776690000,13.2,30.9,11.6,42.5,1.9,23.2,51.8,36.7,49.1,16.3,1006.4,1025.5,1016.1,39,62.1,49.1,46.3,16.4
1776693600,15.5,27.8,13.4,39.8,3.5,21.2,51.8,36.7,52.4,13.4,1005.9,1025.1,1016,39.9,66,52.4,50.1,7.9
1776697200,17.8,22.4,16.4,40.2,3.2,21.2,51.8,36.4,54.6,11.7,1006.3,1024.5,1015.6,41,70,54.6,52.6,5.8
1776700800,21.5,20.8,14.6,39.8,3.2,20.1,51.1,36,56.2,10.6,1005.4,1023.6,1015.2,42.1,72,56.1,54.4,2.8
1776704400,22.8,23.5,13.2,38.4,2.1,20.8,51.8,35.8,57.3,9.8,1005.1,1023.2,1014.7,42.8,73.9,57.3,55.5,3.4
1776708000,21.8,22.3,15.3,36.7,3.9,21,51.1,35.7,58,9.3,1004.8,1022.8,1014.4,43,74.8,58,56.4,3.5
1776711600,20.2,24.1,12.2,40.7,2.8,21.2,50.9,35.5,58.4,8.9,1004.4,1022.1,1013.7,43,74.8,58.4,56.9,2.8
1776715200,20.8,24.7,12.8,39.4,2.3,21.2,50,35.3,58.1,9.2,1004.7,1022.2,1014,43,73.9,58.1,56.6,1.2
1776718800,20.5,24.8,13.1,38.9,2.8,20.1,51.8,35.2,57.2,9.7,1004.6,1022.4,1014,42.1,72.9,57.2,55.5,3.4
1776722400,19.7,26.1,14.2,37.3,2.7,20.1,51.8,34.9,55.5,11,1005,1022.6,1014.2,41,71.6,55.5,53.6,1.6
1776726000,15.7,29,12.2,39.9,3.2,20.1,51.8,35,52.5,13.3,1004.8,1022.8,1014.3,39.9,66.9,52.5,50.3,5.8
1776729600,14.2,33.2,11.4,38.7,2.6,20.8,52,35.3,49.9,15.5,1005.5,1023.7,1015,37.4,63,49.9,47.8,12.9
1776733200,9.1,36.7,10.7,41.8,1.6,21.2,52,35.6,47.5,17.7,1006.2,1024.3,1015.4,35.6,61,47.5,45.2,21.6
1776736800,10.4,37.2,9.9,41.3,1.2,22.1,50.9,35.6,45.6,19.5,1006.2,1024.1,1015.4,34,59,45.6,43.4,29.4
1776740400,9.8,38.1,9.8,41.4,0.9,22.1,50,35.7,44.4,20.7,1006.5,1024.4,1015.4,33.1,57.9,44.4,42,28.9
1776744000,9.8,39.2,8.6,40,2.4,22.6,49.1,35.5,43.1,21.9,1006.2,1024.2,1015.3,31.6,56,43.1,40.6,32.5
1776747600,8.4,40.7,6.9,41.9,2.2,23,48.2,35.4,41.9,23.1,1005.9,1024,1015.2,30.2,54,41.9,39.3,36
1776751200,9,40.7,7.8,41.2,1.2,22.1,48,34.9,40.8,24.2,1005.4,1024.1,1015.1,29.1,53.1,40.8,38,33.5
1776754800,10.5,38.8,8.3,41.5,1,21.9,46.9,34.8,40.2,24.8,1005.4,1024.1,1014.9,28.4,52,40.2,37.4,32.1
1776758400,10.9,37.7,9.9,40,1.5,21.9,46.9,34.8,39.9,25.1,1004.9,1024.3,1014.9,28.2,52,39.9,37,34
1776762000,10.4,35,9.9,42.8,1.9,21.9,46.4,34.3,39.2,25.8,1005.3,1024.7,1015.2,27.1,51.8,39.2,36.4,36.5
1776765600,13.8,31.9,7.1,43.8,3.3,23,46.9,34.6,39.4,25.7,1005.8,1025.3,1015.6,28.2,52,39.4,36.4,33
1776769200,14.1,33.2,6.9,43,2.9,25,48.9,36.3,42.1,22.9,1006.7,1025.7,1016,32,53.6,42.1,39,24.3
1776772800,14.1,31.1,8.2,44,2.6,25.2,50.9,37.1,45.8,19.3,1006.4,1025.6,1015.9,36,57.9,45.8,42.9,24
1776776400,13.9,31.5,11.6,41.2,1.9,24.3,51.8,37,49.5,15.8,1006.4,1025.4,1016,39.2,63,49.5,46.8,15.7
1776780000,15.5,28.2,13.9,39.6,2.8,22.1,52,37.1,53,12.9,1005.8,1025.1,1015.8,41,66.9,53,50.8,7.4
1776783600,18,23.1,16.4,39.5,3,21.2,52,36.7,55.2,11.3,1006.2,1024.6,1015.5,42.1,70,55.2,53.3,6
1776787200,21,20.8,15.7,39.3,3.2,21.2,51.8,36.4,56.7,10.2,1005.2,1023.6,1015,42.8,73,56.7,55,3
1776790800,22.9,23.3,14,37.1,2.7,21,51.8,36.1,57.9,9.4,1005,1023.3,1014.6,42.8,73.9,57.9,56.3,3.2
1776794400,21.8,22.7,15.3,36.3,3.9,21.2,51.8,36.1,58.6,9,1004.8,1022.8,1014.2,43,75,58.6,57,3.5
1776798000,20.9,24.8,12.4,39.2,2.8,21.2,51.1,35.7,58.9,8.6,1004.7,1022.1,1013.7,43,75.2,58.9,57.5,2.6
1776801600,20.9,25.1,12.6,38.9,2.5,21.2,51.1,35.6,58.6,8.9,1004.9,1022.3,1013.9,43,75.2,58.6,57.2,1.2
1776805200,20.4,24.8,12.4,39.2,3.2,20.1,51.8,35.4,57.6,9.5,1004.7,1022.4,1013.9,42.8,73.9,57.6,56,3.2
1776808800,18.6,25.9,14.9,38.1,2.5,20.1,52,35.2,56,10.7,1005,1022.6,1014.1,42.8,72,56,54.2,2.1
1776812400,15.2,28.4,12.7,40.4,3.2,20.1,52,35.2,53,13,1005,1022.8,1014.2,39.9,68,53,50.8,6.5
1776816000,13.7,33.3,11.4,39.3,2.3,21,52,35.5,50.3,15.2,1005.6,1023.7,1014.8,37.9,64,50.3,48.3,12.6
1776819600,9.3,36.4,10.5,42.3,1.4,22.1,52,35.9,47.9,17.3,1006.2,1024.3,1015.2,36,61,47.9,45.7,20.9
1776823200,10.2,37.2,9.5,41.8,1.4,23,50.9,35.9,46,19.2,1006.3,1024.1,1015.3,34.9,60.1,46,43.8,29.9
1776826800,9.8,38.2,9.8,41,1.2,23,50,36,44.7,20.4,1006.5,1024.1,1015.2,33.1,57.9,44.7,42.4,29.5
1776830400,9.6,40,8.6,39.6,2.2,23,49.1,35.9,43.5,21.5,1006,1023.9,1015.2,32.1,56.6,43.5,41.1,33.7
1776834000,8.1,41.1,6.7,41.9,2.2,23,48.2,35.7,42.3,22.7,1005.6,1023.8,1015.1,31.1,55.4,42.3,39.8,37.9
1776837600,7.8,40.8,8.3,41.8,1.2,22.1,48.2,35.2,41.1,23.9,1005.3,1024,1015,30,53.1,41.1,38.4,34
1776841200,9.8,39.3,8.8,41.7,0.5,23,48,35.2,40.6,24.4,1004.7,1024,1014.8,29.8,53.1,40.6,37.8,33.6
1776844800,10.4,38.6,9.9,39.9,1.2,21.9,48,35,40.1,24.9,1004.3,1024.2,1014.8,28.4,52,40.1,37.3,34.2
1776848400,10.4,35.8,10.4,42.2,1.2,21.9,46.9,34.6,39.4,25.6,1005.1,1024.5,1015.1,27.1,52,39.4,36.8,36.2
1776852000,13.8,32.6,6.9,43.6,3.1,23,46.9,34.9,39.7,25.3,1005.5,1025.3,1015.5,28.2,52,39.7,36.9,33.6
1776855600,14,33.6,7.4,42.4,2.6,25.2,50,36.7,42.5,22.5,1006.5,1025.7,1015.9,32.9,54,42.5,39.5,24
1776859200,14.5,31.9,8,43.3,2.3,25.2,51.1,37.4,46.3,18.8,1006.1,1025.7,1015.9,37,59,46.3,43.5,23.7
1776862800,13.9,32.3,11.8,40.2,1.8,24.8,52,37.4,50.1,15.3,1006.1,1025.4,1015.9,39.2,63,50.1,47.5,15.4
1776866400,15.3,29,13.7,39.2,2.8,23.2,52,37.5,53.6,12.4,1005.5,1024.8,1015.7,41,66.9,53.6,51.6,6.8
1776870000,17.1,24.2,16.2,39.7,2.7,22.1,52,37,55.7,10.9,1005.2,1024.6,1015.4,42.1,71.1,55.7,53.9,6
1776873600,19.3,21.6,15.8,39.9,3.5,21.9,52,36.8,57.2,9.8,1004.9,1023.6,1014.9,42.8,73,57.2,55.6,2.1
1776877200,21.5,24,13.7,38,2.7,21.2,51.8,36.5,58.4,9,1004.7,1023.3,1014.5,43,73.9,58.4,56.9,3.5
1776880800,21.1,23.1,14.8,37,3.9,21.2,52,36.4,59,8.6,1004.7,1022.9,1014.1,43,75.9,59,57.5,3.7
1776884400,21.1,24.5,12.2,39.4,2.8,21.2,51.1,36,59.3,8.3,1004.3,1022.2,1013.6,43,75.2,59.3,58,2.3
1776888000,21.3,25,12.2,38.8,2.8,21.2,51.1,35.8,59,8.5,1004.6,1022.3,1013.8,43,75.9,59,57.7,1.6
1776891600,20.3,25.3,12.1,38.8,3.4,21,51.8,35.7,58,9.1,1004.6,1022.4,1013.9,42.8,73.9,58,56.5,3.2
1776895200,17.2,26.8,15.6,38.2,2.3,20.1,52,35.4,56.4,10.3,1004.7,1022.7,1014,42.8,72,56.4,54.7,2.3
1776898800,15,29.3,12.9,39.6,3.2,20.1,52,35.4,53.4,12.6,1004.7,1022.8,1014.2,41,68,53.4,51.4,6.3
1776902400,13.3,33.7,11.9,38.8,2.3,21,52,35.7,50.7,14.9,1005.6,1023.7,1014.8,38.8,64.4,50.7,48.7,13.6
1776906000,9.3,36.9,10.3,42.1,1.4,23,52,36.1,48.2,17.1,1006.2,1024.3,1015.2,36,61,48.2,46.1,21.6
1776909600,10.4,38,8.8,41.4,1.4,23.2,51.1,36.1,46.2,19,1006.3,1024.1,1015.3,35.1,60.1,46.2,44.1,29.1
1776913200,9.9,38.3,9.4,41.3,1.2,23,50,36.3,45,20.1,1006.6,1024.2,1015.3,33.8,59,45,42.8,29.4
1776916800,10.1,40.3,8.2,39.3,2.2,23.6,49.5,36.1,43.8,21.3,1006.2,1024,1015.2,32.5,57.2,43.8,41.5,33
1776920400,8.4,41.1,7.2,41.1,2.2,24.1,48.9,35.9,42.6,22.4,1005.8,1023.9,1015.1,31.1,55.4,42.6,40.1,36.5
1776924000,9,39.9,8.8,40.8,1.5,23,48.2,35.5,41.4,23.6,1005.3,1024,1015,30.2,53.6,41.4,38.8,33.6
1776927600,10.7,38.9,8.5,40.9,1,23.2,48,35.4,40.9,24.1,1005,1024,1014.8,30,53.1,40.9,38.1,33
1776931200,11.1,38.6,9.1,40,1.2,22.1,48,35.2,40.4,24.6,1004.3,1024.3,1014.9,28.4,53.1,40.4,37.6,34
1776934800,10.1,35.8,9.9,42.9,1.2,22.1,46.9,34.8,39.8,25.2,1004.8,1024.5,1015.1,28.2,52,39.8,37.1,37.2
1776938400,13.1,32.1,6.7,44.9,3.3,23.2,46.9,35.2,40,25,1005.6,1025.3,1015.6,28.4,52,40,37.2,32.6
1776942000,13.6,33.7,7.4,42.7,2.6,25.2,50,37,42.9,22.1,1006.4,1025.7,1016,33.1,55,42.9,39.9,22.9
1776945600,15,30.7,7.7,44.3,2.3,26.1,51.1,37.6,46.6,18.5,1006.2,1025.8,1015.9,37,59,46.6,44,24
1776949200,14.1,31.7,10.9,41,2.3,24.8,53.1,37.7,50.4,15,1006.1,1025.4,1015.9,39.2,63,50.4,47.9,15.9
1776952800,15.8,28.1,13.5,39.7,3,24.1,53.1,37.8,54,12,1005.6,1024.8,1015.7,41,66.9,53.9,52,7.9
1776956400,17.4,23.8,16.2,40.3,2.3,23,52.9,37.4,56,10.6,1005.4,1024.5,1015.4,42.1,71.1,56,54.3,5.8
1776960000,19.1,21.4,15.6,40.5,3.5,22.1,52,37.1,57.6,9.5,1005,1023.6,1014.9,42.8,73.9,57.5,56.1,2.1
1776963600,22,23.3,14,38.2,2.5,21.2,52,36.8,58.8,8.7,1004.8,1023.3,1014.5,43,74.8,58.8,57.4,3.5
1776967200,21.8,23,14.2,37.1,3.9,22.1,52,36.7,59.3,8.4,1004.7,1023,1014.1,43.9,77,59.3,57.9,3.7
1776970800,21.8,24.1,12.2,38.6,3.2,21.9,51.1,36.3,59.8,8,1004.4,1022.2,1013.7,43,77,59.8,58.5,2.6
1776974400,23.2,24.1,12.4,37.7,2.5,21.2,51.1,36.1,59.5,8.2,1004.6,1022.3,1013.8,43,75.9,59.5,58.2,1.6
1776978000,21.7,25.1,11.9,38.1,3.2,21.9,51.8,35.8,58.5,8.8,1004.6,1022.4,1013.9,43,75,58.5,57,3.4
1776981600,18.8,27,14.9,37.5,1.8,20.8,52,35.6,56.9,9.9,1004.7,1022.5,1014,42.8,73,56.9,55.3,2.5
1776985200,15.2,29,13.1,39.5,3.2,21.2,51.8,35.6,53.8,12.2,1005,1022.6,1014.3,41,69.1,53.8,51.9,6.7
1776988800,13.3,32.6,13,38.8,2.3,21.2,52,35.9,51,14.5,1005.7,1023.4,1014.9,39,64.9,51,49.2,14.5
1776992400,9.3,36.6,11.4,41,1.6,23,52,36.3,48.5,16.7,1006.3,1024.1,1015.3,37,62.1,48.5,46.5,22.9
1776996000,10.6,37.6,9,40.9,1.8,24.1,51.1,36.3,46.5,18.6,1006.3,1023.9,1015.3,35.1,60.1,46.5,44.5,28.8
1776999600,10.8,38.2,9.4,40.5,1.2,24.1,50,36.5,45.3,19.8,1006.7,1023.5,1015.3,33.8,59,45.3,43.2,31.2
1777003200,10,40.8,8.8,37.9,2.4,24.2,50,36.4,44.1,21,1006.5,1023.6,1015.2,32.9,57.5,44.1,41.9,34.3
1777006800,8.6,42.6,7.4,39.3,2.1,24.3,50,36.2,42.9,22.1,1006.2,1023.7,1015.1,32,55.9,42.9,40.5,37.4
1777010400,8.5,41.5,9,39.5,1.5,23.2,48.2,35.7,41.7,23.4,1005.9,1023.8,1015.1,30.2,53.6,41.7,39.1,34
1777014000,10.7,40,8.5,39.8,1,24.1,48.2,35.6,41,24,1005.6,1023.8,1014.9,30,53.6,41,38.3,34.1
1777017600,10.4,40.1,8.7,39.9,1,23,48,35.4,40.6,24.4,1005.3,1024.1,1015,28.9,53.1,40.6,37.9,35.1
1777021200,10.4,36.2,9.9,42.1,1.4,23.9,48,35.1,40,25,1005.5,1024.4,1015.2,28.4,53.1,40,37.4,38.7
1777024800,15,32.5,6.9,42.3,3.3,24.1,48,35.4,40.3,24.7,1006.2,1024.9,1015.7,28.9,52,40.3,37.5,33.2
1777028400,14.2,33.6,7.6,41.7,2.8,26.2,50,37.3,43.4,21.6,1006.7,1025.5,1016.1,33.1,55.4,43.4,40.4,22.1
1777032000,15.2,30.8,7.7,43.4,3,26.2,51.1,37.8,47,18.1,1006.6,1025.5,1015.9,37.4,60.1,47,44.4,24.6
1777035600,14.1,32.1,11.5,40,2.3,25,53.6,38.1,50.9,14.5,1006.4,1025.3,1016,39.2,63,50.9,48.5,16.1
1777039200,16.7,27.8,13.9,38.9,2.8,24.8,53.1,38.2,54.5,11.5,1006,1024.6,1015.7,41,68,54.5,52.6,7.9
1777042800,18.2,24.2,16.1,39.4,2.1,24.1,53.1,37.7,56.5,10.2,1006.3,1024.2,1015.5,42.1,71.1,56.5,54.9,6.1
1777046400,19.5,21.1,15.3,39.9,4.2,23.2,52,37.5,58.2,9.1,1005.2,1023.6,1014.9,43,75,58.2,56.8,1.9
1777050000,22,23.1,14.4,37.8,2.7,22.1,52,37.1,59.3,8.3,1005.2,1023.1,1014.6,43,75.2,59.3,58,3.7
1777053600,22,22.3,15.3,36.7,3.7,23,52,37.1,59.9,8,1004.9,1022.8,1014.2,44.1,77,59.9,58.5,3.5
1777057200,22,23.4,12.5,38.4,3.7,23,51.1,36.8,60.3,7.7,1004.8,1022.1,1013.8,44.1,78.1,60.3,59.1,3.3
1777060800,22.6,23.3,12.9,38,3.2,21.9,51.1,36.4,59.9,7.9,1004.9,1022,1013.8,44.1,77,59.9,58.7,1.9
1777064400,21.5,24.2,12.1,38.4,3.9,21.9,51.8,36.3,58.8,8.6,1005.2,1022.4,1013.9,44.1,75,58.8,57.5,3.4
1777068000,18.3,26.9,14.6,37.9,2.3,21.2,52,36.1,57.2,9.7,1005.3,1022.3,1014,43,73.4,57.2,55.7,3.2
1777071600,15.6,28.5,13.3,39.8,2.8,21.2,52,36,54.2,11.8,1005.8,1022.4,1014.3,42.1,69.1,54.2,52.4,7.8
1777075200,12.3,32.1,12.6,40.7,2.3,21.2,52,36.3,51.6,14,1006.6,1023.1,1014.9,39.2,64.9,51.6,49.8,14.3
1777078800,9.5,36.2,11.1,41.3,1.9,23.9,52,36.8,49.1,16.2,1006.8,1023.4,1015.3,37,62.1,49.1,47.1,21.7
1777082400,10.4,37,9.2,41.6,1.8,24.8,51.8,36.8,47.1,18.1,1007,1023.5,1015.3,35.1,60.8,47.1,45.1,28.1
1777086000,9.8,38.4,9.5,41.2,1.2,24.8,51.8,37,45.8,19.3,1007,1023.5,1015.3,34.9,59,45.8,43.8,31.6
1777089600,10.3,40.1,8.6,38.7,2.4,24.8,50.9,36.8,44.5,20.5,1007.1,1023.6,1015.2,33.5,57.5,44.5,42.4,34
1777093200,8.4,42.3,7.9,39,2.4,24.8,50,36.6,43.3,21.7,1007.2,1023.7,1015.1,32,55.9,43.3,41,36.5
1777096800,8.3,41.4,9.3,39.2,1.7,24.8,48.9,36.1,42.1,22.9,1006.6,1023.7,1015.1,30.2,54,42.1,39.6,34.3
1777100400,10,40.1,8.5,40.4,1,24.8,48.9,36,41.4,23.6,1006.1,1023.7,1014.9,30.2,54,41.4,38.8,34.3
1777104000,9.6,39.7,8.9,40.4,1.5,24.3,48.2,35.8,40.9,24.1,1005.6,1023.8,1015,28.9,54,40.9,38.3,34.8
1777107600,10.4,34.7,11.3,42.2,1.4,24.3,48,35.5,40.3,24.7,1005.6,1024.1,1015.2,28.4,53.1,40.3,37.8,38.7
1777111200,15.2,32.8,6.9,42,3.1,24.3,48,35.7,40.6,24.4,1006.9,1024.6,1015.7,29.1,53.1,40.6,37.9,33.4
1777114800,14.4,33.8,7.8,41.4,2.6,26.2,50,37.6,43.8,21.2,1007,1025.1,1016.1,33.8,55.4,43.8,40.9,21.8
1777118400,16.1,30.6,7.2,43.2,2.8,26.2,52,38.3,47.5,17.6,1006.6,1025.2,1015.9,37.4,60.1,47.5,45,24
1777122000,15.3,31.3,12.3,38.7,2.3,25,54,38.4,51.3,14.1,1006.4,1024.6,1016,39.9,64,51.3,49,16.4
1777125600,17.6,27.1,14.6,38,2.8,24.8,54,38.5,54.8,11.2,1006,1024.3,1015.7,42.8,68,54.8,53,8.2
1777129200,18.9,24.9,15.9,38.1,2.1,24.3,53.1,38,57,9.8,1005.9,1023.9,1015.5,42.8,71.6,57,55.4,6.6
1777132800,20.7,21.4,15.3,38.4,4.2,24.3,52,37.8,58.6,8.7,1005.2,1023.3,1015,44.1,73.9,58.6,57.4,2.1
1777136400,23.5,23.1,15.3,35.6,2.5,23,53.1,37.4,59.8,7.9,1005.2,1023.1,1014.6,44.6,75.9,59.8,58.6,3.4
1777140000,22.7,22,16,35.4,3.9,23,52,37.5,60.4,7.6,1004.9,1022.7,1014.2,44.6,77.9,60.4,59.2,3.5
1777143600,22.5,23.2,13,37.1,4.2,23,51.8,37.2,60.8,7.3,1004.7,1022.1,1013.8,45,78.1,60.8,59.7,2.8
1777147200,22.6,24,13.4,36.5,3.5,21.9,51.8,36.8,60.4,7.5,1004.8,1021.8,1013.8,45,77,60.4,59.3,2.1
1777150800,22.1,24.2,13.2,36.8,3.7,22.1,52,36.6,59.3,8.2,1004.7,1022.4,1014,45,75.2,59.3,58.1,3.4
1777154400,17.9,27.3,15.4,37.2,2.3,21.2,53.1,36.5,57.6,9.3,1005.2,1022.3,1014.1,43,73.4,57.6,56.3,3.4
1777158000,16.2,28.6,13.6,38.3,3.2,21.2,53.1,36.2,54.7,11.4,1005.8,1022.6,1014.3,42.8,69.1,54.7,53,8.3
1777161600,13.3,32.1,13.3,39.1,2.3,21.2,52,36.6,51.8,13.7,1006.4,1023.1,1014.9,39.9,64.9,51.8,50.2,15.9
1777165200,10,35.6,12.3,40.3,1.9,24.3,52,37.1,49.3,15.9,1006.5,1023.7,1015.3,37.4,62.1,49.3,47.6,22.7
1777168800,10.6,37.5,9.3,40.7,1.9,24.8,51.8,37.1,47.3,17.9,1006.7,1023.6,1015.3,35.1,60.8,47.3,45.4,29.7
1777172400,10.9,39,9.3,39.7,1.2,25,51.8,37.2,46,19.1,1006.8,1023.5,1015.3,34,59,46,44.1,32.9
1777176000,11,41.1,8.4,37.1,2.4,25.1,50.9,37,44.8,20.4,1006.6,1023.6,1015.3,33,57.9,44.8,42.7,35.1
1777179600,9,43.3,7.6,37.9,2.1,25.2,50,36.8,43.5,21.6,1006.5,1023.8,1015.2,32,56.8,43.5,41.2,37.3
1777183200,8.8,42.8,8.8,37.9,1.7,24.8,48.9,36.3,42.2,22.8,1006.4,1023.7,1015.1,30.2,55.4,42.2,39.8,35.9
1777186800,10.5,41.2,9.5,37.8,1,24.8,48.9,36.2,41.6,23.5,1006.4,1023.7,1015,30.2,54,41.5,39.1,35.8
1777190400,10.3,40.6,8.6,38.2,2.2,24.3,48.9,36,41.1,23.9,1005.6,1024.2,1015.1,28.4,54,41.1,38.6,37.4
1777194000,10.6,34.8,12.3,41.1,1.2,24.3,48,35.7,40.5,24.6,1005.8,1024.4,1015.3,28.4,53.6,40.5,38.1,40.9
1777197600,15.5,33.3,7.1,41,3.1,24.3,48.2,35.9,40.8,24.2,1007.2,1025,1015.8,29.1,53.6,40.8,38.2,34.1
1777201200,14.9,33.2,8.5,40.8,2.6,26.6,50,37.9,44,21,1007,1025.5,1016.1,33.8,55.9,44,41.2,21.8
1777204800,17.4,30.3,7.5,42,2.8,26.6,52,38.5,47.8,17.3,1006.7,1025.3,1016,37.4,60.1,47.8,45.4,24.8
1777208400,15.6,30.5,13.7,38.1,2.1,25.9,54,38.6,51.6,13.8,1006.1,1024.7,1016,41,64,51.6,49.5,16.9
1777212000,18.9,26.6,15,37,2.5,25,54,38.7,55.1,10.9,1005.8,1024.4,1015.7,43,68,55.1,53.4,8.4
1777215600,19.8,25.1,15.8,37.2,2.1,24.3,53.6,38.2,57.3,9.5,1005.6,1024.2,1015.5,42.8,71.1,57.3,55.8,7.1
1777219200,21.3,22.5,14.4,37.4,4.4,24.1,53.1,37.9,58.9,8.4,1005.1,1023.6,1014.9,44.6,73.9,58.9,57.7,2.1
1777222800,23.9,22.6,15.3,35.1,3.2,23,53.1,37.5,60,7.7,1005,1023.2,1014.6,45,75.2,60,58.9,3.2
1777226400,22.9,21.7,16.4,35.6,3.5,23.2,52,37.6,60.6,7.4,1004.7,1022.8,1014.2,45,77,60.6,59.5,3.7
1777230000,23.4,22.9,12.5,36.8,4.4,23.2,52,37.4,61,7.1,1004.4,1022.2,1013.8,46,78.1,61,59.9,3
1777233600,23.1,23.8,12.7,36.5,3.9,23,51.8,37.1,60.6,7.3,1004.7,1022.2,1013.8,46,77,60.6,59.5,2.3
1777237200,22.3,23.7,13.4,37.4,3.2,22.1,52,36.8,59.4,8,1005,1022.4,1014,45,75,59.4,58.2,3.4
1777240800,18.3,27,14.6,37.5,2.5,21.9,52,36.8,57.7,9.1,1005.3,1022.3,1014.1,44.1,73,57.7,56.4,3.7
1777244400,15.9,28.9,13.4,38.6,3.2,21.9,53.1,36.5,54.8,11.2,1005.6,1022.6,1014.4,42.8,69.1,54.8,53.2,8.5
1777248000,13.8,32.4,12.6,39.2,2.1,21.9,52,36.9,52,13.5,1006.4,1023.3,1014.9,41,64.9,52,50.4,16
1777251600,10,35.4,12.7,39.6,2.3,24.3,52,37.3,49.5,15.8,1006.5,1023.8,1015.3,37.4,62.1,49.5,47.7,23.2
1777255200,10.4,38,9.7,40,1.9,24.8,52,37.1,47.4,17.8,1006.7,1023.9,1015.4,35.6,60.8,47.4,45.5,29.7
1777258800,11.2,39.7,8.9,39,1.2,25,51.8,37.3,46.1,19,1007,1024.1,1015.4,34.9,59,46.1,44.2,34.7
1777262400,11,41,8.4,37.2,2.4,25.6,50.9,37,44.8,20.3,1006.7,1024.1,1015.3,33.5,57.5,44.8,42.8,35.7
1777266000,9,43.6,7.6,37.9,1.9,26.1,50,36.8,43.5,21.5,1006.4,1024.1,1015.2,32,55.9,43.5,41.3,36.7
1777269600,9.5,43,7.8,37.9,1.7,25,48.9,36.4,42.3,22.8,1006.2,1024.1,1015.1,30.2,55,42.3,39.9,35.7
1777273200,10.3,41.4,8.8,38.5,1,25,48.9,36.3,41.6,23.4,1006.1,1023.9,1015,30.2,54,41.6,39.2,36.4
1777276800,9.4,41.7,7.9,38.7,2.2,24.3,48.9,36.1,41.2,23.8,1005.6,1024.5,1015.2,29.1,54,41.2,38.6,37.2
1777280400,9.7,34.8,12.8,41.1,1.7,24.8,48,35.7,40.5,24.5,1005.9,1024.6,1015.3,28.4,53.6,40.5,38.1,39.6
1777284000,15,34.6,7.4,39.9,3.1,24.8,48.2,36,40.9,24.1,1007.2,1025.4,1015.9,29.8,53.6,40.9,38.3,33.3
1777287600,15.7,34,8.8,38.8,2.6,26.6,50,37.9,44.2,20.8,1007.3,1025.7,1016.2,34,55.9,44.2,41.4,22
1777291200,18.3,31.2,7.5,40.4,2.6,26.6,52,38.6,47.9,17.2,1006.8,1025.8,1016.2,37.9,60.1,47.9,45.6,25.3
1777294800,15.8,31.3,13.2,37.4,2.3,26.2,54,38.7,51.8,13.6,1006.1,1025.4,1016.1,41,64,51.8,49.7,15.9
1777298400,18.9,27.3,14.5,36,3.2,25.2,54,38.7,55.4,10.7,1005.7,1024.6,1015.8,43,68,55.4,53.7,8.4
1777302000,20.6,25.5,16.4,35.7,1.9,24.8,53.6,38.2,57.6,9.1,1005.9,1024.5,1015.6,43,71.1,57.6,56.2,7.1
1777305600,22.5,22.3,14.6,36,4.6,24.3,53.1,38,59.1,8.1,1005,1023.7,1015,44.6,73.9,59.1,58,1.6
1777309200,23.8,22.4,15.3,34.6,3.9,23,53.1,37.6,60.3,7.4,1005.2,1023.5,1014.7,45.9,75,60.3,59.2,3.5
1777312800,23.4,22,16.2,35.2,3.2,23.9,52,37.7,60.8,7.1,1004.8,1022.9,1014.3,45,77,60.8,59.7,3.5
1777316400,23,23.9,12.8,36.2,4.2,23.9,52,37.4,61.1,6.9,1004.4,1022.5,1013.8,46.9,77,61.1,60.1,2.6
1777320000,22.5,23.9,12.4,36.8,4.4,23.2,51.8,37,60.7,7.1,1004.9,1022.3,1013.9,46.9,75.9,60.7,59.7,2.3
1777323600,21.8,23.9,14.3,36.8,3.2,22.1,52,36.7,59.5,7.8,1005,1022.4,1014.1,45,75,59.5,58.4,3.2
1777327200,18.7,26.7,15.5,36.5,2.5,21.9,53.1,36.7,57.9,8.9,1005.2,1022.3,1014.2,45,72.9,57.9,56.6,3.7
1777330800,14,29.4,14,39.3,3.2,21.9,53.1,36.5,55,11,1005.5,1022.6,1014.5,43,69.1,55,53.5,8.5
1777334400,12.1,33.4,12.5,39.9,2.1,21.9,53.1,36.9,52.2,13.4,1006,1023.3,1015,41,64.4,52.2,50.6,15.9
1777338000,10.4,35.6,12.5,38.9,2.5,24.8,52,37.2,49.6,15.6,1006.7,1023.8,1015.4,39,62.1,49.6,47.9,24
1777341600,10.6,38.4,9.7,39.6,1.6,24.8,51.8,37.1,47.5,17.7,1006.6,1024,1015.4,35.6,60.8,47.5,45.7,30.7
1777345200,11,41.3,8.6,38.2,0.9,25.2,51.8,37.3,46,19.1,1006.8,1024.1,1015.5,34.9,59,46,44.3,36.3
1777348800,11.2,41.8,8.1,36.5,2.4,25.6,50.9,37.1,44.9,20.3,1006.5,1024.1,1015.4,33.5,57.9,44.9,42.9,36.5
1777352400,8.8,43.6,7.9,37.6,2.1,26.1,50,36.9,43.7,21.4,1006.2,1024.1,1015.3,32,56.8,43.7,41.5,36.8
1777356000,9.5,43.4,7.5,37.9,1.7,25,48.9,36.4,42.4,22.6,1005.9,1024.1,1015.2,30.2,55.4,42.4,40.1,38.9
1777359600,10.3,41.6,8.6,38.6,1,25,48.9,36.4,41.8,23.2,1006,1024.1,1015.1,30.2,54,41.8,39.4,36.5
1777363200,9.6,42.2,7.2,38.8,2.2,24.3,48.9,36.1,41.2,23.8,1005.6,1024.6,1015.2,28.9,54,41.2,38.8,38.3
1777366800,11,34.3,13.4,39.7,1.6,24.8,48,35.8,40.6,24.4,1005.9,1024.8,1015.4,28.4,53.6,40.6,38.4,40.8
1777370400,15.5,34.8,8.1,38.8,2.9,24.8,48.9,36.1,41.1,23.9,1007.2,1025.5,1016,30,53.6,41.1,38.6,34.2
1777374000,16.2,34,9.5,38.2,2.1,27,51.1,38.1,44.4,20.6,1007.3,1025.9,1016.2,34,55.9,44.4,41.7,23.6
1777377600,18.1,31.1,8.5,39.8,2.6,27,52.9,38.9,48.3,16.8,1006.8,1026,1016.1,37.9,60.8,48.3,46.1,27
1777381200,17.1,31,13.4,35.9,2.5,26.6,54,39.1,52.3,13.1,1006.4,1025.4,1016.1,41.9,64,52.3,50.4,16.4
1777384800,19.1,27.2,14.9,35.1,3.7,25.2,54,39,55.8,10.2,1005.6,1024.8,1015.8,44.1,68.9,55.8,54.3,8.2
1777388400,20.7,26.4,16.2,34.8,1.9,25,53.6,38.5,58,8.8,1005.6,1024.5,1015.6,44.1,71.6,58,56.7,6.7
1777392000,21.6,23.2,14.4,36.2,4.6,24.8,53.1,38.3,59.5,7.8,1005,1023.8,1015,45,73.9,59.5,58.4,1.6
1777395600,23.5,22.8,14.8,34.5,4.3,23.2,53.1,37.8,60.6,7.1,1005.2,1023.5,1014.7,46,75.2,60.6,59.5,3.7
1777399200,23.2,22,16.7,35.3,2.8,24.3,53.1,37.9,61.2,6.8,1004.8,1023.1,1014.3,46,78.1,61.2,60.2,3.7
1777402800,23.1,24.1,12.6,35.5,4.7,24.3,52,37.6,61.5,6.6,1004.3,1022.7,1013.9,47.8,78.1,61.5,60.5,3.3
1777406400,22.2,24.3,11.9,37.2,4.4,23.9,51.8,37.1,61.1,6.9,1005,1022.7,1014,46.9,77,61.1,60.1,2.3
1777410000,21,23.9,14.6,37.1,3.4,23,52,36.9,59.8,7.6,1005.5,1022.6,1014.2,46,75.2,59.8,58.7,3.2
1777413600,19.2,26.9,15.1,36.8,2.1,21.9,52,36.8,58.2,8.8,1005.6,1022.7,1014.2,45,73.4,58.2,57,4.1
1777417200,14.5,29.7,13.1,39.8,3,22.1,52,36.7,55.4,10.7,1006.1,1022.7,1014.5,44.1,69.1,55.4,53.9,9
1777420800,13.2,33.3,12,39.5,2.1,23,53.1,37,52.5,13.1,1006.7,1023.4,1015,42.1,65.8,52.5,51,16
1777424400,10.4,35.1,13.2,38.6,2.8,24.8,52,37.4,50,15.3,1006.8,1024.1,1015.5,39,62.6,50,48.3,24.2
1777428000,11.2,38.4,9.5,39.3,1.6,24.8,51.8,37.4,47.8,17.4,1006.9,1024.1,1015.5,36,60.8,47.8,46.1,31.8
1777431600,11.5,40.3,8.9,38.2,1.2,25.2,52,37.5,46.2,18.9,1007.3,1024.2,1015.5,35.1,59,46.2,44.4,36.7
1777435200,12.2,41.3,8.1,35.8,2.6,25.6,51,37.4,45,20,1006.8,1024.3,1015.5,33.5,58,45,43.1,37
1777438800,9.1,43.5,7.4,37.8,2.2,26.1,50,37.2,43.9,21.2,1006.4,1024.4,1015.4,32,57,43.9,41.8,37.4
1777442400,9.5,43.6,7.8,37.2,1.9,25.2,50,36.7,42.6,22.4,1006.2,1024.1,1015.2,30.9,55.4,42.6,40.4,39.6
1777446000,9.3,41.7,8.6,39.5,1,25.2,50,36.7,42,23,1006.1,1024.1,1015.1,30.2,54,42,39.7,38
1777449600,9.4,41.4,7.4,39.7,2,24.3,50,36.4,41.4,23.6,1006.4,1024.6,1015.3,29.1,54,41.4,39.1,39.2
1777453200,11.5,33.4,13.4,40,1.6,24.8,48.9,36.2,40.9,24.2,1006,1025.1,1015.4,28.9,54,40.8,38.8,41.3
1777456800,15.1,33.8,8.2,40.5,2.4,24.8,50,36.4,41.4,23.6,1007.2,1025.7,1016.1,30.2,54,41.4,39,35.5
1777460400,15.3,33.2,10.3,39.4,1.9,27.9,51.8,38.4,44.7,20.3,1007.4,1026,1016.3,34.9,55.9,44.7,42.1,24.6
1777464000,17.9,30.7,9,39.9,2.6,28,53.1,39.3,48.5,16.6,1007.2,1026.2,1016.2,38.8,60.8,48.5,46.4,27.4
1777467600,17.7,30.9,12.8,36.3,2.3,26.6,54.9,39.4,52.6,12.8,1006.5,1025.5,1016.2,42.1,64,52.6,50.7,17.1
1777471200,20.1,26.6,14.4,35.2,3.7,26.1,54,39.2,56,10,1006.2,1024.8,1015.9,44.6,68.9,56,54.6,7.9
1777474800,21.5,26.2,15.1,35.1,2.1,25,54,38.7,58.3,8.5,1006.4,1024.8,1015.8,44.6,72,58.3,57.1,6.4
1777478400,21,23,13.6,37.3,5.1,24.8,53.1,38.6,59.7,7.5,1005.6,1024.1,1015.1,46,73.9,59.7,58.7,1.9
1777482000,22.8,22.6,14.2,35.4,5,24.1,53.1,38.2,60.9,6.8,1005.4,1024,1014.9,46.9,75.2,60.9,59.9,3.7
1777485600,22.7,22.3,17.2,35.5,2.3,24.8,53.6,38.2,61.6,6.4,1004.9,1023.6,1014.5,46.9,78.1,61.6,60.7,3.3
1777489200,23.8,24.3,12.9,34.3,4.7,24.8,53.1,37.9,61.8,6.3,1005,1022.9,1014.1,48,78.1,61.8,60.9,3.3
1777492800,21.8,24.8,11.7,37,4.6,24.1,51.8,37.5,61.3,6.6,1005.6,1022.8,1014.1,46.9,77,61.3,60.4,2.3
1777496400,20.3,23.7,15,36.9,4.1,23.9,53.1,37.3,60.2,7.3,1006.2,1022.7,1014.3,46,75.2,60.2,59.2,3.8
1777500000,19.1,28,15.3,36,1.6,23,53.1,37.2,58.6,8.4,1006.1,1022.7,1014.4,45,73.9,58.6,57.5,4.3
1777503600,14.6,29,14.4,38.8,3.2,23,53.1,37.1,55.8,10.3,1006.3,1022.7,1014.6,44.1,69.1,55.8,54.4,9.4
1777507200,13,33.3,12.5,39.1,2.1,23.9,53.1,37.5,52.9,12.7,1007.1,1023.4,1015.2,42.1,64.9,52.9,51.4,16
1777510800,10.6,35.8,13.4,38.1,2.1,25.2,52,37.7,50.2,15,1007.5,1024.1,1015.7,39.2,62.6,50.2,48.6,25.7
1777514400,10.7,39.4,10,38.2,1.6,25.2,52,37.7,48.1,17.1,1007.2,1024.2,1015.7,37,60.8,48.1,46.5,32.8
1777518000,11,41.1,9.4,37.6,0.9,26.1,52,37.9,46.5,18.6,1007.5,1024.4,1015.7,35.6,59,46.5,44.9,37.1
1777521600,11.9,41.3,8.6,35.3,2.9,26.1,51.9,37.8,45.4,19.7,1007,1024.4,1015.6,34.3,58,45.4,43.6,37.9
1777525200,9.1,43.4,8.1,37.7,1.7,26.2,51.8,37.7,44.3,20.8,1006.6,1024.4,1015.5,32.9,57,44.3,42.3,38.6
1777528800,10,43.2,8.3,36.9,1.7,26.1,50,37.1,43,22,1006.4,1024.5,1015.4,31.1,55.9,43,40.9,40
1777532400,10,42.3,8.3,38.6,0.7,26.1,50,37.1,42.5,22.6,1006.4,1024.6,1015.3,30.2,55,42.4,40.3,39.5
1777536000,9.2,41.9,7.7,39.5,1.7,25,51.1,36.7,41.8,23.2,1006.5,1024.8,1015.5,30,54.9,41.8,39.6,39.9
1777539600,11.6,32.8,13.7,40.3,1.7,25,50.9,36.5,41.3,23.8,1006.6,1025.2,1015.6,28.9,54,41.2,39.2,42
1777543200,15.3,33.7,8.4,40.7,1.9,25.2,50,36.8,41.7,23.3,1007.2,1025.9,1016.2,30.2,54,41.7,39.4,35.5
1777546800,15.5,33.3,10.2,39,1.9,28.2,52,38.7,45.1,19.9,1007.6,1026.3,1016.5,35.1,57.2,45.1,42.6,25.2
1777550400,16,31.4,9.7,40.6,2.4,28.4,53.1,39.7,49,16.1,1007.4,1026.3,1016.4,39,61,49,47.1,27.9
1777554000,18.4,31.2,12.8,35.6,2.1,27,54.9,39.8,53.1,12.4,1007.2,1026.1,1016.5,42.8,64.4,53.1,51.3,16.2
1777557600,21.1,27.3,13.9,34,3.7,26.6,55,39.6,56.6,9.5,1006.8,1025.5,1016.1,45,69.1,56.6,55.3,8.4
1777561200,21.6,26.8,15.1,34.6,1.9,25.9,54,39.1,58.9,8,1007.1,1025.2,1016,46,72,58.9,57.8,6.4
1777564800,21.7,23.8,12.9,36.5,5.1,25.2,53.6,38.9,60.3,7,1006.2,1024.9,1015.3,46.9,75,60.3,59.4,2.3
1777568400,22.3,23.5,13.7,35.1,5.5,24.8,53.6,38.5,61.5,6.3,1006.1,1024.3,1015.1,48,75.2,61.5,60.6,3.4
1777572000,23,23,16.7,34.6,2.8,25.2,54,38.6,62.1,6,1005.9,1024,1014.7,48,78.1,62.1,61.4,3.3
1777575600,24.1,24.8,12.9,33.4,4.9,24.8,53.6,38.2,62.3,5.9,1005.5,1023.3,1014.3,48.2,77,62.3,61.5,3.1
1777579200,22.2,24.5,12.6,36,4.6,24.8,52,37.8,61.9,6.1,1005.8,1023,1014.2,48.2,77,61.9,61.1,2.1
1777582800,21,23.1,15.8,35.6,4.6,23.9,53.6,37.6,60.8,6.7,1006.4,1022.9,1014.5,47.8,75.2,60.8,59.9,4.1
1777586400,20.3,27.3,15.5,34.9,2.1,23,53.6,37.6,59.2,7.9,1006.4,1023.1,1014.5,46.4,73.9,59.2,58.1,4.5
1777590000,14.6,30.1,14.2,37.7,3.4,23.9,53.6,37.6,56.4,9.8,1006.8,1023.1,1014.7,44.6,69.8,56.4,55.1,9.1
1777593600,12.5,34,12.3,39.1,2.1,24.1,53.1,38,53.4,12.2,1007.3,1023.9,1015.2,42.8,65.8,53.4,52.1,15.6
1777597200,10.4,36.4,13.6,37.3,2.3,26.1,53.1,38.2,50.7,14.6,1007.7,1024.4,1015.8,39.9,62.6,50.7,49.3,26.3
1777600800,9.6,40.7,10.3,37.7,1.6,25.2,52,38.2,48.6,16.6,1007.2,1024.4,1015.7,37.4,60.8,48.6,47.1,33.3
1777604400,10.6,41.5,10.1,36.9,0.9,26.6,52,38.3,47,18.1,1007.5,1024.5,1015.8,36,59,47,45.5,37.8
1777608000,12.1,41.4,9,34.5,2.9,26.6,52,38.2,45.9,19.3,1007,1024.6,1015.7,34.5,58.1,45.9,44.1,38.1
1777611600,9.1,43.3,8.6,37.3,1.7,26.6,52,38.1,44.7,20.4,1006.6,1024.7,1015.6,33.1,57.2,44.7,42.8,38.4
1777615200,10.7,43.3,8.3,36,1.7,26.2,51.1,37.5,43.5,21.5,1006.4,1024.7,1015.5,32,55.9,43.5,41.5,40.5
1777618800,10.5,42.9,8.1,37.5,1,26.2,51.1,37.5,42.9,22.1,1006.1,1024.8,1015.3,30.2,55.4,42.9,40.8,40
1777622400,9.2,41.6,7.7,39.9,1.5,25,52,37.1,42.2,22.8,1006.4,1025.2,1015.6,30.2,55,42.2,40.1,40.7
1777626000,12.1,31.8,14.3,40.1,1.7,25.2,51.8,36.9,41.6,23.4,1006.7,1025.5,1015.8,29.1,55,41.6,39.7,42.2
1777629600,16.8,33.2,8.2,39.7,2.2,25.9,51.1,37.2,42.2,22.8,1007.2,1026,1016.4,30.2,55,42.2,40,36.7
1777633200,16.7,33.1,9.8,38.6,1.9,28.4,53.1,39.2,45.6,19.5,1007.5,1026.4,1016.6,35.6,57.9,45.6,43.2,25.7
1777636800,17.2,31.4,9.4,39.9,2.1,28.4,53.6,40,49.5,15.6,1007.4,1026.4,1016.5,39.2,61,49.5,47.7,29
1777640400,19.3,30.5,12.4,35.2,2.6,27.1,55,40.2,53.5,11.9,1007,1026.2,1016.6,43,64.4,53.5,52,16.2
1777644000,21.8,27.1,13.7,33.6,3.7,26.6,55,39.8,57,9.1,1006.8,1025.8,1016.3,46,69.8,57,55.8,8.2
1777647600,22,27.2,15,33.7,2.1,26.1,54,39.4,59.3,7.5,1007.1,1025.5,1016.1,47.8,72,59.3,58.5,6.1
1777651200,21.2,24.4,13.4,35.9,5.1,25.9,53.6,39.2,60.8,6.6,1006.2,1025.1,1015.4,48.2,75,60.8,60,2.6
1777654800,22.6,24.6,12.8,34.4,5.7,24.8,53.6,38.8,61.8,5.9,1006.4,1024.7,1015.2,48.9,75.9,61.8,61.1,3.2
1777658400,23.3,23.7,15.8,34.4,2.8,25.2,54,38.9,62.5,5.7,1005.9,1024.1,1014.8,48.2,78.1,62.5,61.8,3
1777662000,24.3,25.2,12.9,32.9,4.7,25,53.6,38.6,62.6,5.6,1005.8,1023.3,1014.5,48.9,77,62.6,61.8,2.6
1777665600,23.1,24.2,12.9,35.1,4.6,24.8,53.1,38.1,62.2,5.9,1005.8,1023,1014.4,48.2,77,62.1,61.4,1.9
1777669200,21.5,23.1,15.8,35.5,4.1,24.3,53.6,38,61.1,6.5,1006.5,1023.1,1014.7,48,75.2,61.1,60.3,3.6
1777672800,20.6,26.8,15.4,35.3,1.8,23.9,54,38,59.5,7.6,1006.8,1023.2,1014.7,46.4,73.9,59.5,58.5,4.3
1777676400,14.8,29.4,14.6,38.3,3,24.1,53.6,37.9,56.7,9.4,1006.8,1023.5,1015,45,69.8,56.7,55.5,8.4
1777680000,12.2,33.6,12.4,39.4,2.3,24.8,53.6,38.3,53.7,11.9,1007.6,1024.1,1015.5,43,65.8,53.7,52.3,15.1
1777683600,9.7,35.6,15.2,37,2.5,26.2,53.1,38.5,51,14.2,1008.1,1024.4,1016,41,62.6,51,49.6,26.1
1777687200,8.9,40.7,11,37.9,1.4,26.6,52,38.6,48.9,16.3,1007.5,1024.5,1016,37.9,60.8,48.9,47.4,33.8
1777690800,9.2,41.4,10.8,37.4,1.2,27,52,38.8,47.3,17.8,1007.6,1024.6,1016,36,59,47.3,45.9,39.3
1777694400,12.7,40.4,9.3,34.9,2.6,27,52,38.6,46.2,18.9,1007.3,1024.8,1015.9,34.9,58.1,46.2,44.6,38.8
1777698000,9.1,42.8,8.4,38.3,1.4,27,52,38.4,45.1,20,1007,1024.9,1015.8,33.8,57.2,45.1,43.3,38.2
1777701600,10.4,42.6,8.2,37.3,1.5,26.6,51.8,38,43.9,21.1,1006.7,1024.9,1015.7,32,55.9,43.9,42,40.7
1777705200,11,41.9,8.6,37.5,1,26.6,51.8,37.9,43.3,21.7,1006.5,1025,1015.6,31.1,55.4,43.3,41.3,40.6
1777708800,9.9,40.7,7.2,40.7,1.5,25.2,52,37.6,42.7,22.3,1006.9,1025.5,1015.9,30.2,55.4,42.7,40.6,40.8
1777712400,12.4,30.2,14.8,41.2,1.4,25.9,51.8,37.3,42.1,22.9,1007,1025.5,1016,30.2,55,42.1,40.2,42.1
1777716000,16.9,31.9,8.5,40.3,2.4,26.2,51.8,37.8,42.8,22.2,1007.5,1026,1016.6,30.2,55.4,42.8,40.7,35.6
1777719600,16.6,31.8,10.5,39,2.1,29.1,53.6,39.7,46.1,19,1007.8,1026.4,1016.8,36,57.9,46.1,43.8,26.5
1777723200,17.2,30.4,9.4,40.5,2.6,29.1,54,40.6,49.9,15.2,1007.6,1026.4,1016.8,39.2,62.1,49.9,48.2,28.5
1777726800,20.7,29.3,11.9,35.3,2.8,28,55,40.7,54,11.5,1007.6,1026.1,1016.8,44.1,64.9,54,52.5,16.6
1777730400,22.7,26.5,13.2,33.9,3.7,27,55.4,40.4,57.5,8.7,1007.3,1025.6,1016.5,46.4,69.8,57.5,56.4,8.2
1777734000,22.5,26.5,14.8,33.8,2.3,26.6,55,40.1,59.8,7.2,1007.2,1025.4,1016.3,48,73,59.7,58.9,6.1
1777737600,22,24.3,13.2,35.4,5.1,26.1,54.9,39.9,61.3,6.2,1006.7,1024.9,1015.6,50,75,61.3,60.7,2.6
1777741200,23.4,23.2,13,34.5,5.9,26.2,54,39.4,62.4,5.6,1006.6,1024.5,1015.4,48.9,77,62.4,61.7,3.4
1777744800,24.2,22.6,15.6,34.4,3.3,26.1,54,39.5,63,5.3,1006.1,1024.1,1015,48.9,78.1,63,62.4,3.7
1777748400,24.8,24.1,12.9,33.4,4.9,26.1,54,39.3,63.1,5.3,1005.8,1023.1,1014.7,50,78.1,63.1,62.4,2.8
1777752000,24.2,23,12.9,34.8,5.1,25.2,53.6,38.7,62.7,5.5,1005.8,1023,1014.5,48.9,77.9,62.7,62,1.9
1777755600,21.6,22.1,16.3,35.6,4.4,24.8,53.6,38.5,61.8,6,1006.6,1023,1014.8,48.2,75.9,61.8,61,3.6
1777759200,21.1,25.6,16.2,35,2.1,24.1,54,38.6,60.1,7.1,1006.9,1023.2,1014.9,46.9,73.9,60.1,59.2,4.3
1777762800,15.8,28.6,15.3,37.5,2.7,24.3,54,38.5,57.3,9,1007,1023.5,1015.2,45.9,70,57.3,56.2,8.2
1777766400,12.2,32.8,13.4,39,2.5,25,53.6,39,54.2,11.4,1007.9,1024,1015.7,43,66,54.2,53,15.1
1777770000,9.9,35.1,15.4,36.9,2.8,26.6,53.6,39.2,51.6,13.7,1008.3,1024.4,1016.2,41,63,51.6,50.3,25.2
1777773600,9.6,40.9,11.4,36.7,1.4,27.1,53.1,39.3,49.4,15.8,1007.8,1024.5,1016.1,37.9,60.8,49.4,48.1,34.3
1777777200,9.2,41.6,11.5,36.2,1.4,28.2,53.1,39.4,47.8,17.3,1007.9,1024.6,1016.2,37,59,47.8,46.5,38.8
1777780800,13.2,41.1,9.3,34,2.4,27.6,53.1,39.2,46.6,18.5,1007.6,1024.8,1016.1,35.4,58.1,46.6,45.1,39.3
1777784400,9.6,43.2,8.6,37.4,1.2,27.1,53.1,39,45.5,19.6,1007.4,1024.9,1016,33.8,57.2,45.5,43.8,39.8
1777788000,10.4,42.5,9,36.4,1.7,26.6,52,38.6,44.3,20.7,1006.9,1024.9,1015.8,32,55.9,44.3,42.5,42.3
1777791600,10.8,42.2,8.8,37,1.2,26.6,52,38.4,43.7,21.3,1007,1025,1015.7,31.1,55.4,43.7,41.8,41.3
1777795200,9.5,41.3,8,40,1.3,25.2,53.1,38.1,43.1,22,1007.1,1025.2,1016,30.2,55.4,43.1,41,41.2
1777798800,13.1,30.8,14.6,40.1,1.4,25.9,52,37.9,42.6,22.5,1007.2,1025.4,1016.1,30.2,55.4,42.6,40.7,42
1777802400,16.5,33.2,8.7,39.2,2.4,26.6,53.1,38.4,43.3,21.7,1007.7,1025.9,1016.7,30.9,55.4,43.3,41.3,35.2
1777806000,16.5,31.9,11.3,38.6,1.7,29.1,54,40.3,46.6,18.4,1007.9,1026.4,1017,36,59,46.6,44.5,27.1
1777809600,17.7,29.8,10.2,39.5,2.8,30,54,41.2,50.5,14.6,1007.7,1026.3,1017,41,62.1,50.5,48.9,28.1
1777813200,20.2,28.4,13,35.3,3,28.4,55.4,41.3,54.6,10.9,1007.6,1025.9,1016.9,44.6,66,54.6,53.2,15.7
1777816800,23.1,26.6,13.2,33.1,3.9,27.1,55.9,41,58,8.3,1007.5,1025.6,1016.6,46.9,71.1,58,57,7.2
1777820400,23.8,26.8,14.4,32,3.1,26.6,55.4,40.6,60.4,6.8,1007.4,1025.4,1016.4,48.2,73,60.3,59.6,5.9
1777824000,22.8,24.7,13.3,33.8,5.4,26.1,55.4,40.4,61.9,5.7,1006.9,1024.9,1015.7,50,75,61.9,61.3,2.6
1777827600,24.4,23.3,12.8,33.1,6.4,26.1,55,40,63.1,5.1,1006.8,1024.5,1015.5,50,77,63,62.5,3
1777831200,24.2,22.6,16.1,33.6,3.5,26.1,55,40.1,63.6,4.9,1006.2,1024.1,1015.1,50,78.8,63.6,63.1,3.3
1777834800,25.2,23.8,13.3,32.6,5.1,26.1,55,39.9,63.7,4.9,1006.1,1023.2,1014.8,50,78.8,63.7,63.1,2.8
1777838400,25,22.5,13.3,33.7,5.5,25.2,53.6,39.3,63.3,5.2,1005.9,1023,1014.6,50,78.8,63.3,62.6,2.1
1777842000,22.9,21.3,17,34.2,4.6,24.8,54,39.1,62.2,5.7,1006.7,1023,1014.9,48.9,77,62.2,61.6,3.6
1777845600,22.4,24.9,16.7,33.6,2.3,24.1,54,39.2,60.5,6.8,1006.9,1023.2,1015,48,75,60.5,59.7,4.6
1777849200,16,27.9,15.1,37.7,3.4,24.8,54,39.1,57.7,8.6,1007,1023.5,1015.3,46,70,57.7,56.7,8.4
1777852800,12.2,32.3,14.3,38.8,2.3,25,54,39.5,54.7,10.9,1007.9,1024.1,1015.8,44.6,66.2,54.6,53.5,15.1
1777856400,9.9,34.9,15.9,36.8,2.5,26.6,53.6,39.6,51.9,13.3,1008.3,1024.4,1016.3,42.1,63,51.9,50.7,25.7
1777860000,9.4,41.5,11.7,35.8,1.6,27.9,53.6,39.7,49.7,15.5,1007.8,1024.7,1016.2,39,61,49.7,48.4,35.2
1777863600,9.2,42.4,11.8,35.1,1.6,28.2,53.6,39.9,48.1,17,1008.1,1024.7,1016.3,37,59,48.1,46.8,39.6
1777867200,13.2,42.3,9.1,33.2,2.2,28.1,53.4,39.7,47,18.1,1007.9,1024.8,1016.2,35.5,58.5,47,45.5,40.1
1777870800,9.9,43.4,8.7,36.9,1.2,28,53.1,39.5,45.8,19.2,1007.6,1024.9,1016.1,34,57.9,45.8,44.2,40.6
1777874400,9.8,42.8,9.3,36.2,2,27,53.6,38.9,44.5,20.5,1007.1,1024.9,1016,32,55.9,44.5,42.9,43.6
1777878000,11,42.9,8.3,36.5,1.2,27,53.1,38.9,44,21,1007.1,1025.1,1015.9,32,55.9,44,42.2,41.3
1777881600,9.5,42,7.8,39.2,1.5,26.2,53.6,38.5,43.3,21.7,1007.1,1025.3,1016.2,30.9,55.4,43.3,41.4,41.5
1777885200,12.4,31.9,14.5,39.5,1.7,26.2,53.1,38.3,42.8,22.2,1007.2,1025.5,1016.3,30.2,55.4,42.8,41,42.1
1777888800,16,33.3,9.7,38.1,2.9,26.6,53.6,38.8,43.6,21.4,1007.7,1026,1016.8,31.1,55.9,43.6,41.7,35.5
1777892400,16.5,32.5,11.5,38.3,1.2,30,54,40.7,47,18,1007.8,1026.4,1017,36,59,47,44.9,27.9
1777896000,17.6,30,10.6,39.2,2.6,30.2,55.4,41.6,50.9,14.2,1007.6,1026.4,1017,41,62.6,50.9,49.3,27.2
1777899600,19.6,28,14,35.5,2.8,28.9,55.4,41.8,54.9,10.6,1007.6,1026.1,1017,46,66,54.9,53.6,16.1
1777903200,22.2,27,13.6,33.5,3.7,27.9,55.9,41.4,58.5,7.9,1007.3,1025.8,1016.7,47.8,71.1,58.5,57.5,7.5
1777906800,23,27.2,14.1,32.4,3.3,26.6,55.4,40.9,60.6,6.6,1007.3,1025.5,1016.4,48.2,73,60.5,59.8,5.4
1777910400,21.9,25.4,13.5,33.8,5.4,26.6,55.4,40.7,62.3,5.5,1006.8,1025.1,1015.8,50,75.2,62.2,61.6,2.6
1777914000,24.1,22.6,13.4,33.3,6.6,26.2,55,40.3,63.4,5,1006.6,1024.7,1015.5,50,77,63.4,62.8,3
1777917600,23.8,22.2,16.4,33.8,3.7,26.2,55.4,40.5,63.8,4.8,1006.2,1024.1,1015.1,50,78.8,63.8,63.4,3.7
1777921200,25.5,23.1,14,31.5,5.8,26.2,55.4,40.4,64,4.8,1006.1,1023.5,1015,50,79,64,63.4,2.8
1777924800,24.9,22,14.2,33.2,5.7,25.9,54,39.7,63.7,5,1005.8,1023,1014.7,50,79,63.6,63,2.1
1777928400,23.1,20.5,18,33.6,4.8,25,55,39.6,62.6,5.5,1006.5,1023.1,1014.8,48.9,77,62.6,62,3.6
1777932000,22.7,24.8,17,33.5,2.1,24.8,54,39.6,60.8,6.6,1006.8,1023.2,1014.9,48,75.2,60.8,60,4.1
1777935600,16.9,27.6,15.3,37.2,3,25,55,39.6,58.1,8.3,1006.8,1023.5,1015.2,46,71.6,58.1,57.1,8
1777939200,13.2,32.1,14.5,37.6,2.5,26.1,54,39.9,55.1,10.6,1007.7,1023.9,1015.7,44.6,68,55.1,53.9,13.7
1777942800,10.1,34.6,16.1,36.4,2.8,27.9,54,40.1,52.3,12.9,1008.1,1024.4,1016.2,42.1,64,52.3,51.1,24
1777946400,9.3,40.3,12.4,36.4,1.6,28.2,53.6,40.2,50.1,15.1,1007.7,1024.5,1016.1,39.2,61,50.1,48.8,34.3
1777950000,8.5,42.7,11.6,35.6,1.7,28.4,53.6,40.4,48.5,16.6,1007.6,1024.7,1016.2,37.4,60.8,48.5,47.2,38.8
1777953600,12.5,41.7,8.9,35,1.9,28.3,53.6,40.1,47.4,17.7,1007.3,1024.8,1016.1,35.7,59.3,47.4,46,39.6
1777957200,9.4,42.3,8.7,38.5,1.2,28.2,53.6,39.9,46.2,18.8,1006.9,1024.9,1016,34,57.9,46.2,44.7,40.5
1777960800,9.2,41.5,9.2,38.1,1.9,27.1,53.6,39.5,45.1,20,1006.4,1024.9,1015.9,33.1,57,45.1,43.5,42.7
1777964400,10.3,42.3,7.6,38.9,1,27,53.6,39.4,44.5,20.5,1006.5,1025.1,1015.8,32,57,44.5,42.7,41.9
1777968000,9.2,41.2,7.2,40.9,1.5,26.2,53.6,39,43.8,21.2,1006.6,1025.2,1016.1,30.9,55.9,43.8,41.8,41.1
1777971600,12.1,31.8,13.7,40.8,1.7,26.6,53.6,38.8,43.3,21.7,1006.7,1025.5,1016.1,30.9,57,43.3,41.5,41.1
1777975200,16.7,32.4,9.4,39.4,2.2,27.1,53.6,39.3,44.1,20.9,1007.1,1026,1016.7,32,57,44.1,42.2,33.7
1777978800,17.9,30.8,11.7,38.4,1.2,30.2,55.4,41.2,47.5,17.5,1007.4,1026.5,1016.9,37,59,47.5,45.5,28.2
1777982400,17.6,28.9,10.6,40.1,2.8,30.2,55.4,42,51.3,13.8,1007.5,1026.4,1016.9,41,62.6,51.3,49.8,25.8
1777986000,19,27.7,13.1,37.6,2.6,29.1,55.4,42.2,55.2,10.4,1007.5,1026.2,1016.9,46,66.2,55.2,53.9,16.7
1777989600,22,26.2,13.2,35.2,3.5,28,55.9,41.9,58.6,7.8,1006.9,1025.9,1016.5,48,71.1,58.6,57.7,7.5
1777993200,23,26.5,14.1,33.3,3.1,28,57,41.5,60.7,6.5,1007.2,1025.5,1016.3,48.2,73.4,60.6,59.9,5.4
1777996800,20.8,24.5,13.8,35.5,5.4,27,55.4,41.3,62.4,5.4,1006.5,1025.1,1015.7,50,75.2,62.4,61.8,2.6
1778000400,22.9,22,13.3,34.8,7.1,27,55.4,40.8,63.5,4.9,1006.6,1024.7,1015.5,50,77,63.5,62.9,2.5
1778004000,23.6,21,16.9,35.3,3.2,26.6,55.9,41,63.9,4.7,1006.2,1024.1,1015.1,50,78.8,63.9,63.4,3.5
1778007600,24.9,22.1,14.2,32.9,5.8,26.6,55.4,40.9,64,4.7,1006.1,1023.4,1014.9,51.1,79,64,63.5,2.8
1778011200,24.5,22,13.5,34.3,5.7,25.9,55.4,40.2,63.7,4.9,1005.8,1023.2,1014.6,50,79,63.7,63,2.3
1778014800,23,21.4,17.1,33.9,4.6,25,55.4,40,62.7,5.4,1006.4,1023.1,1014.8,48.9,77,62.7,62,3.6
1778018400,23.1,24.5,15.6,34.3,2.5,24.8,55.4,40.1,60.9,6.5,1006.4,1023.2,1014.9,48,75,60.9,60.1,4.1
1778022000,17.6,27.9,14.2,37.5,2.7,26.2,55.4,40,58.3,8.1,1006.6,1023.5,1015.2,46.9,71.6,58.3,57.4,8
1778025600,13.4,30.9,15,38.3,2.3,26.2,55,40.3,55.2,10.4,1007.5,1023.9,1015.7,45,66.9,55.2,54.1,13.7
1778029200,10.6,33.9,15.9,36.3,3.2,28,55,40.4,52.6,12.7,1007.7,1024.4,1016.1,42.1,64.4,52.6,51.3,22.9
1778032800,8.6,39.4,13.3,36.1,2.6,28.4,54,40.6,50.4,14.8,1007.4,1024.7,1016.1,39.2,62.1,50.4,49.1,34.8
1778036400,8.7,42.1,12,35.8,1.4,28.9,54,40.7,48.7,16.4,1007.5,1024.7,1016.2,37.4,60.8,48.7,47.4,39.7
1778040000,12,42.9,9.1,34.3,1.7,28.6,53.8,40.5,47.6,17.5,1007.1,1025,1016,36.3,59.9,47.6,46.2,40.1
1778043600,8.7,42.4,10.1,37.8,1,28.4,53.6,40.3,46.5,18.6,1006.7,1025.2,1015.9,35.1,59,46.5,45,40.5
1778047200,9.6,42.5,8.8,37.6,1.5,27.1,53.6,39.8,45.3,19.7,1006.2,1025.2,1015.9,33.1,57.2,45.3,43.8,42.9
1778050800,9.1,43,8.4,38.3,1.2,27.1,54,39.7,44.8,20.2,1006.1,1025.1,1015.8,32,57.2,44.8,43.1,43.3
1778054400,7.7,41.6,8.2,40.6,1.7,26.2,53.6,39.2,44,21,1006.5,1025.3,1016.1,30.9,57,44,42.1,42.3
1778058000,12,32.8,13.6,39.7,1.9,26.6,53.6,39.1,43.6,21.5,1006.7,1025.5,1016.1,30.9,57,43.5,41.8,41.1
1778061600,17.1,32.9,10,37.8,2.2,27.1,54,39.6,44.4,20.6,1007,1026,1016.7,32,57.2,44.4,42.6,34.7
1778065200,17.7,31.4,12.2,37.4,1.2,30.2,55.4,41.5,47.9,17.1,1007.1,1026.4,1016.9,37,59.9,47.9,46,28.8
1778068800,16,29.6,10.8,40.6,3.1,30.2,55.9,42.3,51.7,13.5,1007.4,1026.3,1016.9,42.1,62.6,51.6,50.2,25.2
1778072400,18.5,27.7,13.1,38,2.6,30.2,55.9,42.5,55.5,10,1007.5,1025.9,1016.8,46.4,66.2,55.5,54.3,16.7
1778076000,22.2,26.2,13.9,34,3.7,28.2,57,42.2,59,7.4,1007,1025.8,1016.6,48,71.1,59,58.1,7.3
1778079600,23.5,27.3,13.6,32.5,3.1,28,57,41.9,61.1,6.1,1007.3,1025.4,1016.3,48.9,73.9,61,60.4,5.7
1778083200,21.5,25.8,13.1,34.7,4.9,27.1,55.4,41.6,62.8,5.1,1006.2,1024.9,1015.7,50,75.9,62.8,62.2,2.1
1778086800,22.6,23.1,13,34.5,6.8,27,55.4,41.1,63.8,4.6,1006.6,1024.5,1015.4,50,77.9,63.8,63.3,2.8
1778090400,21.5,21.8,17.6,35.6,3.5,27,57,41.3,64.3,4.4,1006.3,1024,1015.2,50.9,78.8,64.3,63.8,4.2
1778094000,23.7,23,15,32.8,5.6,27,55.9,41.2,64.3,4.5,1006.1,1023.3,1014.9,51.1,79,64.3,63.8,2.8
1778097600,24.3,22.7,14,33.7,5.3,26.1,55.4,40.5,63.9,4.7,1005.8,1022.8,1014.5,50,79,63.9,63.3,2.3
1778101200,22.9,22,17.7,33.5,3.9,25.2,55.4,40.4,63,5.1,1006.2,1022.9,1014.7,50,77,63,62.4,4.1
1778104800,24.1,24.4,14.9,33.8,2.8,24.8,55.4,40.4,61.2,6.1,1006.1,1022.9,1014.8,48.9,75,61.2,60.5,4.1
1778108400,18.2,28.3,13.8,36.4,3.2,26.6,55.4,40.5,58.6,7.7,1006.5,1023.2,1015.2,48,71.6,58.6,57.8,7.6
1778112000,13.4,31.3,15.5,37.3,2.5,27,55.4,40.7,55.5,10.1,1007.5,1023.7,1015.7,45,66.9,55.5,54.5,13.8
1778115600,10.9,34.9,16.3,34.4,3.5,28.2,55.4,40.9,52.9,12.4,1007.9,1024.2,1016.1,43,64.4,52.9,51.8,24.9
1778119200,8.7,40.8,13.4,34.9,2.1,28.9,54,41,50.6,14.6,1007.7,1024.3,1016,39.9,62.1,50.6,49.4,34.8
1778122800,8.9,43,11.7,35.2,1.2,29.1,54,41.1,49,16.1,1007.6,1024.6,1016.2,37.9,60.8,49,47.8,39.9
1778126400,12.5,43.5,8.9,33.4,1.7,29,54,40.9,47.9,17.3,1007.2,1024.7,1016,36.5,59.9,47.9,46.6,40.3
1778130000,8.9,43.7,9.4,36.7,1.2,28.9,54,40.7,46.7,18.4,1006.8,1024.7,1015.9,35.1,59,46.7,45.4,40.6
1778133600,9.6,44,8.6,36.4,1.5,28,53.6,40.1,45.5,19.5,1006.5,1024.9,1015.9,33.1,57.2,45.5,44,43.5
1778137200,9.6,44.1,7.8,37.3,1.2,27.1,54,40,45,20,1006.5,1025,1015.8,33.1,57.2,45,43.3,42.9
1778140800,8,42.8,7.5,40,1.7,26.6,54,39.6,44.2,20.8,1006.6,1025.1,1016.1,32,57,44.2,42.4,41.9
1778144400,12.1,32.9,12.8,40.1,2.2,27,53.6,39.6,43.8,21.2,1006.7,1025.1,1016.1,31.1,57,43.8,42.1,42.2
1778148000,17.1,32.8,10.3,37.7,2.2,28.2,55,40,44.7,20.3,1007.2,1025.8,1016.7,33.1,57.2,44.7,43,35.7
1778151600,17.8,31,12.3,37.5,1.4,30.2,55.4,41.9,48.1,16.9,1007.5,1026.2,1016.8,37.4,59.9,48.1,46.2,29.1
1778155200,17.4,28.4,11.5,39.4,3.3,30.2,57,42.8,51.9,13.2,1007.5,1026.2,1016.8,42.8,62.6,51.9,50.5,25.5
1778158800,20,27.2,13.4,36.9,2.6,30.9,55.9,43,55.9,9.7,1007.5,1025.8,1016.8,46.4,66.9,55.9,54.7,16.5
1778162400,22.9,25.2,14.4,33.8,3.7,28.4,57.2,42.7,59.3,7.2,1007.3,1025.6,1016.5,48.2,71.6,59.3,58.4,7.3
1778166000,24.7,25.9,14.8,31.3,3.3,28.2,57,42.3,61.4,5.9,1007.4,1025.2,1016.2,50,75,61.3,60.7,5.4
1778169600,23.7,24.2,14.1,33.1,4.9,28,55.4,41.9,63.1,4.9,1006.5,1024.7,1015.6,50,75.9,63.1,62.5,2.6
1778173200,23.4,22,13.5,33.7,7.3,27.1,57,41.5,64.2,4.4,1006.6,1024.1,1015.3,51.1,78.1,64.2,63.7,2.8
1778176800,24.1,20.6,17.6,34.5,3.2,27,57.2,41.7,64.6,4.3,1006.5,1023.6,1015.2,51.1,78.8,64.6,64.2,3.7
1778180400,25.5,22.2,15.5,31.4,5.4,27,55.9,41.7,64.6,4.4,1006.1,1022.9,1014.9,51.1,79,64.6,64.2,3.3
1778184000,25.7,21.6,14.5,33.1,5.1,26.2,55.4,40.9,64.2,4.6,1005.8,1022.5,1014.5,50,79,64.2,63.6,2.8
1778187600,24.8,20.9,17.5,32.6,4.1,26.2,55.4,40.9,63.3,5,1006.3,1022.7,1014.7,50,77,63.3,62.7,4.3
1778191200,25.6,23.3,14.5,33.3,3.2,25.2,55.9,40.9,61.5,6,1006.1,1022.6,1014.8,48.9,75.2,61.5,60.8,4.1
1778194800,18.2,27.2,14.1,36.9,3.7,27.1,55.4,40.9,58.9,7.5,1006.5,1022.9,1015.1,48,72,58.9,58.1,7.6
1778198400,15,30.6,15.5,36.1,2.8,28.2,55.4,41.1,55.7,9.9,1007.3,1023.2,1015.6,45,68,55.7,54.8,13.5
1778202000,12.6,33.3,16.6,33.8,3.7,28.4,55.4,41.3,53.2,12.1,1007.8,1023.8,1016,43,64.4,53.2,52.1,23.3
1778205600,9.4,39.3,14.4,34.4,2.6,28.9,55,41.4,51,14.2,1007.7,1024,1015.9,39.9,62.6,51,49.8,34.3
1778209200,9.4,42.9,12.2,34.4,1.2,29.1,55,41.4,49.3,15.8,1007.5,1024.4,1016.1,37.9,60.8,49.3,48.1,40
1778212800,12.2,43.2,9.6,33.1,1.9,29,54.5,41.2,48.1,17,1007.1,1024.5,1016,36.5,59.9,48.1,46.9,40.5
1778216400,9,43.8,9.4,36.6,1.2,28.9,54,41,46.9,18.2,1006.7,1024.6,1015.9,35.1,59,46.9,45.6,41.1
1778220000,8.9,44.3,7.9,37.4,1.5,28.2,54,40.5,45.8,19.2,1006.4,1024.5,1015.8,33.8,57.9,45.8,44.4,44.8
1778223600,9,44.3,8,38.1,0.7,28,54,40.3,45.3,19.7,1006.3,1024.7,1015.7,33.1,57.9,45.3,43.8,42.4
1778227200,8.6,41.3,7.8,39.8,2.5,27.9,54,40,44.5,20.5,1006.6,1024.8,1016,32,57.2,44.5,42.7,41.8
1778230800,13.9,31.1,12.9,39.4,2.7,28,53.6,40,44.2,20.8,1006.8,1025,1016.1,32,57.2,44.2,42.5,41.1
1778234400,17.7,32.2,9.8,38.1,2.2,28.4,55,40.6,45.2,19.8,1007.3,1025.6,1016.6,33.1,57.9,45.2,43.5,35.6
1778238000,18.8,29.6,12.8,37.3,1.4,30.9,55.4,42.3,48.5,16.6,1007.5,1025.9,1016.8,37.9,60.1,48.5,46.7,29.8
1778241600,17.5,28.2,11.6,39.1,3.6,31.1,57,43.2,52.2,13,1007.5,1025.8,1016.8,43,62.6,52.2,50.8,24.6
1778245200,20.6,26.7,13.8,36.5,2.3,31.1,57,43.5,56.2,9.5,1007.5,1025.8,1016.7,46.9,68,56.2,55.1,17.1
1778248800,24.4,24.6,14.2,33.2,3.7,28.9,57.2,43,59.5,7.1,1007.3,1025.5,1016.5,48.9,72,59.5,58.7,6.3
1778252400,26.2,25,14.2,30.4,4.2,28.4,57,42.6,61.6,5.8,1007.5,1025,1016.2,50,75,61.5,60.9,5.7
1778256000,24.4,23.2,14.1,33,5.4,28.2,55.9,42.3,63.3,4.7,1006.8,1024.6,1015.6,51.1,77,63.3,62.8,3
1778259600,24.3,21.5,13.3,33,8,27.1,57,42,64.3,4.3,1006.8,1024,1015.4,51.8,78.1,64.3,63.9,2.8
1778263200,23.4,20.1,18.1,34.5,3.9,27.1,57,42.1,64.8,4.1,1006.5,1023.5,1015.2,52,79,64.8,64.3,3.9
1778266800,24.8,22.4,15.7,32,5.1,27.9,57,42,64.8,4.2,1006.5,1022.9,1014.9,51.1,79,64.8,64.3,3.3
1778270400,24.8,21.8,14.5,33.8,5.1,26.6,55.9,41.3,64.3,4.5,1006,1022.5,1014.6,50.9,79,64.3,63.7,3
1778274000,23.5,21.4,18,32.9,4.1,26.6,55.9,41.3,63.4,4.9,1006.3,1022.7,1014.7,50,77,63.4,62.9,3.9
1778277600,24.5,22.9,15.5,33.8,3.2,26.6,55.9,41.3,61.7,5.9,1006.1,1022.6,1014.8,48.9,75.9,61.6,60.9,4.2
1778281200,18.1,27.5,14.1,36.8,3.5,27.1,55.4,41.3,59.1,7.4,1006.5,1022.9,1015.2,48,72,59.1,58.3,6.9
1778284800,15.3,30.9,14.8,36,3,28.2,55.4,41.6,55.9,9.8,1006.8,1023.2,1015.6,46,68,55.9,55,13.3
1778288400,12.8,33.6,15.2,35,3.5,28.9,55.4,41.8,53.4,11.9,1007.6,1023.8,1016.1,43,64.4,53.4,52.3,22.3
1778292000,9,40.1,13.4,35.4,2.1,30,55.4,41.8,51.2,14,1007.4,1024,1016,39.9,62.6,51.2,50.1,34.4
1778295600,8.7,42.4,12.2,35.5,1.2,30.2,55,41.8,49.5,15.6,1007.4,1024.4,1016.1,37.9,61,49.5,48.3,38.5
1778299200,12.3,41.9,8.7,35.1,1.9,30.1,55,41.6,48.3,16.8,1007,1024.5,1016,36.5,60,48.3,47.1,39.3
1778302800,8.7,42.5,9.5,38.1,1.2,30,55,41.4,47.1,17.9,1006.6,1024.6,1016,35.1,59,47.1,45.9,40.1
1778306400,9.4,41.7,8.1,39,1.7,28.4,54,40.8,46.1,18.9,1005.9,1024.4,1015.8,34,57.9,46.1,44.7,44.2
1778310000,8.9,43.2,7.9,39.3,0.7,28.4,54.9,40.7,45.7,19.3,1006,1024.7,1015.7,33.1,57.9,45.7,44.2,40.7
1778313600,8.8,39.5,8.3,40.8,2.8,28.2,55,40.4,44.9,20.1,1006.6,1024.7,1016,32,57.9,44.9,43.2,42.1
1778317200,13.3,30.1,13.1,40.8,2.7,28.2,54,40.3,44.6,20.5,1006.7,1025,1016.1,32,57.2,44.6,43,40.3
1778320800,16.4,30.6,9.6,41.2,2.2,28.4,55,41,45.5,19.5,1007,1025.6,1016.7,33.1,57.9,45.5,43.9,35.4
1778324400,17.9,28.3,13,39.4,1.4,30.9,55.9,42.7,48.7,16.4,1007.1,1025.9,1016.8,37.9,59.9,48.7,47,29.4
1778328000,17.1,26.9,12.1,41,2.9,32,57.2,43.6,52.4,12.8,1007.5,1026.2,1016.9,43,62.6,52.4,51.1,24.1
1778331600,20.9,25.4,13.1,38.5,2.1,32,57.2,43.8,56.2,9.4,1007.5,1025.8,1016.8,46.9,66.9,56.2,55.2,16.5
1778335200,23.4,24.4,13.5,35.3,3.5,28.9,57.9,43.4,59.5,7.1,1007.3,1025.6,1016.6,48.2,71.6,59.5,58.7,6.1
1778338800,24.5,24.9,13.6,32.9,4,28.4,57.2,43.1,61.5,5.8,1007.3,1025.2,1016.3,50,75,61.4,60.8,5.7
1778342400,23.2,22.8,14.1,35,4.9,28.4,57,42.7,63.2,4.8,1006.7,1024.7,1015.8,50.9,77,63.2,62.7,3.3
1778346000,24.3,21.1,13,34.1,7.6,28,57.2,42.4,64.2,4.4,1006.8,1024.3,1015.5,51.1,78.1,64.2,63.8,2.5
1778349600,23.7,19.7,16.7,36,3.9,27.9,57.2,42.4,64.7,4.2,1006.8,1023.9,1015.4,52,79,64.7,64.3,4
1778353200,25.6,22.8,14.7,32.6,4.4,27.9,57.2,42.4,64.7,4.2,1006.5,1023.1,1015,51.1,79,64.7,64.2,2.6
1778356800,25.5,22.5,13.3,34.5,4.1,26.6,57,41.8,64.3,4.5,1006.2,1022.7,1014.7,50,79,64.3,63.7,3
1778360400,24.2,21.5,17.3,33.3,3.7,26.6,55.9,41.7,63.5,4.9,1006.4,1022.8,1014.8,50,77,63.5,62.9,3.7
1778364000,25.3,22.6,15.1,34,3,27,55.9,41.7,61.8,5.9,1006.4,1022.8,1014.9,48.9,75.9,61.7,61,3.7
1778367600,19,26.9,13.5,36.7,3.9,27.1,55.9,41.7,59.2,7.4,1006.5,1023.1,1015.3,48,72,59.2,58.4,6.9
1778371200,16.5,30.6,15.3,34.6,3,28.2,55.4,42,56,9.7,1006.7,1023.4,1015.7,45.9,68,56,55.1,14.3
1778374800,12.9,33.6,15.4,34.3,3.7,29.1,55.4,42.1,53.5,11.8,1007.5,1024.1,1016.2,43,64.9,53.5,52.4,23.7
1778378400,9.4,39.9,13.4,35.1,2.1,30,55.4,42.2,51.3,13.9,1007.3,1024.2,1016.1,39.9,62.6,51.3,50.2,35.7
1778382000,8.7,41.8,12.8,35.5,1.2,30.2,55.4,42.2,49.6,15.5,1007.3,1024.6,1016.3,37.9,61,49.6,48.5,38.6
1778385600,12.2,42.3,9.2,34.3,1.9,30.1,55.2,42,48.4,16.6,1006.9,1024.6,1016.2,36.5,60,48.4,47.3,39.8
1778389200,9.2,42,9,38.3,1.5,30,55,41.7,47.2,17.8,1006.5,1024.6,1016.1,35.1,59,47.2,46,41
1778392800,9.6,41.4,8.1,39.4,1.5,28.4,54,41.1,46.2,18.8,1005.7,1024.7,1015.9,34,59,46.2,44.9,44
1778396400,9.5,43,7.2,39.3,1,28.4,54,41,45.8,19.2,1006,1024.8,1015.9,33.1,57.9,45.8,44.4,40.8
1778400000,8.8,39.3,8.3,41.1,2.5,28.4,55,40.7,45.1,19.9,1006.4,1025,1016.2,32,57.9,45.1,43.4,42.2
1778403600,14,29.9,12.3,41.4,2.5,28.4,54,40.7,44.7,20.3,1006.7,1025.1,1016.3,32,57.2,44.7,43.2,40.4
1778407200,15.8,30,9.4,42.6,2.2,29.8,55,41.4,45.8,19.2,1006.6,1025.8,1016.9,33.1,57.9,45.8,44.2,35.7
1778410800,17.6,28.4,13.2,39.4,1.5,32,55.9,43,48.9,16.2,1006.6,1026.2,1016.9,37.9,60.1,48.9,47.3,30.6
1778414400,16.3,27.5,12.4,40.9,2.9,32,57,43.9,52.6,12.6,1007.2,1026.2,1017.1,43,63,52.6,51.4,24.1
1778418000,19.8,26.4,12.5,38.8,2.6,32,57.2,44.1,56.5,9.2,1007.5,1025.9,1017,46.9,66.9,56.5,55.5,16.3
1778421600,22.8,25.1,13,35.1,4,28.9,57.9,43.7,59.7,6.9,1007,1025.9,1016.7,48.9,71.6,59.7,59,6.8
1778425200,23.5,24.9,14.8,32.2,4.5,28.9,57.2,43.4,61.8,5.6,1007.3,1025.5,1016.4,50,75,61.7,61.2,5.2
1778428800,22.8,22.8,14.1,34.8,5.4,28.9,57.2,43.1,63.6,4.6,1006.7,1025,1015.9,51.1,77,63.6,63.1,3.5
1778432400,23.7,21.4,12.4,34.7,7.8,28.2,57.2,42.8,64.5,4.2,1006.8,1024.5,1015.6,52,78.1,64.5,64.1,2.5
1778436000,23,20.2,17.2,35.8,3.7,28,57.2,42.8,64.9,4,1007,1024.1,1015.5,52,78.8,64.9,64.5,3.7
1778439600,25.1,23.5,14.7,32.6,4.2,27.9,57.2,42.8,65,4.1,1006.5,1023.3,1015.1,51.8,79,64.9,64.5,3
1778443200,25.7,22.1,13.8,34.3,4.1,27,57.2,42.2,64.5,4.4,1006.2,1023,1014.9,51.1,79,64.5,63.9,3
1778446800,23.6,22.2,16.9,33.3,3.9,27,57,42.2,63.8,4.7,1006.2,1022.9,1014.9,50,78.1,63.8,63.3,3.7
1778450400,25.3,22.8,14,34,4,27,57,42,62,5.7,1006.4,1022.9,1015,48.9,75.9,61.9,61.3,3.3
1778454000,19,27.6,13.2,36.4,3.7,27.1,57,42.1,59.5,7.1,1006.4,1023.2,1015.3,48,73,59.5,58.8,6.5
1778457600,16.2,30.6,16,34.1,3,28.2,55.4,42.3,56.3,9.5,1006.7,1023.5,1015.8,46,68,56.3,55.4,13.2
1778461200,11.9,34.5,15.6,34.3,3.7,29.1,55.4,42.5,53.7,11.6,1007.5,1024.1,1016.2,43,64.4,53.7,52.7,23.5
1778464800,8.5,39.9,13.9,35.8,1.9,30,55.4,42.6,51.5,13.7,1007.3,1024.3,1016.2,39.9,62.6,51.5,50.5,35.2
1778468400,7.6,41.8,12.8,36.1,1.7,30.2,55.4,42.6,49.9,15.2,1007.4,1024.6,1016.4,37.9,61,49.9,48.8,39.4
1778472000,11.6,41.4,9.4,35.4,2.2,30.2,55.2,42.4,48.7,16.4,1007,1024.7,1016.3,36.8,60,48.7,47.6,40.3
1778475600,8.5,41.5,8.7,39.8,1.5,30.2,55,42.1,47.5,17.5,1006.6,1024.8,1016.1,35.6,59,47.5,46.4,41.1
1778479200,8.8,41.3,8.1,40,1.7,28.4,54,41.6,46.6,18.4,1005.7,1024.7,1016,34,59,46.6,45.3,44.1
1778482800,9.7,43.1,6.2,39.9,1,28.9,54,41.4,46.1,18.9,1006,1024.8,1015.9,33.1,57.9,46.1,44.7,40.5
1778486400,8.6,38.7,8.4,42.3,2,28.9,55,41.1,45.4,19.6,1006.4,1025,1016.3,33.1,57.9,45.4,43.7,42.3
1778490000,14.2,29.4,12,41.9,2.5,28.9,54,41.1,45,20,1006.7,1025.1,1016.3,32,57.9,45,43.5,40.7
1778493600,15.4,29.5,9.9,43.2,2,30.2,55,41.8,46.1,18.9,1006.6,1025.7,1016.8,33.8,57.9,46.1,44.5,36.2
1778497200,16.8,27.5,14.4,39.7,1.7,32,55.9,43.4,49.2,15.8,1006.6,1026.2,1016.9,37.9,60.1,49.2,47.7,32.8
1778500800,15.3,26.7,13.6,41.5,2.9,32,57.2,44.4,52.9,12.3,1007.2,1026.2,1017,43,63,52.9,51.7,24.4
1778504400,20,25.7,11.6,39.4,3.3,32,57.9,44.5,56.7,9,1007.5,1025.9,1016.8,46.9,68,56.7,55.7,15.7
1778508000,22.1,25.2,12.4,36.1,4.2,29.1,59,44.1,59.9,6.8,1007.3,1025.9,1016.6,48.9,72,59.9,59.2,7.7
1778511600,22.1,23.2,15.5,34.7,4.5,28.9,57.2,43.8,61.9,5.6,1007.4,1025.3,1016.3,50,75.2,61.8,61.3,5.2
1778515200,23,21.1,14.5,36,5.5,28.9,57.2,43.7,63.8,4.6,1007,1025,1015.9,52,77,63.7,63.3,3.8
1778518800,24.2,20.6,12.2,35.3,7.6,28.4,57.2,43.3,64.6,4.2,1007,1024.7,1015.6,52,78.8,64.6,64.2,2.8
1778522400,23.7,19.7,16.9,36,3.7,28,57.2,43.3,65.1,4,1007,1024.1,1015.5,53.1,79,65.1,64.7,3.5
1778526000,24.8,22.7,14.7,33.6,4.2,28.2,57.2,43.3,65.1,4.1,1006.5,1023.3,1015.1,52,79,65.1,64.7,2.8
1778529600,25.3,21.3,13.9,35.5,3.9,27,57.2,42.6,64.6,4.4,1006.2,1023,1014.8,51.1,79,64.6,64.1,3.3
1778533200,23.4,22,16.7,33.6,4.2,27.1,57.2,42.8,64,4.6,1006.2,1022.9,1014.8,51.8,78.8,64,63.6,3.2
1778536800,24.9,22.1,14.9,34,4.2,27.1,57.2,42.4,62.2,5.6,1006.4,1023,1014.9,50,75.9,62.2,61.6,2.8
1778540400,19.5,26.7,13.7,36.4,3.7,27.1,57,42.5,59.8,7,1006.4,1023.2,1015.2,48.2,73,59.8,59.1,5.8
1778544000,16.6,30.5,16.1,33.6,3.3,28.2,55.9,42.7,56.5,9.3,1006.7,1023.8,1015.7,46,68,56.5,55.7,13.9
1778547600,12.4,33.9,15.4,34.6,3.7,29.1,55.9,42.9,53.9,11.4,1007.5,1024.3,1016.1,43,64.9,53.9,53,23.4
1778551200,9,38.3,14.2,36.4,2.1,30.2,55.4,43,51.8,13.4,1007.2,1024.5,1016.1,39.9,63,51.8,50.8,34.1
1778554800,8.3,40,12.8,36.9,2.1,30.2,55.4,43,50.2,14.9,1007.4,1024.7,1016.3,37.9,61,50.2,49.2,38.1
1778558400,12.6,39.8,9.7,35.7,2.2,30.2,55.2,42.8,49,16,1007,1024.8,1016.2,37,60,49,48,39.3
1778562000,8,39.9,9.2,41.1,1.7,30.2,55,42.5,47.9,17.1,1006.6,1024.9,1016.1,36,59,47.9,46.8,40.4
1778565600,8.4,39.8,8.4,41.5,2,30,55,42.1,47,18,1005.7,1024.7,1015.9,35.1,59,47,45.8,44.8
1778569200,10,41.4,6.7,40.4,1.5,29.1,55,41.9,46.5,18.5,1005.9,1024.8,1015.9,34,59,46.5,45.2,40.6
1778572800,9.1,36.4,9.3,43.2,2,28.9,55,41.5,45.8,19.2,1006.4,1024.9,1016.1,33.8,57.9,45.8,44.2,42.8
1778576400,14.9,27.3,12.7,43.2,2,29.1,55,41.6,45.4,19.6,1006.7,1025.1,1016.2,32,57.9,45.4,44,41.9
1778580000,15.1,28.2,9.7,45,2,30.2,55.4,42.3,46.6,18.4,1006.4,1025.6,1016.6,34,59,46.6,45.1,36.8
1778583600,17.1,25.6,14.5,40.8,1.9,32,55.9,43.9,49.6,15.5,1006.3,1026.2,1016.7,39,60.8,49.6,48.1,32.2
1778587200,15.5,25,14.3,42.4,2.9,32,57.2,44.8,53.3,12,1006.5,1026.3,1016.8,44.1,64,53.3,52.1,23.6
1778590800,20.9,24.4,12.1,39.8,2.8,32,57.9,45,57,8.8,1007.2,1026,1016.7,46.9,68,57,56.1,15.6
1778594400,21.9,23.5,13.1,37.5,4,30.2,59,44.6,60.1,6.7,1006.6,1026,1016.5,48.9,73,60.1,59.4,7.5
1778598000,22.8,21.6,15.3,35.5,4.7,30,59,44.2,62,5.6,1007.1,1025.3,1016.2,50,75.2,61.9,61.4,5.2
1778601600,22.8,20.7,13.8,37.5,5.2,30,59,44.2,63.9,4.5,1006.7,1025,1015.8,51.1,77,63.8,63.4,4.3
1778605200,24.1,20.2,11.9,36.9,6.9,29.1,57.9,43.8,64.7,4.2,1006.6,1024.8,1015.5,52,78.8,64.7,64.3,2.8
1778608800,23.4,19.2,16.4,37,3.9,28.9,57.2,43.9,65.3,4,1006.5,1024.3,1015.4,52.9,79,65.3,64.9,3.5
1778612400,24.8,21.5,14.5,35,4.2,28.9,57.9,43.8,65.3,4.1,1006,1023.4,1015,52,79.9,65.3,64.9,2.8
1778616000,26,20.9,13.7,35.6,3.7,28.4,57.2,43.2,64.8,4.3,1006,1023,1014.7,51.1,79,64.8,64.3,3.5
1778619600,23.7,21.9,16,34,4.4,29.1,57.2,43.4,64.3,4.5,1005.7,1022.9,1014.6,51.1,78.8,64.3,63.8,3.7
1778623200,24.8,21.8,14.5,34.4,4.4,28.4,57.2,43,62.5,5.5,1005.8,1023.1,1014.8,50,75.9,62.4,61.9,2.6
1778626800,21.3,25.5,13.5,36,3.7,28.4,57.2,43,60,6.8,1006.2,1023.3,1015.1,48.2,73,60,59.3,6.5
1778630400,17.5,30.3,16.1,32.9,3.3,28.9,55.9,43.3,56.7,9.2,1006.4,1023.9,1015.6,46,68,56.7,55.9,14.2
1778634000,12.1,33.9,15.4,35,3.5,30,55.9,43.4,54.1,11.3,1007.3,1024.4,1016,43,64.9,54.1,53.2,23.5
1778637600,9,37.4,14.4,37.1,2.1,30.2,55.4,43.5,52,13.2,1007,1024.5,1016,39.9,63,52,51.1,33.7
1778641200,9,39.4,12.4,36.8,2.4,30.9,55.4,43.4,50.4,14.7,1007.2,1024.7,1016.2,37.9,61,50.4,49.4,37.3
1778644800,12.1,39.3,9.5,36.9,2.2,30.9,55.4,43.1,49.3,15.8,1006.9,1024.8,1016.1,37,60.5,49.3,48.3,39
1778648400,8.8,40,9,40.7,1.5,30.9,55.4,42.9,48.1,16.9,1006.5,1025,1016,36,60.1,48.1,47.1,40.7
1778652000,8.4,40,8.7,40.9,2,30.2,55.4,42.5,47.3,17.7,1005.7,1024.9,1015.8,35.6,59,47.3,46.1,43
1778655600,9.8,41.8,7.1,39.8,1.5,30.2,55,42.2,46.7,18.3,1005.8,1024.8,1015.8,34,59,46.7,45.4,41.2
1778659200,9.2,36.6,9.7,42.5,2,29.1,55,42,46.1,18.9,1006,1025,1016.1,34,57.9,46.1,44.5,42.9
1778662800,14.3,27.8,12,44,2,29.8,55,42,45.7,19.3,1005.8,1025.1,1016.1,32.9,57.9,45.7,44.3,41.4
1778666400,15.2,27.9,9.2,45.6,2,30.9,55.4,42.8,46.9,18.1,1006,1025.6,1016.5,35.1,59,46.9,45.4,36.2
1778670000,17.6,25.9,14.4,40.2,2,32,57,44.3,49.9,15.2,1006.2,1026.2,1016.6,39.2,60.8,49.9,48.4,31
1778673600,16.6,25.2,13.3,41.8,3.1,32,57.2,45.1,53.6,11.8,1006.3,1026.3,1016.8,44.1,64.4,53.5,52.4,22.2
1778677200,20.6,24.8,12.1,39.7,2.8,32,59,45.3,57.2,8.7,1007.1,1026.1,1016.6,46.9,69.1,57.2,56.3,15.3
1778680800,22,23.2,13.7,37.4,3.7,31.1,60.1,45,60.4,6.6,1006.4,1026.1,1016.4,48.9,73.4,60.3,59.7,7.4
1778684400,23.5,21.1,15.7,35.2,4.5,30.2,59,44.6,62.2,5.5,1006.9,1025.7,1016.1,50,75.9,62.1,61.6,5.2
1778688000,23.7,20.6,13.7,36.7,5.2,30.2,59,44.6,64.2,4.5,1006.5,1025.1,1015.7,51.8,78.8,64.1,63.7,4.3
1778691600,24.1,20,12.9,36.1,6.9,29.8,59,44.2,65,4.1,1006.1,1025,1015.4,52,79.9,65,64.6,2.5
1778695200,23.5,19.6,16.4,36.4,4.1,30,57.2,44.3,65.6,3.9,1006.3,1024.4,1015.3,53.1,80.1,65.5,65.1,3.2
1778698800,23.7,22.1,14.4,35.8,4,29.8,57.9,44.2,65.6,4,1005.9,1023.8,1014.9,52,80.1,65.6,65.2,2.1
1778702400,26,21.4,13.7,35.1,3.7,28.4,57.9,43.6,65.1,4.2,1005.8,1023.2,1014.7,51.1,79,65.1,64.6,4
1778706000,24.8,22.5,15.3,33.3,4.2,30.2,57.9,43.7,64.6,4.4,1005.7,1023.2,1014.6,51.8,78.8,64.6,64.2,4.1
1778709600,25.5,21.7,14,34.1,4.7,28.9,57.2,43.3,62.8,5.3,1005.8,1023.2,1014.8,50,77,62.8,62.2,2.1
1778713200,20.4,25.8,13.7,36.4,3.7,28.9,57.2,43.4,60.3,6.6,1006.1,1023.4,1015.1,48.9,73,60.3,59.6,6.2
1778716800,16.8,30.8,16.3,32.9,3.3,29.1,57,43.6,56.9,9,1006.4,1023.9,1015.5,46,68,56.9,56.2,14.7
1778720400,11.7,34.9,15,35.1,3.3,30.2,57,43.8,54.3,11.1,1007.3,1024.4,1015.9,43,64.9,54.3,53.4,22.8
1778724000,8.9,37.6,14.3,37.1,2.1,30.2,55.9,43.7,52.2,13.1,1006.9,1024.7,1016,39.9,63.9,52.2,51.3,33.3
1778727600,8.5,40.8,11.1,37.2,2.4,30.9,55.4,43.7,50.7,14.5,1007,1024.8,1016.2,37.9,62.1,50.7,49.7,37.1
1778731200,11.9,40,9.2,36.9,1.9,30.9,55.4,43.5,49.5,15.7,1006.8,1024.8,1016.2,37,61.1,49.5,48.5,38.7
1778734800,9.2,40,9,39.8,1.9,30.9,55.4,43.2,48.3,16.8,1006.5,1024.9,1016.1,36,60.1,48.3,47.2,40.2
1778738400,8.6,40,8.4,41,2,30.2,55.4,42.8,47.4,17.6,1005.7,1024.7,1015.8,35.6,59,47.4,46.3,41.2
1778742000,10.5,42.1,7,38.3,2,30.2,55,42.4,46.8,18.2,1005.7,1024.8,1015.9,34,59,46.8,45.5,40.9
1778745600,9.6,37.6,9.6,41.1,2,30,55.4,42.1,46.2,18.9,1005.8,1025,1016.2,34,59,46.2,44.6,42.8
1778749200,13.4,28.4,12.5,43.5,2.2,29.8,55,42.1,45.8,19.2,1005.8,1025.1,1016.1,33.1,57.9,45.8,44.3,41.3
1778752800,15.3,29.2,9.2,44.6,1.7,30.9,55.4,42.9,47,18,1005.8,1025.7,1016.6,35.1,59,47,45.5,36.4
1778756400,18.2,26.2,14,39.7,1.9,32,57,44.5,50,15.1,1006,1026.2,1016.7,39.2,61,50,48.5,29.5
1778760000,16.5,25.3,13.5,41.8,2.8,32,57.2,45.3,53.8,11.6,1006,1026.2,1016.8,44.6,64.4,53.7,52.6,22.2
1778763600,20.6,24.3,12.8,39,3.3,32,59,45.5,57.5,8.5,1006.7,1026,1016.6,46.9,69.1,57.4,56.6,14.8
1778767200,22.4,23.5,13.8,36.6,3.7,31.1,60.1,45.3,60.6,6.4,1006.4,1025.9,1016.4,48.9,73.4,60.6,60,8.1
1778770800,23.2,21.1,16.2,35,4.5,30.2,59,44.9,62.5,5.4,1006.5,1025.6,1016.1,50,77,62.4,61.9,4.7
1778774400,24.5,20.7,14.3,35.7,4.8,30.2,59,44.9,64.5,4.3,1005.8,1025.1,1015.8,52,79,64.5,64.1,4.5
1778778000,25.3,19.8,13.4,35.3,6.2,29.1,59,44.4,65.3,4.1,1005.5,1025,1015.4,52,80.1,65.2,64.9,3
1778781600,24.1,19,16.4,36.3,4.2,30.2,57.2,44.6,65.7,3.9,1006,1024.4,1015.3,53.1,80.6,65.7,65.4,3.7
1778785200,23.4,20.6,15.3,36.8,3.9,30,57.9,44.3,65.8,4,1005.6,1023.8,1015,52,80.6,65.7,65.3,2.3
1778788800,26.2,20,14.6,35.3,3.9,28.9,57.9,43.9,65.3,4.2,1005.7,1023.2,1014.7,51.1,79,65.3,64.9,4.2
1778792400,24.6,22.3,16,33.4,3.7,30.2,57.9,43.9,64.7,4.4,1005.4,1023.2,1014.6,51.8,78.8,64.7,64.3,3.5
1778796000,24.9,20.7,14.3,35.4,4.7,28.9,57.2,43.5,63,5.3,1005.6,1023.2,1014.7,50,77,62.9,62.4,1.9
1778799600,19.5,25.8,13.5,37.9,3.3,28.9,57.2,43.7,60.5,6.5,1006.1,1023.4,1015.1,48.9,73,60.5,59.9,5.6
1778803200,17.1,30,16.9,32.8,3.3,30,57,43.7,57,8.9,1006.4,1023.9,1015.5,46,68.9,57,56.3,15.9
1778806800,12.2,34.4,15,34.7,3.7,30.2,57,44,54.4,11,1007.3,1024.3,1015.9,43.9,64.9,54.4,53.6,22.6
1778810400,9.6,36.4,14.8,37.1,2.1,30.9,57,44,52.4,12.9,1007,1024.7,1016,41,63.9,52.4,51.5,32.9
1778814000,9.2,40.8,10.7,36.7,2.6,30.9,55.9,43.8,50.7,14.4,1007.1,1024.8,1016.2,39,62.1,50.7,49.8,35.8
1778817600,12.2,40.5,8.5,37.1,1.7,31.4,55.6,43.6,49.5,15.5,1006.9,1024.8,1016.1,38,61.1,49.5,48.5,38.3
1778821200,9.2,39.9,9,39.9,1.9,32,55.4,43.4,48.4,16.6,1006.6,1024.9,1016,36.9,60.1,48.4,47.3,40.7
1778824800,8.4,39.6,8.4,41.6,2,30.2,55.4,43,47.6,17.4,1005.7,1024.7,1015.8,36,59,47.6,46.5,41.1
1778828400,9.9,41.3,7.6,39.2,2,30.2,55,42.7,47,18,1005.8,1024.8,1015.8,34.9,59,47,45.7,40.5
1778832000,10.1,36.5,9.9,41.3,2.3,30.2,55.4,42.5,46.4,18.6,1005.9,1025,1016.1,34,59,46.4,44.8,42.5
1778835600,12.9,28.7,12.4,43.6,2.4,30,55.4,42.4,46,19,1006.2,1025.1,1016.1,33.8,57.9,46,44.6,40.8
1778839200,15.5,28.8,9.4,44.1,2.2,31.1,55.4,43.3,47.3,17.7,1005.8,1025.7,1016.5,35.1,59,47.3,45.9,35.3
1778842800,17.7,25.9,14.3,39.5,2.7,33.8,57,44.9,50.3,14.8,1006,1026,1016.6,39.9,61,50.3,48.8,28.6
1778846400,16.2,24.7,14.6,41.4,3.1,33.1,57.9,45.6,54,11.3,1006,1026.1,1016.8,44.6,64.9,54,52.9,21.6
1778850000,19.6,24.3,12.7,39.6,3.8,33.1,59,45.9,57.8,8.2,1006.7,1025.9,1016.6,46.9,69.8,57.8,56.9,15.5
1778853600,22.1,22.6,14.4,37.4,3.5,32,60.1,45.5,60.9,6.3,1005.9,1025.7,1016.4,48.9,73.9,60.9,60.2,8.4
1778857200,22.8,20.4,16.4,35.7,4.7,30.2,59,45.3,62.7,5.3,1006.3,1025.3,1016,50,77,62.7,62.2,5.4
1778860800,24.6,20.1,14.5,36.3,4.5,30.9,59,45.2,64.7,4.3,1005.5,1025,1015.8,52,80.1,64.6,64.2,4.2
1778864400,25.8,19.1,13.6,35.5,6,30.2,59,44.9,65.5,4,1005.4,1024.9,1015.4,52,80.1,65.5,65.1,3
1778868000,24.4,18.3,16.2,36.9,4.2,30.9,57.9,45,65.9,3.9,1006,1024.1,1015.2,53.1,81,65.9,65.6,3.5
1778871600,24.1,19,15.5,37.3,4.2,30.9,59,44.9,66,3.9,1005.6,1023.4,1014.9,52,80.6,66,65.6,2.1
1778875200,26.7,18.8,14.4,36.2,3.9,30.2,57.9,44.4,65.6,4.1,1005.8,1023,1014.7,51.1,80.1,65.6,65.1,4
1778878800,24.6,21.3,16.2,34.6,3.2,30.9,59,44.5,65,4.3,1005.6,1022.8,1014.6,51.8,79,65,64.6,3.5
1778882400,26,20.4,13.8,35.4,4.4,30.2,57.2,44.1,63.3,5.2,1005.8,1023,1014.7,50,77,63.2,62.7,1.9
1778886000,19.8,24.5,14.9,37.3,3.5,30,57.2,44.2,60.8,6.3,1006.2,1023.2,1015,48.9,73.4,60.8,60.2,5.8
1778889600,17.1,29.3,17.6,32.3,3.7,30.2,57.2,44.2,57.3,8.6,1006.4,1023.5,1015.5,46,69.1,57.3,56.6,16.6
1778893200,13.3,34.2,14.8,34.2,3.5,31.1,57.2,44.5,54.6,10.8,1007.4,1023.8,1015.9,44.1,64.9,54.6,53.8,22.4
1778896800,11,35.9,14.8,36.2,2.1,32,57,44.4,52.6,12.7,1007.4,1024.3,1016,41,63.9,52.6,51.7,33.7
1778900400,10,40.8,10.9,35.8,2.6,32,55.9,44.3,51,14.2,1007.4,1024.6,1016.2,39.2,62.1,51,50.1,37
1778904000,12.5,39.9,9.5,36.2,2,32,55.6,44,49.8,15.3,1007.1,1024.6,1016.2,38.1,61.1,49.8,48.8,38.9
1778907600,9.5,40.4,9,38.9,2.2,32,55.4,43.8,48.6,16.5,1006.8,1024.6,1016.1,37,60.1,48.6,47.5,40.8
1778911200,8.7,39.7,8.7,40.7,2.2,30.2,55.4,43.4,47.8,17.3,1006.1,1024.6,1015.8,36,59,47.8,46.7,41.2
1778914800,9.2,41,8.7,39.4,1.8,30.9,55.4,43,47.2,17.9,1006.2,1024.7,1015.8,35.1,59,47.2,45.9,41.6
1778918400,10.7,36.5,10.2,40.4,2.3,30.2,55.4,42.8,46.6,18.4,1006.6,1024.6,1016.1,34.9,57.9,46.6,45.1,42.3
1778922000,13.3,28.6,12.6,43.3,2.2,30.2,55.4,42.8,46.2,18.8,1006.7,1024.9,1016.1,34,57.9,46.2,44.8,41.1
1778925600,14.7,28.3,10.1,44.7,2.2,32,55.9,43.7,47.6,17.4,1006.5,1025.6,1016.6,35.6,59,47.6,46.2,35
1778929200,18.2,26,14.1,39.3,2.4,33.8,57,45.3,50.6,14.5,1006.3,1025.8,1016.6,39.9,61,50.6,49.2,29.1
1778932800,16.9,23.9,14.6,41.3,3.3,33.8,57.9,46.1,54.4,11,1006.9,1025.7,1016.8,45,66,54.4,53.3,21.1
1778936400,20.2,24,12.7,39.1,4,33.8,60.1,46.4,58.1,8,1007.1,1025.9,1016.6,48,70,58.1,57.3,15.7
1778940000,22.9,22.2,14.6,36.8,3.5,32,61,46.1,61.4,6,1006.4,1025.7,1016.3,50,74.8,61.3,60.7,8.8
1778943600,22.9,20,16.5,35.4,5.2,30.9,60.8,45.8,63.3,5,1006.8,1025.3,1016,50,78.1,63.2,62.8,5.4
1778947200,25.6,19.2,14.7,36.3,4.3,31.1,60.1,45.7,65.2,4.1,1005.8,1024.8,1015.7,52,80.6,65.1,64.7,4.7
1778950800,25.6,17.8,14.3,35.6,6.7,31.1,59,45.4,66.1,3.8,1005.5,1024.8,1015.3,52.9,81,66,65.7,3
1778954400,23.7,17.4,16.7,37.4,4.7,31.1,59,45.4,66.5,3.7,1006,1024,1015.2,53.1,82,66.4,66.1,3.3
1778958000,24.4,18,15.9,37.1,4.6,32,59,45.2,66.6,3.7,1005.6,1023.3,1014.8,53.1,82,66.6,66.2,2.3
1778961600,26.1,18.7,13.9,37.2,4.2,30.9,59,44.9,66.2,3.9,1005.9,1022.9,1014.6,51.8,81,66.1,65.7,4.2
1778965200,25.1,21.2,15.6,34,4.2,31.1,59,45,65.5,4,1005.7,1022.7,1014.5,52,79.9,65.5,65.1,3.5
1778968800,25.7,20.1,14.3,35,4.9,30.2,57.9,44.5,63.7,4.9,1005.8,1022.6,1014.6,51.1,77,63.7,63.2,2.1
1778972400,20.7,24.9,14.9,35.7,3.7,30.2,57.9,44.8,61.3,5.9,1006.2,1023,1014.9,48.9,73.4,61.3,60.8,6
1778976000,17.9,29,19.1,30.7,3.3,30.2,57.9,44.8,57.7,8.3,1006.4,1023.4,1015.3,46.4,69.1,57.6,57.1,17.9
1778979600,14.3,35,14.1,33.3,3.3,32,57.9,45,55,10.4,1007.3,1023.7,1015.7,44.1,65.8,55,54.3,22.6
1778983200,11.5,35.9,14.8,35.4,2.3,32,57.2,44.9,53,12.3,1007.1,1023.9,1015.9,41,64,53,52.2,33.9
1778986800,10.5,40.9,10.2,35.9,2.6,32,57,44.8,51.4,13.8,1007.4,1024.4,1016.1,39.2,62.1,51.4,50.5,35.6
1778990400,12,40.9,9.1,36.3,1.7,32,56.5,44.5,50.1,15,1007.1,1024.5,1016,38.1,61.1,50.1,49.2,37.8
1778994000,9,40.6,9.5,38.2,2.7,32,55.9,44.2,48.9,16.2,1006.8,1024.6,1016,37,60.1,48.9,47.9,40
1778997600,9.3,40.3,8.3,40,2.3,31.1,55.4,43.8,48.1,17,1006,1024.3,1015.6,36,59,48.1,47,42.1
1779001200,8.7,41.2,8.2,39.6,2.3,31.1,55.4,43.4,47.4,17.6,1006,1024.6,1015.7,35.6,59,47.4,46.3,42.4
1779004800,9.9,37.2,9.9,40.6,2.3,30.9,55.4,43.2,46.9,18.2,1006,1024.6,1015.9,34.9,57.9,46.9,45.4,41.8
1779008400,12.7,28,13.4,43.4,2.4,30.9,55.4,43.3,46.6,18.5,1006.7,1024.8,1016,34,57.9,46.6,45.2,41
1779012000,14.1,29.4,10.1,44.4,2,32,55.9,44.1,47.9,17.1,1006.4,1025.5,1016.4,35.6,59,47.9,46.6,36.2
1779015600,18.1,27,13.5,39.2,2.2,34,57.2,45.8,51,14.1,1006.3,1025.8,1016.5,41,61.9,51,49.6,29
1779019200,16.6,24.9,14.5,41.5,2.6,34,59,46.5,54.7,10.8,1006.5,1025.7,1016.6,45,66,54.6,53.7,20.6
1779022800,19.1,24.8,13.4,38.9,3.8,34,60.1,46.9,58.5,7.7,1007.1,1025.7,1016.5,48,70,58.4,57.7,14.3
1779026400,22,22.3,15.5,36.2,3.9,32,61,46.5,61.7,5.8,1006.5,1025.7,1016.2,50,74.8,61.6,61,8.9
1779030000,22.9,20.5,16.3,35.4,5,32,60.8,46.2,63.6,4.8,1006.8,1025.3,1015.9,51.1,78.1,63.5,63.1,5.2
1779033600,25.1,19.1,15.1,36.4,4.3,32,60.1,46.1,65.4,4.1,1006,1025,1015.7,52,80.6,65.2,64.9,5.4
1779037200,25.2,17.6,14.4,36.1,6.7,32,60.1,45.9,66.3,3.8,1005.5,1024.9,1015.3,53.1,81,66.2,65.9,3.3
1779040800,24.2,17.2,16,37.7,4.9,32,59,45.8,66.7,3.6,1006,1024,1015.1,53.1,82,66.6,66.3,2.8
1779044400,24.4,17.7,16.6,37.1,4.1,32,59,45.6,66.8,3.6,1005.9,1023.4,1014.8,53.1,82,66.8,66.5,2.3
1779048000,26.1,18.2,14.8,37,3.9,31.1,59,45.3,66.4,3.8,1006,1023,1014.5,52,81,66.3,66,4.2
1779051600,24.9,20.5,16.3,34,4.4,32,59,45.4,65.7,4,1005.7,1022.6,1014.4,52,80.1,65.7,65.3,3
1779055200,25.7,19.9,14.3,35.3,4.9,30.2,57.9,44.9,63.9,4.7,1005.8,1022.6,1014.5,51.8,77,63.9,63.5,2.6
1779058800,20.2,24.6,14.8,36.2,4.2,30.2,57.9,45.1,61.6,5.8,1006.4,1023,1014.9,50,73.9,61.6,61.1,6.7
1779062400,17.4,29.4,19.5,30.1,3.5,30.2,57.9,45.1,57.8,8.2,1006.4,1023.4,1015.2,46.9,69.1,57.8,57.2,18.6
1779066000,14.6,35.7,14.1,32.6,3.1,32,57.9,45.3,55.1,10.3,1007,1023.7,1015.7,44.1,65.8,55.1,54.5,24.1
1779069600,11.5,35.9,14.6,35.2,2.8,32,57.9,45.2,53.1,12.2,1007.1,1024,1015.8,41,64,53.1,52.4,34.8
1779073200,11.1,40.3,10,36.3,2.4,32,57,45,51.5,13.7,1007.2,1024.4,1016.1,39.2,62.1,51.5,50.7,36.3
1779076800,12.3,40.2,9.6,36.3,1.7,32,56.5,44.7,50.3,14.8,1007,1024.5,1016,38.3,61.1,50.3,49.4,37.5
1779080400,9,39.6,9.5,39.3,2.7,32,55.9,44.4,49.1,16,1006.7,1024.5,1015.9,37.4,60.1,49.1,48.1,38.8
1779084000,8.5,39.9,8,41.7,1.8,31.1,55.4,44.1,48.3,16.8,1006,1024.2,1015.6,36,59,48.3,47.3,42.2
1779087600,9,40.1,7.7,41.1,2.1,31.1,55.4,43.7,47.7,17.4,1006.2,1024.4,1015.6,35.6,59,47.7,46.6,43.2
1779091200,10.7,35.9,9.4,41.5,2.5,30.9,55.9,43.5,47.1,17.9,1006.1,1024.6,1015.8,34.9,59,47.1,45.7,41.4
1779094800,12.1,27.1,13.1,45.1,2.7,30.9,55.9,43.5,46.7,18.3,1006.7,1024.8,1015.9,34,57.9,46.7,45.4,41.5
1779098400,14.6,27.5,9.9,45.9,2,32,55.9,44.3,48.1,16.9,1006.4,1025.4,1016.3,36,59,48.1,46.8,36.7
1779102000,17.6,26.7,13.2,40.3,2.2,34,57.2,46,51.1,14,1006.3,1025.7,1016.4,41,62.1,51.1,49.8,29.6
1779105600,16.8,24.8,14.4,41.6,2.4,35.1,59,46.7,54.8,10.7,1006.5,1025.6,1016.6,45,66,54.8,53.8,21.4
1779109200,20.5,25.2,12.9,38.1,3.3,34,60.1,47.1,58.6,7.6,1007.2,1025.6,1016.5,48,70,58.6,57.9,15
1779112800,23,22,16,35.3,3.7,32,61,46.7,61.9,5.7,1006.5,1025.6,1016.2,50,75,61.8,61.3,9.3
1779116400,23.5,20.5,16,35.5,4.5,32,60.8,46.4,63.8,4.7,1006.8,1025.2,1015.9,51.1,78.1,63.7,63.4,5.6
1779120000,25.6,19.1,15.3,36,4,32,60.8,46.3,65.6,4,1005.8,1024.8,1015.6,52,80.6,65.5,65.2,6.3
1779123600,24.9,17.3,14.7,36.4,6.7,32,60.1,46.1,66.4,3.7,1005.4,1024.3,1015.2,53.1,82,66.3,66.1,3.7
1779127200,24.9,16.3,15.9,38,4.9,32,59,46,67,3.4,1006.3,1023.9,1015.1,53.6,82,66.9,66.7,3.3
1779130800,25.1,17.3,15.7,38,3.9,32,59.9,45.8,67.1,3.5,1005.8,1023.3,1014.7,53.6,82,67,66.7,2.5
1779134400,24.8,17.8,14.6,39.4,3.5,32,59,45.6,66.5,3.6,1005.9,1022.6,1014.5,52,80.6,66.5,66.2,4.4
1779138000,23.9,20,15.8,35.5,4.9,32,59,45.7,65.9,3.8,1005.7,1022.4,1014.4,52,80.1,65.8,65.5,3.5
1779141600,25.8,19.7,13.1,36.5,4.9,30.9,59,45.2,64.1,4.6,1005.8,1022.5,1014.5,51.8,78.1,64.1,63.8,2.8
1779145200,21.4,24.2,14.5,36.1,3.7,31.1,59,45.5,61.8,5.6,1006.4,1022.8,1014.8,50,73.9,61.8,61.3,7.4
1779148800,16.7,29.3,18.8,31,4.2,31.1,57.9,45.5,58,8,1006.3,1023.2,1015.1,46.9,69.8,58,57.5,19.5
1779152400,14.3,35.4,13.6,33.7,3,32,57.9,45.7,55.4,10.1,1007,1023.5,1015.6,44.1,65.8,55.4,54.7,23.3
1779156000,11.4,34.6,14.7,36.4,2.8,33.1,57.9,45.6,53.5,11.9,1007.1,1023.9,1015.7,41.9,64.4,53.5,52.7,33.4
1779159600,11.1,38.6,10.4,37.7,2.1,33.1,57.2,45.4,51.8,13.4,1007,1024.1,1016,39.9,62.6,51.8,51.1,36.9
1779163200,13,38.4,10.3,36.9,1.5,32.5,56.5,45.1,50.6,14.6,1006.9,1024.2,1015.9,38.6,61.4,50.6,49.8,37.5
1779166800,10.2,38.3,9.5,39.6,2.4,32,55.9,44.8,49.4,15.7,1006.7,1024.3,1015.8,37.4,60.1,49.4,48.4,38.2
1779170400,9.3,38.3,8,42.5,2,32,57,44.5,48.8,16.3,1005.9,1023.7,1015.4,37,59,48.8,47.8,40.6
1779174000,8.7,37.8,8.5,42.7,2.3,32,55.9,44.1,48.1,16.9,1006,1024.2,1015.5,36,59,48.1,47.1,42.7
1779177600,10.9,33.9,9.9,43,2.3,32,57,43.8,47.6,17.5,1006,1024.3,1015.6,35.6,59,47.6,46.2,40.9
1779181200,13.1,25.4,12.6,46.6,2.5,31.1,55.9,43.9,47.2,17.8,1006.7,1024.3,1015.8,35.1,57.9,47.2,45.9,41.9
1779184800,15.1,26.8,8.9,47.6,1.5,32,57,44.7,48.6,16.5,1006.2,1024.9,1016.3,37,60.1,48.6,47.3,35.8
1779188400,17.8,25.2,13,41.3,2.7,35.1,57.9,46.3,51.5,13.6,1006.3,1025,1016.3,41,62.1,51.5,50.3,29.9
1779192000,17.6,24.5,13.3,41.9,2.6,35.6,59,47.1,55.1,10.4,1006.5,1025.2,1016.5,45,66,55.1,54.2,22.6
1779195600,21.8,23.7,12.7,38.3,3.5,35.1,60.1,47.4,58.9,7.4,1007.5,1025,1016.4,48.2,70,58.8,58.2,15.2
1779199200,23.3,21.6,15.3,35.8,4,33.8,62.1,47.1,62,5.5,1006.7,1024.7,1016.1,50,75,62,61.5,8.9
1779202800,23.3,19.8,16.5,36.2,4.2,33.1,61,46.8,64.1,4.5,1006.8,1024.4,1015.8,51.1,78.1,64,63.7,5.6
1779206400,25.7,18.9,14.9,36.6,4,32.9,60.1,46.6,65.8,3.8,1006.3,1024.6,1015.6,53.1,80.6,65.7,65.4,6.6
1779210000,26,17.1,13.8,36.2,6.9,33.1,60.1,46.4,66.6,3.5,1005.7,1024.1,1015.2,53.1,81,66.5,66.3,3.7
1779213600,24.9,16.1,15.2,38.7,5.1,33.1,59,46.3,67.2,3.3,1006.3,1023.5,1015,53.6,82,67.1,66.9,2.8
1779217200,25.2,16.9,15,39.5,3.5,33.1,60.1,46.1,67.2,3.4,1005.8,1023,1014.7,53.6,82,67.1,66.9,2.5
1779220800,24.6,17.4,13.5,40.8,3.7,32,59.9,45.9,66.6,3.5,1006,1022.5,1014.5,52.9,80.6,66.6,66.3,4.4
1779224400,23.8,20.1,15.2,36.2,4.7,33.1,59,46.1,66,3.8,1005.9,1022.4,1014.4,52.9,80.1,66,65.7,4
1779228000,25.9,19.2,13.1,36.4,5.4,31.1,59,45.5,64.3,4.5,1006,1022.4,1014.5,52,78.1,64.3,64,3.3
1779231600,21,24.5,14,36.4,4.2,32,59,45.9,62,5.5,1006.7,1022.7,1014.8,50,73.9,62,61.5,7.7
1779235200,16,29.6,19.7,30.8,4,32,59,45.9,58.1,7.9,1006.4,1023.2,1015.1,46.9,69.8,58.1,57.6,22.1
1779238800,14.9,35.4,13.8,33.1,2.8,33.1,57.9,46,55.5,10,1007,1023.5,1015.6,44.6,65.8,55.5,54.9,26.5
1779242400,11.2,35.8,13.6,36.3,3,33.1,57.9,45.9,53.5,11.8,1007.6,1023.8,1015.8,42.1,64,53.5,52.8,35.5
1779246000,12.3,38.2,10.4,37,2.1,33.8,57.9,45.7,51.9,13.3,1007.4,1024,1016,39.9,62.1,51.9,51.2,38.4
1779249600,13,38.9,10.8,35.9,1.5,33.5,57.5,45.4,50.7,14.4,1007.2,1023.9,1016,38.9,61.5,50.7,49.9,38.6
1779253200,9.7,38.2,10.2,39.2,2.7,33.1,57,45.1,49.5,15.6,1007,1023.8,1015.9,37.9,60.8,49.5,48.6,38.9
1779256800,9,38.2,8.8,42,2,33.1,57,44.8,49,16.1,1006.7,1023.6,1015.5,37,60.1,49,48,41.2
1779260400,9.4,37.6,8.6,42,2.3,32,57,44.4,48.3,16.8,1006.7,1024,1015.6,37,59,48.3,47.3,43.4
1779264000,11.2,34.2,10.5,41.8,2.3,32,57,44.1,47.7,17.3,1006.6,1024.1,1015.7,35.6,59,47.7,46.4,40.6
1779267600,12.9,26,12.9,45.8,2.5,31.1,57,44.2,47.4,17.6,1007.2,1024.3,1015.9,35.1,59,47.4,46.2,43.6
1779271200,15.3,28.5,8.8,46,1.5,32.9,57.2,45,48.8,16.2,1007.4,1024.8,1016.4,37,60.1,48.8,47.5,36.8
1779274800,16.7,26.7,12.5,41.2,2.9,35.6,57.9,46.6,51.8,13.4,1006.9,1025,1016.4,41.9,62.6,51.8,50.6,30
1779278400,17.9,24.3,14.6,40.8,2.4,36,60.1,47.4,55.4,10.1,1007.5,1025.2,1016.6,45.9,66,55.4,54.6,23.8
1779282000,22.5,23.2,13.1,37.5,3.7,35.6,60.8,47.8,59.3,7.1,1007.8,1025,1016.6,48.9,71.1,59.2,58.6,15.8
1779285600,23,21.6,15.8,35.8,3.7,34,62.1,47.5,62.4,5.3,1007.2,1024.7,1016.2,50,75,62.3,61.9,8.9
1779289200,23.1,19.1,17,36.3,4.5,33.1,61,47.2,64.5,4.3,1007.1,1024.4,1015.9,52,78.1,64.4,64.1,6.1
1779292800,27.1,18.4,15.3,35.3,4,33.1,60.8,47,66.2,3.6,1006.8,1024.5,1015.7,53.1,80.6,66.1,65.8,6.6
1779296400,26.7,16.7,14.2,35.6,6.8,33.8,60.1,46.8,67,3.3,1006.1,1024,1015.3,53.6,81,66.9,66.7,3.9
1779300000,24.2,16.1,15.4,38.7,5.6,34,60.1,46.8,67.6,3.1,1006.3,1023.1,1015.1,54,82,67.5,67.3,3.5
1779303600,24.5,16.2,15.5,39.6,4.2,33.1,60.1,46.6,67.6,3.2,1006,1022.7,1014.7,53.6,82,67.6,67.3,2.5
1779307200,25.1,15.8,14.4,40.4,4.4,33.1,59.9,46.4,67,3.3,1006.3,1022.5,1014.6,53.6,80.6,67,66.8,4.7
1779310800,24.8,18.7,15.4,36,5.1,33.1,60.1,46.6,66.4,3.5,1006.3,1022.4,1014.5,53.6,80.1,66.4,66.2,4
1779314400,25.8,19.2,13.1,36.5,5.4,32,59,46.1,64.7,4.2,1006.5,1022.4,1014.6,52,78.1,64.7,64.4,3.5
1779318000,21.1,24.1,14.1,36.5,4.2,32,59,46.5,62.3,5.2,1006.9,1022.7,1014.9,51.1,73.9,62.3,61.9,7.7
1779321600,15.8,29.4,19.5,31.3,4,33.1,59,46.5,58.4,7.7,1006.6,1023.1,1015.2,47.8,69.8,58.4,58,22.4
1779325200,15.5,35.1,13.3,33.7,2.3,33.8,59,46.6,55.8,9.8,1007.4,1023.4,1015.7,44.6,65.8,55.8,55.2,27.6
1779328800,11.8,36.5,12,37.2,2.6,33.8,59,46.5,53.9,11.5,1007.7,1023.7,1015.9,43,64.4,53.9,53.3,34.6
1779332400,12.6,37.8,9.7,37.8,2.1,33.8,57.9,46.3,52.3,12.9,1007.7,1023.9,1016.1,41,63,52.3,51.7,37.5
1779336000,11.6,38.4,10.4,38.1,1.5,33.5,57.5,46,51.1,14,1007.4,1023.7,1016,39.5,61.9,51.1,50.4,37.7
1779339600,10.8,37.3,8.8,40.4,2.7,33.1,57,45.7,49.9,15.1,1007.1,1023.5,1015.8,37.9,60.8,49.9,49,37.9
1779343200,8.2,37.2,8.2,44.1,2.2,33.8,57,45.5,49.5,15.7,1006.9,1023.4,1015.5,37.4,60.1,49.5,48.6,42.1
1779346800,9.2,36.9,8.1,43.7,2.1,33.1,57,45.1,48.8,16.3,1007.2,1023.8,1015.6,37,60.1,48.8,47.9,42.5
1779350400,11.2,33.1,10.2,43.5,2,32,57,44.8,48.2,16.8,1007,1024,1015.7,36,59,48.2,47,38.9
1779354000,13,25,13,46.8,2.2,32,57,44.8,47.8,17.2,1007.2,1024.3,1015.9,35.6,59,47.8,46.7,44.2
1779357600,14.8,27.8,8,48,1.5,33.8,57.9,45.7,49.3,15.7,1007.6,1024.6,1016.3,37.9,60.8,49.3,48.1,36.1
1779361200,16.1,26.1,12,42.4,3.4,35.6,59,47.2,52.2,13,1007.6,1024.9,1016.4,42.1,63,52.2,51.1,29.4
1779364800,18.5,24.2,14.3,40.9,2.1,37,60.1,48,55.8,9.7,1007.8,1024.8,1016.6,46,66,55.8,55.1,23.1
1779368400,22.4,22.4,14,37.5,3.7,36,61,48.4,59.6,6.8,1008,1024.9,1016.6,50,71.1,59.6,59.1,15.9
1779372000,22.6,21.9,15.2,36.8,3.5,35.1,62.1,48.1,62.7,5.1,1007.4,1024.5,1016.2,50.9,75,62.6,62.2,9.1
1779375600,22.9,17.9,17.2,36.8,5.2,34,61,47.9,64.8,4.1,1007.4,1024.3,1015.9,52,78.1,64.7,64.4,5.9
1779379200,27.5,17.6,15.3,35.2,4.5,34,61,47.6,66.4,3.4,1007.3,1024,1015.7,53.1,80.6,66.3,66.1,7
1779382800,27.6,15.3,14.2,36.1,6.8,34,60.8,47.4,67.2,3.2,1006.6,1023.7,1015.3,53.6,82,67.1,66.9,3.9
1779386400,25.8,14.5,15,39.1,5.6,34,60.1,47.3,67.8,3,1006.5,1023,1015,54,82,67.7,67.6,2.8
1779390000,25.3,14.7,15,40.6,4.4,34,60.1,47.1,67.8,3.1,1006.1,1022.5,1014.7,53.6,82,67.8,67.6,2.8
1779393600,25.2,14.5,14.1,41.3,4.8,33.8,60.1,47,67.3,3.2,1006.3,1022.4,1014.5,53.6,81,67.3,67.2,4.9
1779397200,25.3,17.4,15.1,36.2,6,33.1,60.1,47.2,66.7,3.4,1006.4,1022.4,1014.5,53.6,80.6,66.7,66.5,4
1779400800,25.8,19.1,12.8,37,5.3,32,59,46.7,65,4,1006.5,1022.4,1014.6,52,78.1,65,64.8,3.3
1779404400,21.1,23.6,13.7,37.7,3.9,32.9,59.9,47.1,62.6,5,1006.9,1022.7,1014.9,51.1,75,62.6,62.2,7.7
1779408000,15.6,28.7,19.8,32.2,3.7,33.1,59,47.2,58.7,7.4,1006.6,1023.2,1015.2,48,69.8,58.7,58.3,22.5
1779411600,15.2,34.7,13.1,34.7,2.3,34,59,47.1,56,9.5,1007.2,1023.5,1015.6,45,66,56,55.5,27
1779415200,11.4,36.4,11.6,37.8,2.8,34,59,47.1,54.3,11.1,1007.6,1023.7,1015.8,43,64.4,54.3,53.7,34.7
1779418800,12.3,37.2,9.5,38.9,2.1,34,57.9,46.9,52.7,12.5,1007.6,1023.9,1016.1,41.9,63,52.7,52,37.8
1779422400,11.6,37.3,9.9,39.3,2,33.9,57.5,46.5,51.5,13.7,1007.4,1023.8,1015.9,40.5,61.9,51.5,50.7,38
1779426000,11.8,35.9,9.1,40.8,2.5,33.8,57,46.2,50.3,14.8,1007.1,1023.6,1015.7,39,60.8,50.3,49.4,38.3
1779429600,9.5,35.7,8,44.4,2.5,33.8,57,46,49.9,15.2,1006.9,1023.5,1015.4,37.4,60.8,49.9,49.1,42.1
1779433200,10,35.2,7.9,44.9,2.1,33.8,57,45.6,49.3,15.8,1007.2,1023.8,1015.5,37.4,60.1,49.3,48.4,42.5
1779436800,11.5,31.5,10.5,44.5,2,33.1,57,45.3,48.7,16.4,1006.9,1024,1015.6,37,59.9,48.7,47.5,39.8
1779440400,13.4,24.1,13.4,46.5,2.7,33.1,57.2,45.2,48.2,16.9,1007.2,1024.5,1015.9,35.6,59.9,48.2,47.1,44.9
1779444000,14.8,26.1,8.8,48.6,1.8,34,57.9,46.3,49.8,15.3,1007.5,1024.8,1016.2,39,60.8,49.8,48.6,35
1779447600,16.5,25.5,12.7,42.1,3.2,36,59,47.8,52.7,12.5,1007,1025,1016.4,42.8,63,52.7,51.7,30
1779451200,17.7,24.3,14.1,41.5,2.4,37,60.1,48.5,56.2,9.4,1007.7,1025.1,1016.5,46.4,66.9,56.2,55.6,23.1
1779454800,22,22.7,13.8,37.9,3.7,36,61,48.8,60,6.5,1008,1025.2,1016.6,50,71.1,60,59.5,15.5
1779458400,22.3,22,15.3,36.4,3.9,35.1,62.1,48.7,63,4.8,1007.3,1024.6,1016.1,51.1,75,63,62.6,9.5
1779462000,22.6,17.4,17.9,36.9,5.2,34,62.1,48.4,65.2,3.9,1007.4,1024.4,1015.9,52,78.8,65.1,64.9,7.2
1779465600,26.6,17.5,15.4,35.9,4.7,34.9,62.1,48.1,66.8,3.3,1007.3,1024,1015.7,53.1,81,66.7,66.5,7.2
1779469200,28.5,14.6,14.4,35.8,6.8,35.1,61,47.8,67.6,3.1,1006.6,1024.1,1015.3,53.6,82,67.6,67.3,4.1
1779472800,24.8,14.1,15.7,39.3,6.1,34,60.8,47.8,68.2,2.9,1006.4,1023.1,1014.9,54,82,68.1,68,2.6
1779476400,24.2,14.3,15.5,41.1,4.8,34,60.8,47.5,68.3,3,1006,1022.6,1014.6,54,82.4,68.2,68,2.3
1779480000,25.4,14.5,14.5,40.2,5.3,34,60.8,47.5,67.8,3,1006.3,1022.5,1014.5,54,81,67.8,67.6,4.2
1779483600,24.5,17.8,16.2,35.6,5.8,33.1,60.8,47.6,67.2,3.2,1006.5,1022.4,1014.4,54,81,67.2,67,3.5
1779487200,26.2,20.4,12.7,35.9,4.9,33.1,59,47.2,65.5,3.9,1006.7,1022.4,1014.6,52,79,65.5,65.2,3.2
1779490800,22.5,24.4,13.7,36,3.5,33.1,60.1,47.7,63,4.8,1007,1022.7,1014.8,51.1,75,63,62.7,7.9
1779494400,14.7,29.4,20.5,31.7,3.7,33.8,60.1,47.7,59,7.2,1006.7,1023.2,1015.1,48,69.8,59,58.7,23.4
1779498000,13.3,36.3,13.7,34.2,2.6,34.9,60.1,47.7,56.2,9.4,1007.2,1023.5,1015.6,46,66,56.2,55.8,28.7
1779501600,10.7,37.8,11.8,37.1,2.6,34,59,47.6,54.4,10.9,1007.7,1023.7,1015.8,44.1,64.9,54.4,53.9,35.7
1779505200,11.4,38.4,10,38.2,2.1,34.9,59,47.4,52.9,12.3,1007.7,1023.9,1016,42.1,63,52.9,52.3,38.2
1779508800,11.9,39,9.7,37.7,1.7,34.5,58.1,47,51.7,13.4,1007.4,1023.7,1015.9,40.5,62,51.7,51,38.5
1779512400,11.9,36.8,9.4,39.5,2.5,34,57.2,46.6,50.5,14.6,1007.1,1023.5,1015.7,39,61,50.5,49.6,38.8
1779516000,10.5,36.7,8.5,42.1,2.2,34,57.2,46.4,50,15.1,1006.9,1023.5,1015.4,37.9,60.8,50,49.2,43
1779519600,10.4,36,8.1,43.3,2.1,33.8,57,45.9,49.3,15.8,1007.4,1023.8,1015.6,37.4,60.8,49.3,48.4,44.3
1779523200,11.3,32.5,10.7,44.2,1.3,33.1,57,45.6,48.7,16.3,1006.9,1023.8,1015.6,36,60.1,48.7,47.6,40.4
1779526800,12.9,24.6,14.1,45.9,2.4,33.1,57.2,45.4,48.3,16.8,1007.2,1024.4,1015.9,35.6,60.1,48.3,47.3,46
1779530400,15.1,26.6,9.8,47,1.5,34,57.9,46.4,49.9,15.1,1007.3,1024.6,1016.2,39,60.8,49.9,48.7,35.7
1779534000,15.6,26.2,13,41.8,3.4,36,59,47.9,52.9,12.3,1007,1024.9,1016.3,42.8,63,52.9,51.9,30.5
1779537600,16.9,24.9,15.2,40.6,2.4,37,60.1,48.7,56.5,9.1,1007.7,1024.9,1016.5,46.9,66.9,56.5,55.9,24.5
1779541200,22.6,23.8,13.5,36.4,3.7,36,61,49.1,60.4,6.3,1008,1024.9,1016.5,50,72,60.3,59.9,15.3
1779544800,20.6,23.6,15.7,36.3,3.9,35.1,62.1,48.9,63.4,4.7,1007.3,1024.5,1016.1,51.1,75.9,63.4,63,10
1779548400,21.8,18.3,18.7,36.8,4.4,34,62.6,48.6,65.6,3.8,1007.2,1024.3,1015.8,53.1,79,65.5,65.3,7.7
1779552000,25.6,18.9,15.6,35.4,4.4,34,62.1,48.3,67.3,3.2,1007.2,1024,1015.6,53.1,81,67.2,67,7.5
1779555600,27.9,15.8,14.4,35.8,6.2,35.1,62.1,48.1,68.1,3,1006.6,1023.7,1015.2,53.6,82.9,68,67.8,4.1
1779559200,25.6,14.9,15.4,38.5,5.6,34,61,47.9,68.7,2.8,1006.3,1023,1014.8,54,82.9,68.6,68.5,2.6
1779562800,24.9,14.5,15.9,40.1,4.6,34,61,47.7,68.7,2.9,1005.9,1022.3,1014.5,54,82.9,68.7,68.5,2.3
1779566400,24.9,14.7,15.7,38.9,5.8,34,61,47.7,68.3,2.9,1006.3,1022.3,1014.4,54,82.4,68.3,68.2,4.2
1779570000,25.4,17.8,15.7,34.9,6.2,33.1,61,47.8,67.7,3.1,1006.6,1022.3,1014.3,54,82,67.7,67.5,3.7
1779573600,26.4,21.1,12.7,34.5,5.3,33.1,60.1,47.5,66,3.7,1006.8,1022.3,1014.4,52,80.1,66,65.8,3.5
1779577200,22.2,24.5,14.6,35,3.7,34,60.8,48.1,63.5,4.6,1007.1,1022.5,1014.7,51.1,75.9,63.5,63.1,9.8
1779580800,15.1,29.5,21.1,30.6,3.7,34,60.8,48.1,59.4,7,1007,1022.9,1015,48.2,70.9,59.4,59,23
1779584400,13.5,36.2,14.6,32.9,2.8,35.1,60.1,48,56.6,9.1,1007.3,1023.2,1015.4,46,68,56.6,56.1,29.6
1779588000,11.4,38.1,11.8,36.2,2.6,35.1,60.1,47.9,54.8,10.6,1007.7,1023.6,1015.6,44.1,65.8,54.8,54.3,36.7
1779591600,12.1,39.5,10.2,36.4,1.9,35.1,59,47.7,53.2,12.1,1007.6,1023.9,1015.8,42.1,64.4,53.2,52.7,40
1779595200,12.6,40.5,10.4,35.1,1.5,35,58.5,47.3,52,13.2,1007.4,1023.6,1015.6,40.7,62.7,52,51.3,40.1
1779598800,12.9,37.9,9.7,37.4,2.2,34.9,57.9,46.9,50.8,14.3,1007.1,1023.3,1015.5,39.2,61,50.8,49.9,40.2
1779602400,10.3,38.8,9.3,39.8,2,34,57.9,46.7,50.3,14.8,1007,1023.3,1015.3,37.9,62.1,50.3,49.5,43.4
1779606000,10.7,37.2,8.4,41.6,2.1,34,57.9,46.3,49.6,15.5,1007.1,1023.6,1015.4,37.4,60.8,49.6,48.7,46.4
1779609600,12.4,33.2,11.1,42.3,1,33.8,57.9,45.9,49,16,1006.7,1023.7,1015.4,37,60.8,49,47.9,40.5
1779613200,13,25.2,14.7,44.4,2.7,33.8,57.9,45.8,48.6,16.5,1007,1024,1015.7,36,60.1,48.6,47.5,46.5
1779616800,15.3,27.6,10.5,45.1,1.5,34,59,46.9,50.4,14.7,1007.3,1024.4,1016,39,61.9,50.4,49.2,36.1
1779620400,15.8,27.5,12.9,40.6,3.2,36,60.1,48.4,53.4,11.8,1006.8,1024.7,1016.2,43,64.4,53.4,52.4,32.6
1779624000,16.8,26.7,14.7,39.5,2.4,37,61,49.1,57,8.8,1006.9,1024.7,1016.3,46.9,68,57,56.5,24.6
1779627600,22.1,25.2,13.8,35.2,3.7,36,62.1,49.6,61,6,1007.4,1024.8,1016.3,50,73,60.9,60.5,15.7
1779631200,20.4,23.4,17.2,34.6,4.4,35.1,62.6,49.5,64.1,4.4,1007.1,1024,1015.9,51.1,77,64,63.7,10
1779634800,22.7,18.2,18.9,35.5,4.7,35.1,63,49.1,66.3,3.6,1006.8,1023.9,1015.6,53.1,80.1,66.2,66,7.6
1779638400,25.8,19.7,16.6,33.5,4.4,34.9,62.6,48.7,68,3,1006.7,1023.9,1015.4,53.6,82,67.8,67.7,7.7
1779642000,28.1,16.2,15.3,33.9,6.4,35.1,62.6,48.6,68.8,2.8,1005.8,1023.4,1015,54,82.9,68.7,68.5,4.8
1779645600,26.3,14.9,16.5,36.5,5.8,34,62.1,48.4,69.4,2.6,1005.6,1022.6,1014.6,55,82.9,69.3,69.2,2.6
1779649200,24.8,14.5,17.2,38.4,5.1,35.1,61,48.3,69.5,2.6,1005.6,1022.2,1014.3,55,82.9,69.4,69.3,2.3
1779652800,25.1,15,16.6,37.3,6,34,61,48.3,69,2.6,1005.5,1022.2,1014.2,55,82.9,69,69,4
1779656400,25.3,17.7,17.1,33.6,6.2,33.1,61,48.4,68.4,2.8,1005.3,1021.8,1014.1,55,82,68.4,68.3,3.9
1779660000,26.4,21.5,13.4,33.1,5.6,33.8,61,48.1,66.7,3.3,1006.3,1021.9,1014.3,53.6,80.1,66.7,66.5,3.2
1779663600,21.3,26.2,15.5,33.6,3.2,34,61,48.6,64,4.2,1006.7,1022.2,1014.5,52,75.9,64,63.8,8.4
1779667200,15.6,30.7,20.9,29.1,3.7,34,61,48.6,59.9,6.6,1006.6,1022.7,1014.8,48.9,71.1,59.9,59.6,21.9
1779670800,13.8,36.6,15.2,32.2,2.3,35.6,60.8,48.5,57,8.7,1007,1022.8,1015.2,46.4,68,57,56.6,29.8
1779674400,10.7,39.6,11.7,35,3,35.1,60.8,48.5,55.2,10.2,1007.4,1023.3,1015.4,44.6,66,55.2,54.8,36.8
1779678000,12.1,40.7,9.7,35.5,2.1,35.1,60.1,48.2,53.6,11.6,1007.4,1023.5,1015.6,42.1,64.9,53.6,53.1,39.8
1779681600,12,41,10.3,34.9,1.7,35,59.5,47.8,52.5,12.7,1007.2,1023.4,1015.5,40.7,63.5,52.5,51.8,40
1779685200,12.4,39.4,10.1,35.9,2.2,34.9,59,47.4,51.3,13.8,1007,1023.2,1015.3,39.2,62.1,51.3,50.4,40.1
1779688800,10.3,40.6,9,37.6,2.5,34,59,47.2,50.7,14.4,1006.5,1023.2,1015,37.9,62.1,50.7,50,43.2
1779692400,10.6,38.6,9,39.9,1.9,34,57.9,46.7,50,15.2,1006.7,1023.4,1015.2,37.4,61,50,49.1,46.5
1779696000,13.1,33.5,11.1,41,1.3,34,57.9,46.4,49.5,15.6,1006.7,1023.6,1015.2,37.4,61,49.5,48.4,41.2
1779699600,13.7,25.9,15.4,42.2,2.9,33.8,57.9,46.2,48.9,16.1,1007,1024,1015.4,36,60.8,48.9,48,47.3
1779703200,16.8,28.3,10.5,42.8,1.8,35.1,59,47.3,50.7,14.4,1007.3,1024.3,1015.8,39.9,62.1,50.7,49.6,36.3
1779706800,16.2,27.8,13,39.6,3.4,37,60.1,48.8,53.8,11.5,1006.9,1024.7,1016,44.1,64.9,53.8,52.8,33.2
1779710400,17.9,26.7,15.6,37.5,2.4,37,61,49.6,57.6,8.3,1006.8,1024.7,1016.1,47.8,68.9,57.6,57.1,25.2
1779714000,23.2,24.8,14.6,33.9,3.5,36.9,62.6,50.1,61.5,5.6,1007.2,1024.5,1016.1,50.9,73,61.5,61.1,16.3
1779717600,21.7,22.6,17.6,33.7,4.4,35.6,64,50,64.6,4.1,1007.1,1024,1015.7,52,78.1,64.6,64.3,10.3
1779721200,24.5,17.7,17.9,35.4,4.4,36,63,49.6,66.8,3.3,1006.8,1023.8,1015.4,54,80.6,66.7,66.6,8.5
1779724800,27.5,18.9,16.3,32.9,4.4,35.1,63,49.2,68.4,2.8,1006.3,1023.6,1015.2,55,82,68.3,68.1,7.7
1779728400,29.5,15.3,15.5,33.3,6.4,35.6,62.6,49,69.3,2.6,1005.6,1023.3,1014.8,55,82.9,69.2,69,4.8
1779732000,26.8,14.2,15.6,37.5,5.8,35.1,62.1,48.8,69.7,2.5,1005.6,1022.4,1014.4,55,82.9,69.6,69.5,3.1
1779735600,25.5,13.8,17,38.8,5,35.6,62.1,48.8,69.9,2.5,1005.7,1022,1014.1,55,82.9,69.8,69.7,2.1
1779739200,25.8,14.3,16.1,37.8,6,35.1,61,48.6,69.4,2.5,1005.5,1021.8,1014,55,82.9,69.4,69.3,3.7
1779742800,25.2,17.3,16.9,33.9,6.7,33.8,62.1,48.7,68.7,2.6,1005.3,1021.5,1013.9,55.4,82,68.7,68.6,4.4
1779746400,26.3,21.7,14.1,33.4,4.6,34,62.6,48.6,67.1,3,1006,1021.6,1014.1,54,80.1,67.1,67,3.2
1779750000,21.3,25.9,15.5,34.3,3,35.1,62.1,49.1,64.4,3.9,1006.7,1021.7,1014.3,53.1,75.9,64.4,64.3,8.6
1779753600,15.5,31.3,19.3,30.2,3.7,35.6,62.1,49.2,60.3,6.2,1006.8,1022,1014.6,50,71.1,60.3,60.1,23.2
1779757200,14,37.1,14.3,32.2,2.3,36.9,61,49,57.4,8.4,1007,1022.5,1015,46.4,68,57.4,57,30.8
1779760800,11.4,40.4,11.4,33.6,3,36,61,48.9,55.5,9.9,1007.6,1022.9,1015.3,44.6,66,55.5,55.1,38.6
1779764400,12.5,41.3,9.2,34.9,2.1,36.9,60.8,48.6,53.9,11.4,1007.4,1023.3,1015.4,43,64.9,53.9,53.4,39.9
1779768000,12.1,43.1,9.6,34,1.2,36.3,59.9,48.2,52.8,12.4,1007.2,1023.1,1015.3,41.5,63.5,52.8,52,39.2
1779771600,12.6,40.6,9.7,34.7,2.5,35.6,59,47.8,51.6,13.5,1007,1023,1015.1,39.9,62.1,51.6,50.7,38.5
1779775200,10.6,41.1,9.3,36.5,2.5,35.1,60.1,47.6,51,14.1,1006.7,1023,1014.8,39,62.1,51,50.3,42.7
1779778800,10,38.8,9.8,39.3,2.1,35.1,59,47.1,50.2,14.9,1006.7,1023.3,1015,37.9,61,50.2,49.4,47.3
1779782400,12.9,33.1,12.7,40.3,1,35.1,59,46.8,49.8,15.3,1006.7,1023.5,1014.9,37.9,61,49.8,48.8,39.4
1779786000,14.2,26.2,15.2,41.1,3.4,34,59,46.6,49.3,15.8,1007,1023.8,1015.2,37,61,49.3,48.4,46.8
1779789600,17,28.4,10.5,42.4,1.7,36,59,47.8,51.2,13.9,1007.3,1024.2,1015.6,39.9,62.1,51.2,50.2,36
1779793200,17.6,28.5,12.1,38.4,3.4,37.9,60.8,49.3,54.3,11,1006.9,1024.5,1015.8,44.6,64.9,54.3,53.3,32.2
1779796800,18.7,27,15.4,36.3,2.6,37.9,62.1,50,58,7.9,1006.8,1024.5,1015.9,48.2,69.1,58,57.6,25.9
1779800400,22.8,25.6,15.9,32.5,3.2,37.4,63,50.6,62.1,5.2,1007.2,1024.4,1016,51.8,73.9,62,61.7,16.7
1779804000,22.1,22.6,18,33.2,4.1,37,64,50.6,65.2,3.7,1007.1,1023.7,1015.5,53.6,78.1,65.2,64.9,9.6
1779807600,26.7,18.1,17.4,33.3,4.4,36.9,63,50.1,67.5,2.9,1006.9,1023.5,1015.3,55,80.6,67.3,67.2,8.1
1779811200,28.1,19.1,16.5,31.4,4.9,35.6,63,49.5,69,2.5,1006.5,1022.7,1015,55.4,82,68.8,68.7,7.5
1779814800,29.3,15.5,15.9,32.7,6.6,36,63,49.4,69.9,2.3,1005.8,1022.4,1014.6,55.9,82.9,69.8,69.6,4.8
1779818400,27.9,14.3,15.5,35.8,6.6,35.6,62.6,49.2,70.2,2.2,1005.8,1021.8,1014.3,55.9,82.9,70.1,70.1,3.3
1779822000,26.2,14.3,17.2,36.8,5.5,35.6,62.6,49.1,70.5,2.1,1005.8,1021.6,1014,55.9,82.9,70.4,70.3,2.5
1779825600,25.8,14.4,16.7,36.3,6.8,35.1,62.1,49.1,70,2.1,1005.9,1021.4,1013.8,55.9,82.9,70,69.9,3.5
1779829200,25.4,17.8,17.1,32.8,6.9,34.9,62.6,49.1,69.3,2.2,1006,1021.2,1013.8,55.9,82,69.3,69.2,4.4
1779832800,26.6,21.9,14.8,32.3,4.4,35.1,63,49.1,67.7,2.6,1006.3,1021.2,1013.9,55,80.1,67.7,67.6,3.9
1779836400,20.9,26.2,16.2,33.4,3.2,36.9,62.6,49.7,65,3.5,1006.9,1021.4,1014.2,54,75.9,65,64.8,9.1
1779840000,15,31.2,19.6,30.5,3.7,36.9,62.6,49.7,60.8,5.8,1006.9,1021.7,1014.4,50,71.1,60.7,60.6,21.9
1779843600,14.3,37.7,14.5,31.1,2.3,37.4,61,49.5,57.8,8,1007,1021.9,1014.9,46.9,68,57.8,57.4,30.6
1779847200,11,41.6,11.4,33.2,2.8,37.4,61,49.5,56,9.5,1007.6,1022.2,1015.1,45,66.2,56,55.7,39
1779850800,11.8,42.1,10.2,34.3,1.7,37.4,60.8,49,54.3,11,1007.4,1022.6,1015.2,43.9,64.9,54.3,53.8,38.9
1779854400,11.5,44.4,9.6,33.1,1.5,36.7,60.5,48.6,53.1,12.1,1007.2,1022.5,1015,42.5,63.5,53.1,52.5,39.5
1779858000,13.9,41.1,9.2,33.7,2.2,36,60.1,48.2,51.9,13.2,1007,1022.5,1014.9,41,62.1,51.9,51.1,40.1
1779861600,11.1,42.2,9,35.4,2.3,35.6,60.1,48,51.4,13.8,1006.8,1022.7,1014.8,39.2,62.6,51.3,50.7,42.3
1779865200,9.8,40.3,9.3,39,1.6,35.6,60.1,47.4,50.5,14.6,1006.8,1022.5,1014.8,39,62.1,50.5,49.7,47.3
1779868800,14,33.9,12.4,38.8,1,35.6,59,47.1,50,15.1,1006.8,1022.6,1014.8,37.9,61,50,49.1,39.4
1779872400,15.3,27.1,14,39.7,3.9,34.9,59,46.9,49.6,15.5,1007.1,1023.3,1015.2,37.4,61,49.6,48.7,45.5
1779876000,16.6,27.2,10.6,43.3,2.3,36.9,60.1,48.1,51.6,13.6,1007.5,1023.9,1015.6,41,63,51.6,50.6,35.9
1779879600,16.8,28.5,12.2,38.9,3.6,38.8,60.8,49.6,54.6,10.7,1007.3,1023.8,1015.7,45,64.9,54.6,53.8,32.7
1779883200,17.3,27.1,15.2,37.3,3.1,37.9,62.6,50.3,58.3,7.6,1007.4,1024,1015.8,48.2,69.1,58.3,58,25.8
1779886800,21.7,25.3,16.4,33.2,3.5,38.8,63,50.9,62.3,4.9,1007.2,1024,1015.9,52,73.4,62.2,62,17.8
1779890400,22.8,22.4,18.2,32.3,4.4,37.9,64,50.9,65.5,3.5,1007.2,1023.2,1015.4,54,77,65.5,65.3,10.3
1779894000,27.5,18.7,16.9,32.6,4.4,37,63.9,50.4,67.7,2.7,1006.9,1023.1,1015.2,55.4,80.1,67.6,67.5,8.5
1779897600,28.4,19.1,16.7,30.5,5.3,36,63,49.9,69.3,2.2,1006.7,1022.5,1014.9,55.9,82,69.1,69.1,7.7
1779901200,29.7,15.5,16.4,31.5,6.8,36.9,63,49.7,70.2,2.1,1006.3,1022.1,1014.5,56.8,82.9,70,69.9,5.3
1779904800,28,14.1,16.5,35.1,6.4,36,62.6,49.4,70.4,2,1006.3,1021.5,1014.2,57,82.9,70.3,70.3,3.8
1779908400,26.1,14.7,17.2,36.5,5.5,36,62.6,49.5,70.7,2,1006,1021,1013.8,57,82.9,70.5,70.5,3.2
1779912000,24.5,14.2,17.2,37.1,7.1,36,62.1,49.5,70.1,2,1006.2,1021.1,1013.7,57,82.9,70,70,3.5
1779915600,25.3,17.5,17.1,33.4,6.7,35.6,62.6,49.5,69.4,2.1,1006.6,1020.8,1013.7,57,82,69.3,69.2,4.4
1779919200,25.8,21.7,15,32.9,4.6,35.6,63,49.5,67.7,2.6,1006.8,1020.9,1013.8,55.4,80.1,67.7,67.6,5.1
1779922800,20.7,25.6,16.3,34.4,3,37,62.6,50.1,65,3.4,1007.1,1021.2,1014.1,54,75.9,65,64.9,8.9
1779926400,14.4,29.9,20,32.3,3.5,37,63,50.1,60.9,5.6,1007.1,1021.5,1014.4,51.1,71.1,60.9,60.8,22.7
1779930000,14.5,36.1,14.5,32.6,2.3,37.9,61,49.9,58.1,7.7,1007.3,1021.8,1014.7,48,68,58.1,57.8,29.9
1779933600,10.7,40.7,11.2,34.3,3,37.4,61.9,49.9,56.4,9.1,1007.8,1022.2,1015,45.9,66.2,56.4,56.1,38.1
1779937200,11.5,41.2,10.1,35.5,1.6,37.4,61,49.4,54.6,10.7,1007.4,1022.3,1015,44.1,64.9,54.6,54.1,38.3
1779940800,11.5,43.2,9.8,33.7,1.7,37.1,60.5,49,53.4,11.8,1007.2,1022.2,1014.9,42.5,63.8,53.4,52.8,39.5
1779944400,13.9,40.1,9.4,34.2,2.5,36.9,60.1,48.6,52.1,13,1007,1022.1,1014.7,41,62.6,52.1,51.4,40.8
1779948000,10.9,41.7,8.8,36.4,2.3,36,60.1,48.4,51.6,13.5,1006.8,1022.2,1014.6,39.2,62.6,51.6,50.9,43.3
1779951600,10.3,39.7,8.7,39.7,1.6,35.6,60.1,47.9,50.8,14.3,1006.7,1022.2,1014.7,39,62.1,50.8,50,46.8
1779955200,13.2,33,12.5,40.3,1,35.6,59.9,47.5,50.3,14.8,1006.8,1022.2,1014.7,39,62.1,50.3,49.3,39.2
1779958800,15.3,25.6,14.5,40.6,3.9,34.9,59,47.3,49.9,15.2,1007,1022.6,1015,37.9,62.1,49.9,49,45.3
1779962400,17,26.6,10.4,43.7,2.3,37,60.1,48.5,51.8,13.3,1007.5,1023,1015.5,41,63,51.8,50.8,35
1779966000,16.5,27.7,12.1,39.8,3.9,39,61,49.9,54.8,10.4,1007.1,1023.3,1015.7,45,64.9,54.8,54,32.8
1779969600,18.2,25.8,16.4,36,3.6,39,62.6,50.6,58.5,7.4,1007.4,1023.3,1015.7,48.9,69.1,58.5,58.2,27.1
1779973200,21.9,23.8,17.6,33,3.7,39,63,51.3,62.5,4.7,1007.4,1023.5,1015.8,52,73,62.4,62.2,17.8
1779976800,23.4,21.8,17.9,32.6,4.1,37.9,64,51.2,65.7,3.3,1007.2,1022.7,1015.3,55,77,65.6,65.5,10.5
1779980400,28,18.4,16.1,32.9,4.6,37.4,64,50.7,67.8,2.6,1007.2,1022.6,1015.2,55.4,79,67.7,67.6,8.7
1779984000,28.3,18.5,16.8,31.1,5.4,36,63,50.1,69.4,2.1,1006.8,1022.1,1014.8,56.8,81.9,69.2,69.2,7.8
1779987600,29.1,15.7,15.5,33,6.8,37,63,49.9,70.2,2,1006.3,1021.9,1014.4,57.2,82.9,70.1,70,6.2
1779991200,28.2,13.7,16.6,34.8,6.6,36.9,62.6,49.7,70.5,1.9,1006.3,1021.2,1014.1,57.2,82.9,70.4,70.4,4.5
1779994800,27.4,14.1,16.8,35.5,6.2,36,62.6,49.7,70.8,1.9,1006.1,1020.7,1013.7,57.2,82.9,70.6,70.6,3.2
1779998400,26.2,13.3,17.5,36.1,6.9,36,62.1,49.7,70.2,1.9,1006.3,1020.6,1013.7,57.2,82.4,70.1,70.1,3.5
1780002000,25.7,16.7,18.1,32.4,7.2,36,63,49.7,69.5,2,1006.7,1020.6,1013.7,57.2,82,69.4,69.4,4.2
1780005600,25.3,20.9,16.6,32.2,5.1,35.6,63,49.7,67.9,2.4,1007,1020.6,1013.8,55.4,80.1,67.8,67.8,5.5
1780009200,22.1,25.4,17.5,32.4,2.6,37.4,63,50.3,65.2,3.3,1007.1,1020.9,1014,54,75.9,65.2,65.1,8.7
1780012800,15.1,29.2,20.4,31.8,3.5,37.9,63,50.3,61.1,5.5,1007.3,1021.1,1014.3,51.1,71.1,61,60.9,22
1780016400,14.7,35.7,14.9,32.2,2.6,38.8,61,50.2,58.2,7.5,1007.3,1021.7,1014.7,48,68,58.2,57.9,30.3
1780020000,10.7,40.9,11.7,33.6,3,37.9,61.9,50.2,56.5,9,1007.8,1022,1015,46.4,66.2,56.5,56.2,37.4
1780023600,12,41.2,11.3,34.1,1.4,37.4,61,49.7,54.7,10.6,1007.5,1022.1,1014.9,44.6,64.9,54.7,54.3,38.4
1780027200,11.3,43.1,10.8,32.8,2,37.4,60.5,49.3,53.5,11.7,1007.4,1022,1014.8,42.8,63.8,53.5,53,39.8
1780030800,13.9,40.2,10.2,33.7,2,37.4,60.1,48.8,52.4,12.8,1007.2,1021.9,1014.6,41,62.6,52.4,51.7,41.1
1780034400,10.7,41.5,9.4,36.4,2,37,60.8,48.6,51.8,13.3,1007,1022,1014.5,39.9,62.6,51.8,51.2,43.8
1780038000,9.5,39.2,10.1,40.2,1.1,35.6,60.1,48.2,51.1,14,1006.8,1022.1,1014.6,39,62.1,51.1,50.3,46
1780041600,12.5,31.9,13.8,40.7,1,36,60.1,47.8,50.6,14.5,1006.8,1022.1,1014.5,39,62.1,50.6,49.6,38.8
1780045200,15.7,25.2,14.7,40.4,4,35.1,59,47.7,50.2,14.9,1007.1,1022.2,1015,37.9,62.1,50.2,49.4,45.2
1780048800,16.9,26.3,11,43.2,2.6,37.4,60.1,48.9,52.1,13,1007.6,1022.9,1015.4,41.9,63,52.1,51.2,33.2
1780052400,16.9,27.9,12.2,38.9,4.2,39.2,61,50.3,55.2,10.1,1007.3,1023,1015.5,45.9,64.9,55.1,54.4,33.6
1780056000,19,25.2,17.3,34.9,3.6,39,62.6,51,58.8,7.1,1007.5,1022.9,1015.6,50,69.1,58.8,58.5,27.4
1780059600,22.6,23.3,17.7,32.9,3.5,39,64,51.6,62.7,4.5,1007.6,1022.9,1015.7,53.1,73,62.7,62.5,18.5
1780063200,23.8,20.8,18.8,32.5,4.1,37.9,64,51.6,65.9,3.1,1007.3,1022.2,1015.2,55,77,65.9,65.8,10.5
1780066800,29.1,17.7,16.1,32.1,5,37.4,64,51.1,68.1,2.4,1007.2,1022.2,1015,55.9,79,68,67.9,9.4
1780070400,28.5,17.1,17.1,31.1,6.3,36,63,50.5,69.7,2,1007,1021.7,1014.6,57.2,82,69.4,69.4,8.1
1780074000,29.7,15,15.2,33.1,7,37,63,50.4,70.5,1.8,1006.3,1021.4,1014.3,57.2,82.9,70.4,70.3,5.9
1780077600,29.1,13.2,16.8,34.5,6.4,37,62.6,50.2,70.8,1.7,1006.3,1020.9,1013.9,57.2,82.9,70.7,70.7,4.8
1780081200,28.5,13.7,16.2,35.4,6.3,37,62.6,50.2,71.1,1.7,1006,1020.5,1013.5,57.9,82.9,71,70.9,3
1780084800,26.6,13.4,16.2,36.7,7.2,37,62.6,50.2,70.4,1.8,1006.3,1020.2,1013.5,57.2,82.4,70.3,70.3,3.5
1780088400,25.6,16.6,17.1,33.3,7.4,36.9,63,50.3,69.8,1.8,1006.7,1020.4,1013.5,57.2,82,69.7,69.7,4.4
1780092000,25.1,20.7,16.1,32.9,5.3,36,63,50.3,68.2,2.3,1007,1020.5,1013.6,55.9,80.1,68.1,68.1,6
1780095600,22.6,24.2,17.4,33,2.8,37.9,63,50.9,65.5,3.1,1007.1,1020.4,1013.8,54.9,75.9,65.5,65.4,8.9
1780099200,14.4,28.3,20.9,32.9,3.5,37.9,63,50.9,61.4,5.3,1007.1,1021.1,1014.1,51.8,71.1,61.4,61.3,21.3
1780102800,15.1,34.4,14.4,33.7,2.3,39.2,62.1,50.8,58.7,7.2,1007.3,1021.4,1014.5,48.9,68,58.7,58.4,30.2
1780106400,10.5,39.6,11.9,34.9,3,39.2,62.6,50.7,57,8.6,1007.8,1021.6,1014.7,46.4,66.9,56.9,56.7,36.7
1780110000,11.8,39.4,12.3,35.4,1.2,39,62.1,50.2,55.2,10.1,1007.5,1021.9,1014.7,44.6,64.9,55.2,54.9,39.4
1780113600,11.5,41.6,11,34,2,38.2,61.5,49.8,54.1,11.1,1007.3,1021.8,1014.5,43.7,64,54,53.6,39.8
1780117200,14.1,39,9.7,35,2.2,37.4,60.8,49.3,53,12.2,1007.1,1021.7,1014.4,42.8,63,52.9,52.3,40.1
1780120800,10.4,40.2,9.4,37.9,2,37.4,60.8,49.1,52.4,12.8,1007,1021.7,1014.3,41,63,52.4,51.8,42.5
1780124400,9.7,38,10.2,40.8,1.3,36,60.8,48.7,51.6,13.5,1006.8,1022.1,1014.5,39.2,62.6,51.6,50.9,44.3
1780128000,12.9,30.4,13.9,42,0.8,36.9,60.1,48.3,51.1,14,1006.8,1021.9,1014.4,39.2,62.6,51.1,50.2,37.8
1780131600,16.2,24.1,14.9,40.8,4,35.6,60.1,48.2,50.7,14.4,1007.1,1022.4,1014.8,37.9,62.1,50.7,50,44.9
1780135200,15.7,25.7,11.8,44.7,2.1,37.9,60.8,49.4,52.7,12.5,1007.5,1022.9,1015.2,42.1,63,52.7,51.8,33.4
1780138800,16.9,27.9,11.7,39.9,3.7,39.9,62.1,50.8,55.6,9.8,1007.1,1022.5,1015.3,46,66,55.6,55,33.2
1780142400,19.9,25.1,16.7,34.9,3.3,39.2,63,51.5,59.2,6.8,1007.4,1022.9,1015.4,50,69.1,59.2,59,26.9
1780146000,23.3,22.4,18,33,3.2,39.9,64.4,52.1,63.1,4.3,1007.4,1022.6,1015.5,53.6,73.9,63,62.9,18.1
1780149600,24.3,20.4,18.6,32.1,4.6,39,64.4,52.1,66.3,2.9,1007.2,1022.1,1015,55.4,77,66.2,66.1,10.7
1780153200,30.9,17.3,15.4,31.3,5.1,37.9,64,51.5,68.4,2.2,1007.1,1022,1014.8,57,80.1,68.3,68.2,9.2
1780156800,29.1,16,17.6,31,6.3,37.4,63,51,69.9,1.8,1006.7,1021.3,1014.5,57.2,82,69.7,69.7,8.1
1780160400,30.2,14.1,15.2,33.6,7,37.4,63,50.7,70.8,1.7,1006.3,1021.1,1014.1,59,82.9,70.6,70.6,6.2
1780164000,29.8,12.1,17.3,33.8,7.1,37,62.6,50.6,71,1.6,1006.2,1020.6,1013.8,59,82.9,70.9,70.9,5
1780167600,29.2,12.5,17.1,34.7,6.5,37.4,62.6,50.6,71.4,1.6,1005.8,1020.2,1013.4,57.9,82.9,71.2,71.2,3.2
1780171200,26.7,13.7,16.2,36.2,7.2,37.4,62.6,50.5,70.7,1.7,1006,1020,1013.3,57.9,82.4,70.6,70.6,3.5
1780174800,26,16.4,16.8,32.5,8.3,37.4,63,50.6,70,1.7,1006.5,1020.1,1013.4,57.9,82,69.9,69.9,3.9
1780178400,23.6,19.9,17.6,33.5,5.5,36.9,63,50.7,68.4,2.1,1006.8,1020.3,1013.5,57,80.1,68.3,68.3,6
1780182000,22.7,23.6,17.6,33.8,2.3,37.9,63,51.3,65.8,3,1007,1020.2,1013.7,55.4,75.9,65.7,65.7,9.1
1780185600,14.7,28.1,20.2,33.5,3.5,39.2,63,51.1,61.7,5.1,1006.9,1020.8,1014,51.8,71.6,61.6,61.6,20.9
1780189200,14.2,33.7,15.3,34.4,2.3,39.9,62.1,51.1,59,6.9,1007,1021.3,1014.4,48.9,69.1,59,58.8,30.4
1780192800,9.8,39.8,11.9,35.4,3,39.9,62.6,50.9,57.2,8.4,1007.7,1021.2,1014.6,46.9,66.9,57.2,57,36
1780196400,12.3,39.2,12.1,35.2,1.2,39.9,62.1,50.5,55.5,9.8,1007.2,1021.6,1014.6,45,64.9,55.5,55.2,40
1780200000,11.3,42.6,9.9,34.5,1.7,38.9,61.5,50.1,54.4,10.9,1007.1,1021.4,1014.5,43.9,64,54.4,54,40.4
1780203600,14.4,39.1,9.7,34.8,2,37.9,61,49.7,53.3,11.9,1007,1021.1,1014.4,42.8,63,53.3,52.7,40.8
1780207200,10.2,39.2,10.9,37.9,1.8,37.4,60.8,49.4,52.7,12.5,1006.8,1021.5,1014.3,42.1,63,52.7,52.1,43.1
1780210800,10,37.4,10.5,40,2.1,36.9,60.8,49,51.9,13.2,1006.8,1021.9,1014.4,39.9,62.6,51.9,51.2,44.5
1780214400,13,29.5,14.4,42,1.1,37,60.1,48.6,51.4,13.7,1006.7,1021.7,1014.4,39.2,62.6,51.4,50.6,37.8
1780218000,16.2,23.5,14.9,41.3,4.1,37,60.8,48.5,51.1,14,1007,1022,1014.7,39.2,62.1,51.1,50.4,44.4
1780221600,16.3,25.4,11.4,44.8,2.1,37.9,60.8,49.8,53.1,12.1,1007.5,1022.6,1015.1,42.8,64,53,52.2,33.6
1780225200,16.5,27.7,11.9,40.2,3.7,39.9,62.6,51.1,56,9.5,1007.1,1022.5,1015.2,46.4,66,55.9,55.4,32.8
1780228800,19.2,25.7,16.8,35.3,3.1,39.9,63,51.7,59.5,6.7,1007.4,1022.6,1015.3,50,70,59.5,59.3,27.2
1780232400,22.9,22.4,19.2,33,2.5,39.9,64.4,52.4,63.4,4.1,1007.5,1022.3,1015.4,53.6,73.9,63.3,63.2,18.3
1780236000,23.3,21,18.9,32.1,4.6,39.2,64.4,52.4,66.5,2.8,1007.3,1021.9,1014.9,55.4,77,66.4,66.4,10.7
1780239600,30.5,16.5,15.8,31.7,5.5,37.9,64,51.8,68.6,2.1,1007.2,1021.8,1014.8,57.2,80.1,68.5,68.5,9.6
1780243200,28.8,15.7,18,30.7,6.8,37.9,63,51.4,70.1,1.7,1007.2,1021.3,1014.5,57.9,82.4,69.9,69.9,7.6
1780246800,29.9,13.8,16.6,33.1,6.6,37.9,64,51.2,71,1.6,1006.3,1021,1014.1,59,82.9,70.8,70.8,6.8
1780250400,30.1,12,18.4,32.5,7.1,37.4,63,50.9,71.2,1.5,1006.5,1020.6,1013.9,59,82.9,71.2,71.2,5.2
1780254000,28.1,12.3,18.6,34.1,7,37.9,63,50.9,71.5,1.5,1006.3,1020.2,1013.5,59,82.9,71.4,71.4,3.2
1780257600,25.7,13.2,17.8,35.6,7.6,37.4,63,50.9,70.9,1.6,1006.3,1020,1013.4,57.9,82.4,70.8,70.8,3.5
1780261200,25.7,16.7,17.4,32.6,7.6,37.9,64,51,70.2,1.6,1006.5,1020.1,1013.4,57.9,82,70.2,70.2,4.6
1780264800,23.6,20.1,17.6,33.3,5.5,37.9,63,51,68.7,2,1006.8,1020.3,1013.5,57.2,80.1,68.7,68.6,6.3
1780268400,21.9,23.3,17.1,35.3,2.3,39,63.9,51.7,66,2.8,1007,1020.2,1013.7,55.4,75.9,66,65.9,8.9
1780272000,13.7,28.3,19.5,35,3.5,39.2,63,51.6,62,4.9,1007,1020.8,1014.1,51.8,72,62,61.9,20.8
1780275600,14.4,33.1,15.3,34.7,2.5,41,63,51.4,59.3,6.7,1007.3,1021.2,1014.5,50,69.1,59.3,59.1,30.4
1780279200,10.3,39,12.4,35.3,3,41,63,51.3,57.4,8.2,1007.8,1021.2,1014.7,46.9,66.9,57.4,57.3,37.1
1780282800,12.3,38.9,12.7,35.1,0.9,39.9,62.1,50.9,55.7,9.6,1007.5,1021.6,1014.7,45,66,55.7,55.4,41.4
1780286400,11,42.5,10.5,34.2,1.7,39.5,62.1,50.5,54.7,10.6,1007.4,1021.6,1014.5,43.9,65,54.7,54.3,42
1780290000,14.9,39.5,9.4,34.7,1.5,39,62.1,50,53.6,11.6,1007.2,1021.6,1014.4,42.8,64,53.6,53.2,42.6
1780293600,10.1,39,11.3,37.8,1.8,37.9,61,49.8,53,12.1,1007,1021.7,1014.3,42.8,64,53,52.5,42.7
1780297200,9.9,37.8,10.7,40.1,1.6,37,61,49.3,52.2,13,1007,1021.9,1014.5,39.9,63,52.2,51.5,44.9
1780300800,13.3,28.9,15.6,41.1,1.1,37.4,60.8,48.9,51.6,13.5,1006.9,1021.7,1014.4,39.2,63,51.6,50.9,39.4
1780304400,17.1,24.4,14.1,40.7,3.8,37,60.8,48.8,51.4,13.7,1007.1,1021.9,1014.8,39.9,62.6,51.4,50.8,45.2
1780308000,16.5,25,11.6,44.6,2.3,38.8,61,50.1,53.4,11.8,1007.7,1022.5,1015.1,42.8,64,53.4,52.6,34.7
1780311600,17.2,27.5,12,39.8,3.4,39.9,63,51.3,56.2,9.2,1007.4,1022.4,1015.2,46.4,66.2,56.2,55.7,33.6
1780315200,19.1,26.3,16.5,34.8,3.3,39.9,63.9,52.1,59.9,6.4,1007.5,1022.6,1015.3,51.1,70,59.9,59.8,29.5
1780318800,23.3,22.4,18.7,33.2,2.5,41,64.9,52.7,63.7,3.9,1007.6,1022.3,1015.3,54,75,63.7,63.6,18.5
1780322400,24.4,20.7,19.1,31.5,4.4,39.2,64.9,52.7,66.9,2.6,1007.6,1021.9,1015,55.4,78.1,66.8,66.8,10.7
1780326000,30.4,15.5,16.7,31.1,6.4,38.8,64.4,52.1,69,2,1007.5,1021.7,1014.8,57.2,80.6,68.9,68.8,10.1
1780329600,30,14.8,18.3,29.8,7,38.8,64,51.7,70.5,1.6,1007.3,1021.2,1014.5,57.9,82.4,70.3,70.3,7.2
1780333200,30.6,14.3,16.3,31.7,7,37.9,64,51.5,71.5,1.4,1006.5,1020.8,1014.1,59,82.9,71.3,71.3,6.4
1780336800,29.6,11.8,19.5,31.5,7.5,37.4,63,51.3,71.7,1.4,1006.5,1020.4,1013.8,59,84,71.7,71.6,5
1780340400,28.4,11.9,19.3,32.8,7.7,39,64,51.2,72,1.4,1006.3,1020,1013.4,59,84,71.9,71.8,3
1780344000,25.3,13,19,34.8,7.9,37.9,63,51.3,71.3,1.5,1006.4,1019.9,1013.3,57.9,82.9,71.2,71.2,3.5
1780347600,26,17.1,18.2,31.4,7.3,37.9,64,51.3,70.7,1.5,1006.6,1019.8,1013.3,59,82,70.6,70.6,5
1780351200,23.1,21,17.3,33,5.5,37.9,64.4,51.5,69.1,1.9,1006.9,1020.1,1013.5,57.2,80.6,69,69,6
1780354800,22.1,24.4,16.4,34.8,2.3,39.2,64,52.2,66.4,2.7,1007.1,1020.2,1013.7,55.4,77,66.4,66.4,8.6
1780358400,14.7,28.2,18.4,35.7,3,39.2,64,52,62.4,4.6,1007.1,1020.7,1014,52,72,62.4,62.4,21.2
1780362000,14.4,32.7,16,34.3,2.6,41,64,51.9,59.7,6.4,1007.4,1021.1,1014.4,50,69.8,59.7,59.5,30.2
1780365600,9.8,39.1,13.3,35.1,2.6,41,63,51.7,57.8,7.8,1007.8,1021.2,1014.7,47.8,66.9,57.8,57.7,37
1780369200,11.6,39,13.8,34.7,1,41,62.6,51.3,56.2,9.2,1007.6,1021.6,1014.6,46,66.2,56.2,56,41.7
1780372800,10.3,43.6,10.3,33.6,2.2,40,62.4,50.8,55.1,10.2,1007.5,1021.4,1014.5,44.4,65.3,55.1,54.9,42.4
1780376400,14.1,40.4,9.7,34,1.7,39,62.1,50.4,54,11.2,1007.3,1021.1,1014.4,42.8,64.4,54,53.7,43
1780380000,10.3,40.2,11.1,36.4,2,38.8,61,50.2,53.3,11.8,1007,1021.5,1014.3,42.8,64,53.3,52.8,42.3
1780383600,9.1,39.2,11.2,38.7,1.8,37.4,61,49.7,52.5,12.6,1007,1021.6,1014.4,41,63,52.5,51.9,44.2
1780387200,12.4,29.9,16.4,40.2,1.1,37.4,60.8,49.3,52,13.1,1006.9,1021.7,1014.4,39.9,63,52,51.3,40.1
1780390800,18.2,24.9,14.4,38.8,3.7,37.4,61,49.2,51.7,13.4,1007.1,1021.9,1014.8,39.9,63,51.7,51.2,45.3
1780394400,16.2,25.9,12.8,43.1,2.1,39,62.1,50.5,53.8,11.4,1007.7,1022.4,1015.1,43,64,53.7,53,34.6
1780398000,18.6,27.1,12.7,37.9,3.7,41,63,51.7,56.7,8.8,1007.5,1022.4,1015.2,46.9,66.9,56.7,56.1,32.6
1780401600,18.7,26.6,16.3,34.9,3.6,41,64.9,52.5,60.4,6.1,1007.7,1022.5,1015.3,51.8,71.1,60.3,60.3,28.9
1780405200,22.4,22.8,18,33.9,3,41,66,53.2,64.2,3.7,1007.6,1022.3,1015.3,54.9,75,64.1,64.1,17.6
1780408800,24.2,20.7,18.9,32,4.1,39.9,66,53.2,67.3,2.4,1007.6,1021.9,1014.9,55.4,78.8,67.2,67.2,11
1780412400,30.7,14.9,17.6,30.7,6.2,39.9,64.9,52.6,69.4,1.9,1007.5,1021.7,1014.8,57.2,81,69.2,69.2,9.7
1780416000,30.5,13.4,19,29.6,7.5,39,64.9,52.1,70.9,1.5,1007.4,1021.1,1014.5,59,82.9,70.6,70.6,6.2
1780419600,30.7,13.6,17,31.1,7.5,37.9,64.4,51.9,71.8,1.4,1006.7,1020.7,1014.1,59,84,71.6,71.6,5.7
1780423200,29.6,12.5,19.8,30.6,7.5,37.9,64,51.8,72.1,1.3,1006.5,1020.3,1013.7,59,84,72,72,4.5
1780426800,28.9,12.1,20,30.5,8.4,39,64,51.6,72.5,1.3,1006.3,1020,1013.4,59,84.2,72.3,72.3,2.8
1780430400,26.5,12.6,20.7,31.9,8.4,38.8,64,51.7,71.9,1.4,1006.3,1019.9,1013.3,59,82.9,71.7,71.7,3.5
1780434000,25.9,17.6,20.1,29.3,7.1,37.9,64.4,51.6,71.2,1.4,1006.5,1019.9,1013.2,59,82.4,71.1,71.1,4.8
1780437600,22.7,21.5,19.4,31,5.3,37.9,64.9,51.8,69.6,1.8,1006.8,1020.1,1013.5,57.2,81,69.5,69.4,6
1780441200,21.4,25.5,17.5,33.6,2.1,39.2,64.4,52.4,67,2.5,1007.1,1020.2,1013.7,55.9,77,66.9,66.9,8.4
1780444800,15.4,29.6,18.9,33.6,2.6,39.9,64,52.3,62.8,4.4,1007.4,1020.6,1014,52.9,72,62.8,62.8,20.9
1780448400,14.3,34.2,17.1,32.1,2.3,41,64,52.2,60,6.2,1007.4,1021.1,1014.5,50,70,60,59.9,31.1
1780452000,9.9,40.6,13.8,33.3,2.3,41,63,52,58.1,7.6,1007.8,1021.1,1014.7,48,66.9,58.1,58.1,38.1
1780455600,11.1,40.9,13.7,33.3,0.9,41,63,51.6,56.4,9,1007.6,1021.5,1014.7,46.4,66.2,56.4,56.2,41.5
1780459200,9.3,45.7,10.5,32,2.4,40,62.8,51.2,55.3,10.1,1007.5,1021.3,1014.6,44.7,65.6,55.3,55,42
1780462800,13.2,42.4,9.4,33.3,1.7,39,62.6,50.7,54.3,11.1,1007.5,1021,1014.5,43,64.9,54.2,53.9,42.4
1780466400,10.3,42.5,11.3,34.4,1.5,39,62.1,50.4,53.5,11.7,1007.1,1021.3,1014.4,42.8,64.4,53.5,53,43.1
1780470000,10.2,40.2,10.7,37.3,1.6,37.4,61.9,49.9,52.7,12.5,1007.3,1021.4,1014.5,41,64,52.7,52.1,44.6
1780473600,13,31,16.4,38.2,1.3,37.4,61,49.5,52.1,13,1007,1021.6,1014.5,39.9,63,52.1,51.5,40.4
1780477200,18,25,15.5,37.5,4,37.4,61,49.4,51.9,13.3,1007.2,1021.9,1014.9,39.9,63,51.9,51.3,44.3
1780480800,16,26.5,12.6,42,2.8,39.9,62.6,50.7,53.9,11.3,1007.8,1022.4,1015.2,43,64,53.9,53.2,34.5
1780484400,18.4,27.7,13.2,37.3,3.4,41,63.9,52,56.9,8.6,1007.8,1022.4,1015.3,46.9,66.9,56.9,56.4,32.1
1780488000,19.3,26.2,16.9,34,3.6,41.9,64.9,52.8,60.6,5.9,1007.7,1022.5,1015.4,51.8,71.6,60.6,60.5,27.9
1780491600,22.6,23.8,18,32.3,3.2,42.1,66,53.4,64.5,3.5,1007.8,1022.3,1015.4,55,75,64.4,64.3,17.7
1780495200,24.7,20.5,20,30.4,4.4,41,66,53.5,67.8,2.3,1007.6,1021.9,1015,55.9,78.8,67.6,67.6,11.7
1780498800,32,14.9,18.1,29.1,5.9,39.9,64.9,52.9,69.8,1.7,1007.6,1021.5,1014.9,57.9,81.9,69.6,69.6,9.9
1780502400,31.1,12.9,19.9,28.6,7.5,39.2,64.9,52.4,71.3,1.4,1007.5,1021,1014.6,59,83.8,71,71,6.2
1780506000,29.8,13.6,18.2,30.9,7.5,39.2,64.9,52.2,72.3,1.3,1006.8,1020.7,1014.2,59,84.9,72.1,72.1,5.7
1780509600,31,12.8,20.1,28.6,7.6,39,64.4,52.1,72.6,1.2,1006.5,1020.3,1013.8,60.1,84,72.5,72.5,4.8
1780513200,28.4,12.8,21,29.4,8.4,39,64,51.9,72.9,1.2,1006.7,1020,1013.5,60.1,84.9,72.7,72.7,2.6
1780516800,27.5,12.8,21.2,30.3,8.2,37.9,64,51.9,72.4,1.3,1006.7,1019.8,1013.4,59,83.8,72.2,72.2,3.5
1780520400,26.3,18.1,20.2,28.1,7.3,37.9,64.4,51.8,71.6,1.3,1006.7,1019.8,1013.4,59,82.9,71.5,71.5,4.5
1780524000,23.5,22.1,19.8,29.8,4.7,37.9,64.9,52.2,70,1.7,1007.1,1020.1,1013.5,57.2,81,69.8,69.8,5.8
1780527600,21.9,25.6,17.5,32.9,2.1,39.2,64.4,52.7,67.4,2.3,1007.1,1020.2,1013.8,55.9,78.1,67.2,67.2,8.1
1780531200,16.1,29.7,18.5,33.2,2.6,39.2,64.4,52.5,63.2,4.1,1007.5,1020.7,1014.1,53.6,72,63.1,63.1,18.4
1780534800,14.6,34.3,16.9,31.7,2.5,41,64,52.4,60.4,5.9,1007.6,1021.1,1014.5,50,70,60.4,60.3,29.5
1780538400,9.6,41.3,14.1,32.6,2.3,41,63.9,52.3,58.5,7.3,1007.9,1021.1,1014.7,48,68,58.5,58.5,37.5
1780542000,10.9,41.4,13.9,32.6,1.2,41,63,51.9,56.8,8.7,1007.7,1021.4,1014.7,46.4,66.2,56.8,56.6,40.9
1780545600,9.1,45.8,10.8,31.9,2.5,40.1,62.8,51.4,55.7,9.7,1007.7,1021.2,1014.6,44.7,65.6,55.7,55.4,41.6
1780549200,13.9,42.7,9.4,31.8,2.2,39.2,62.6,50.9,54.6,10.7,1007.6,1021,1014.5,43,64.9,54.6,54.2,42.4
1780552800,10.1,43.2,11.1,33.4,2.3,39.2,62.1,50.6,53.7,11.4,1007.3,1021.5,1014.5,42.8,64.4,53.7,53.3,43.8
1780556400,9.5,40.7,11.1,37.1,1.5,37.9,62.1,50.2,53,12.2,1007.3,1021.4,1014.5,41,64,53,52.4,43.3
1780560000,12.5,30.4,16.8,38.7,1.6,37.9,61,49.9,52.5,12.6,1007,1021.6,1014.6,39.9,64,52.5,51.9,41
1780563600,19.3,24.8,15.3,36.5,4.3,37.9,61.9,49.8,52.3,12.9,1007.2,1021.9,1014.9,39.9,63,52.3,51.8,43.1
1780567200,15.7,26.2,12.9,42.2,3.1,39.9,63,51.2,54.4,10.9,1007.8,1022.3,1015.2,43,64.9,54.4,53.7,34.7
1780570800,19.4,26.7,13.5,37.3,3.2,42.1,64,52.4,57.3,8.3,1007.8,1022.4,1015.3,46.9,66.9,57.3,56.8,31.4
1780574400,18.9,26.7,16.2,34.6,3.6,42.1,64.9,53.2,61,5.6,1007.8,1022.4,1015.4,51.8,72,61,60.9,26.8
1780578000,21.8,24.1,18.5,32.4,3.2,42.1,66.2,53.8,64.8,3.3,1008,1022.2,1015.4,55,75.2,64.7,64.7,16.4
1780581600,25.5,20.7,20,29.4,4.4,41,66,53.9,68.2,2.1,1007.8,1021.9,1015.1,56.8,79,68,68,11.4
1780585200,32.6,15.1,17.9,28.2,6.2,39.9,64.9,53.2,70.2,1.7,1007.8,1021.5,1014.9,57.9,82,70,70,9.7
1780588800,30.8,13.1,19.2,29.3,7.5,39.9,64.9,52.8,71.6,1.4,1007.9,1021,1014.6,59,83.8,71.3,71.3,6.4
1780592400,29.5,13.3,18.8,30.7,7.8,39.9,64.9,52.6,72.6,1.2,1007,1020.6,1014.3,60.1,84.9,72.4,72.4,5.7
1780596000,32.8,12.7,20.3,27.1,7.1,39,64.4,52.4,73,1.1,1006.9,1020.3,1013.9,60.1,84.2,72.8,72.8,4.5
1780599600,29.4,13.5,20.7,28.4,7.9,39.2,64,52.3,73.3,1.1,1006.7,1019.9,1013.6,60.8,84.9,73.1,73.1,2.8
1780603200,27.3,13.8,20.8,30.8,7.2,39,64.4,52.3,72.8,1.2,1006.7,1019.8,1013.4,60.1,84,72.6,72.6,3.1
1780606800,25.7,18.9,20,28.2,7.3,39,64.4,52,72,1.2,1006.8,1019.8,1013.4,59,82.9,71.8,71.8,4.8
1780610400,23.2,22.2,19.7,30.7,4.2,39.2,64.9,52.4,70.4,1.5,1007.1,1020.1,1013.6,57.9,81,70.2,70.2,6.1
1780614000,21.7,25.6,17.1,33.6,2.1,39.9,64.9,52.9,67.7,2.2,1007.2,1020.2,1013.8,57,78.1,67.6,67.6,8.5
1780617600,16.1,29.4,18,33.4,3,41,64.4,52.8,63.6,3.8,1007.4,1020.7,1014.1,53.6,72.9,63.6,63.5,18.9
1780621200,15.2,34.1,17.1,30.9,2.8,41.9,64,52.7,60.8,5.6,1007.6,1021.1,1014.5,50.9,70,60.8,60.7,29.6
1780624800,9.1,40.9,15.2,32.7,2.1,41,64,52.5,58.8,7,1007.9,1021.2,1014.7,48.2,68,58.8,58.8,37.6
1780628400,9.9,42.3,14.4,32.2,1.2,41,63,52.1,57,8.5,1007.7,1021.5,1014.7,46.9,66.2,57,56.9,41.4
1780632000,10.2,45.6,10.9,30.8,2.4,41,62.8,51.7,56,9.4,1007.6,1021.4,1014.7,45.5,65.6,56,55.8,42
1780635600,13.3,42.9,10.3,31.3,2.2,41,62.6,51.2,54.9,10.4,1007.5,1021.2,1014.6,44.1,64.9,54.9,54.6,42.5
1780639200,10.3,42.9,12,32.6,2.3,39.2,62.1,50.9,54,11.2,1007.1,1021.6,1014.5,43,64.4,54,53.6,42.7
1780642800,9.8,39.9,11.9,36.5,1.8,37.9,62.1,50.5,53.3,11.9,1007.3,1021.4,1014.5,42.1,64.4,53.3,52.7,43.4
1780646400,14.2,29.7,16.6,37.4,2.1,38.8,61.9,50.1,52.8,12.4,1006.9,1021.6,1014.5,41,64,52.8,52.3,42.2
1780650000,19.1,24.1,15.3,36.7,4.8,38.8,61.9,50.1,52.6,12.6,1007.1,1021.9,1014.9,41,64,52.6,52.1,42.2
1780653600,16.1,25.8,13.6,41.2,3.3,39.9,63,51.4,54.6,10.6,1007.7,1022.4,1015.2,43.9,64.9,54.6,54,33.6
1780657200,19.2,26.5,13.8,37.6,2.9,42.1,64,52.7,57.5,8.1,1007.6,1022.4,1015.3,46.9,66.9,57.5,57.1,31.6
1780660800,18,26.4,16.8,35,3.8,42.8,64.9,53.5,61.4,5.3,1007.7,1022.5,1015.4,52,72,61.4,61.3,27.1
1780664400,21.8,23.8,18.1,32.9,3.5,42.8,66.2,54.2,65.1,3.2,1007.8,1022.2,1015.3,55.4,75.9,65.1,65.1,16.9
1780668000,25.9,20,19.5,30.3,4.4,41,66,54.2,68.5,2,1007.8,1021.9,1015,57,79,68.3,68.3,12.2
1780671600,32.6,14.7,17.4,29.4,6,39.9,66,53.6,70.6,1.5,1007.6,1021.6,1014.8,57.9,82,70.3,70.3,9.7
1780675200,29.6,12.2,19.1,31.8,7.3,39.9,66,53.2,72,1.2,1007.8,1021.3,1014.6,59.9,84,71.7,71.7,6.2
1780678800,29.4,13.1,18.3,31.7,7.6,41,64.9,53,72.9,1.1,1006.9,1020.7,1014.2,60.8,84.9,72.7,72.7,5.8
1780682400,32.5,13,20.3,27.6,6.6,39.9,64.9,52.8,73.3,1,1006.7,1020.5,1013.9,60.8,84.9,73.1,73.1,4.5
1780686000,28.5,13.6,21.5,28.7,7.7,39.9,64.4,52.7,73.8,0.9,1006.8,1019.9,1013.6,61,84.9,73.5,73.5,2.8
1780689600,27,13.8,21.4,31,6.8,39.9,64.9,52.8,73.2,1,1006.7,1019.8,1013.4,60.1,84.2,73,73,3.1
1780693200,25.6,18.8,20.2,28.8,6.6,39.2,64.4,52.5,72.4,1.1,1006.8,1019.7,1013.3,60.1,84,72.2,72.2,4.8
1780696800,23.1,22.1,19.5,31.3,4,39.2,65.8,52.8,70.7,1.4,1007.3,1020.1,1013.5,59,82,70.6,70.5,6.1
1780700400,22.6,24.9,17.3,33.3,1.8,41,64.9,53.3,68.1,2,1007.3,1020.2,1013.8,57.2,78.8,68,68,8.1
1780704000,16.7,28.6,17.8,33.6,3.3,41.9,64.9,53.2,64,3.6,1007.5,1020.6,1014,54,73,64,63.9,19.2
1780707600,15.2,33.5,17.3,31.4,2.5,42.8,64.4,53.2,61.1,5.3,1007.8,1021,1014.4,51.8,70.9,61.1,61.1,30.8
1780711200,9.6,39.4,16.4,32.6,1.9,42.1,64,53,59.1,6.7,1007.9,1021.2,1014.7,48.9,68,59.1,59.1,37.8
1780714800,9.8,41.1,16,32,1.2,42.8,63.9,52.6,57.4,8.2,1007.7,1021.5,1014.7,46.9,66.9,57.4,57.3,41.5
1780718400,10,46.1,11,30.7,2.2,41.9,63.5,52.2,56.4,9.1,1007.5,1021.4,1014.6,45.8,65.9,56.4,56.2,41.9
1780722000,12.6,42.3,10.4,32.4,2.2,41,63,51.7,55.4,9.9,1007.4,1021.2,1014.5,44.6,64.9,55.4,55.1,42.2
1780725600,10.1,42,12.1,33.9,2,39.9,62.6,51.4,54.5,10.7,1007,1021.5,1014.5,43,64.9,54.5,54.1,42.5
1780729200,8.9,39.4,12.5,37.3,1.8,39,62.6,51,53.8,11.4,1007.2,1021.3,1014.4,42.8,64.9,53.8,53.3,43.8
1780732800,14.3,29.4,16.4,37.7,2.2,39,62.1,50.7,53.3,11.9,1006.9,1021.6,1014.5,42.1,64.4,53.3,52.7,41.9
1780736400,18.8,23.4,15.8,37.9,4.1,39,62.1,50.6,53.1,12.1,1007,1021.8,1014.7,42.1,64,53.1,52.6,41.1
1780740000,15.5,26.5,12.6,42.3,3.1,41,63,51.8,55,10.2,1007.7,1022.4,1015.2,44.6,65.8,55,54.4,33.9
1780743600,19.2,25.6,12.8,39.4,3,42.8,64.4,53.1,57.9,7.7,1007.5,1022.4,1015.2,48,68,57.9,57.5,32.3
1780747200,18,25.9,16.8,36,3.4,43,64.9,54,61.7,5,1007.7,1022.5,1015.3,52,72,61.7,61.7,27.6
1780750800,21,23.1,18,34.2,3.7,42.8,66.9,54.8,65.5,3,1007.6,1022.2,1015.2,55.4,75.9,65.4,65.4,17.8
1780754400,26.5,19.8,19.1,30.9,3.7,42.1,66.2,54.8,68.9,1.8,1007.6,1021.9,1014.9,57.2,79.9,68.6,68.6,13.2
1780758000,32,14.3,17.7,30.1,6,41,66,54.1,70.9,1.4,1007.6,1021.6,1014.8,59,82.4,70.7,70.7,8.8
1780761600,29.5,12.3,18.9,32.3,7.1,39.9,66,53.7,72.3,1.2,1007.6,1021.2,1014.6,60.1,84,71.9,71.9,5.5
1780765200,28.8,12.8,18.5,32.3,7.6,41,64.9,53.4,73.2,1.1,1006.8,1020.6,1014.1,60.8,84.9,72.9,72.9,6
1780768800,32.5,12.6,20.4,28,6.6,39.9,64.9,53.3,73.6,1,1006.7,1020.3,1013.9,61,84.9,73.4,73.4,4.8
1780772400,29.1,13.1,20.5,29.6,7.7,39.9,64.4,53.2,73.9,0.9,1006.8,1019.9,1013.6,61,84.9,73.6,73.6,2.8
1780776000,25.6,13.3,21.6,33.3,6.3,41,64.9,53.3,73.3,1,1006.7,1019.8,1013.3,60.1,84.2,73.1,73.1,3.3
1780779600,25.1,18,19.8,30.8,6.4,41,64.9,53,72.6,1,1006.7,1019.7,1013.2,60.1,84,72.4,72.3,4.8
1780783200,22.2,20.3,20.3,32.9,4.3,39.9,65.8,53.4,70.9,1.3,1007.2,1020,1013.5,59,82,70.7,70.7,6.1
1780786800,22.9,23.1,17.6,34.5,1.9,42.1,64.9,53.8,68.3,1.9,1007.2,1020.2,1013.8,57.2,78.8,68.2,68.2,8.3
1780790400,17.4,26.6,17.2,35.3,3.5,42.1,64.9,53.7,64.3,3.3,1007.5,1020.5,1014,54.9,73,64.3,64.3,17.8
1780794000,16.4,31.9,16.6,33,2.1,42.8,64.4,53.7,61.5,4.9,1007.8,1020.9,1014.4,52,70.9,61.5,61.5,30.7
1780797600,10.1,37.3,16.3,34.7,1.7,43,64.4,53.5,59.5,6.4,1007.9,1021.2,1014.6,50,68,59.5,59.5,37.8
1780801200,10.3,38.9,16.1,33.4,1.2,43,64,53,57.9,7.7,1007.7,1021.4,1014.6,48,66.9,57.9,57.8,41.1
1780804800,10,44.5,10.5,32.3,2.7,42,63.5,52.6,56.9,8.6,1007.5,1021.4,1014.5,46.5,66.5,56.9,56.8,41.8
1780808400,13.3,40.9,9.6,33.7,2.5,41,63,52.2,55.9,9.5,1007.4,1021.4,1014.5,45,66,55.9,55.7,42.4
1780812000,9.3,40.5,12.8,35.4,2,41,62.6,51.9,55.1,10.2,1007,1021.3,1014.3,44.1,64.9,55.1,54.6,41.2
1780815600,8.9,37.8,12.5,38.5,2.3,39.2,63,51.5,54.3,10.9,1006.9,1021,1014.3,43,64.9,54.3,53.9,42
1780819200,14.1,28.7,15.7,39,2.4,39.2,62.6,51.2,53.9,11.4,1006.9,1021.5,1014.4,42.8,64.9,53.9,53.4,41.4
1780822800,18.8,22.6,16.2,38.6,3.9,39.9,62.1,51,53.6,11.6,1007,1021.7,1014.7,42.8,64.4,53.6,53.1,40.4
1780826400,14.2,25.4,13,44,3.4,41,63.9,52.3,55.5,9.8,1007.7,1022.3,1015.1,45,66,55.5,54.9,32.9
1780830000,19.5,24.9,13.1,39.9,2.7,43,64.9,53.6,58.4,7.3,1007.4,1022.3,1015.1,48.2,68,58.4,58,31.1
1780833600,19.1,24.6,16.7,36.6,2.9,44.1,64.9,54.6,62.1,4.8,1007.7,1022.4,1015.2,52.9,72,62.1,62,25.8
1780837200,20.8,22,18.8,34.7,3.7,44.1,66.2,55.3,65.8,2.8,1007.6,1021.9,1015.1,55.4,75.9,65.8,65.7,16.9
1780840800,26.8,18.5,19.4,31.4,3.9,42.8,66.2,55.4,69.2,1.7,1007.6,1021.7,1014.8,59,80.1,69,69,12.8
1780844400,32.3,13.5,17.9,30.5,5.7,42.1,66,54.8,71.3,1.3,1007.6,1021.4,1014.7,59.9,82.4,71,71,8.1
1780848000,31,11.3,19.4,31.2,7.1,41.9,66,54.4,72.7,1.1,1007.8,1020.9,1014.5,60.8,84,72.3,72.3,5.3
1780851600,29.4,11.2,19.5,32.3,7.6,42.1,66,54,73.4,1,1006.8,1020.4,1014.1,60.8,86,73.1,73.1,6
1780855200,32.1,11.2,21.6,27.8,7.4,41.9,64.9,53.9,73.9,0.9,1006.7,1020,1013.8,61,84.9,73.7,73.7,4.3
1780858800,28.9,11.4,21.9,29.1,8.6,41,64.9,53.8,74.1,0.9,1006.9,1019.8,1013.5,61.9,84.9,73.8,73.8,2.6
1780862400,25.1,11.9,23,33.7,6.3,42.1,65.8,53.8,73.5,1,1006.8,1019.7,1013.3,60.8,84.2,73.3,73.2,3.3
1780866000,24.7,16.7,21.5,30.6,6.6,41,65.8,53.7,72.8,1,1006.8,1019.6,1013.2,60.8,84,72.6,72.5,4.8
1780869600,22,18.7,22.2,32.6,4.5,41,65.8,53.9,71.1,1.3,1007.3,1019.8,1013.4,59,82,70.9,70.9,6.1
1780873200,23.4,22.2,18.1,34.3,2.1,42.8,66,54.3,68.6,1.8,1007.5,1020,1013.7,57.9,78.8,68.5,68.5,7.4
1780876800,17.5,25.7,17.7,35.1,4,42.8,64.9,54.2,64.6,3.1,1007.5,1020.3,1014,55.4,73.4,64.6,64.6,18.1
1780880400,17.1,31.6,16.4,33,1.8,43,64.9,54.1,61.8,4.7,1008,1020.8,1014.4,53.1,71.1,61.8,61.8,30.3
1780884000,10.6,36.7,16.9,34.1,1.6,43,64.4,53.8,59.8,6.2,1008,1021.1,1014.6,50,68.9,59.8,59.8,37
1780887600,10.1,38.6,16.1,33.8,1.4,43,64,53.4,58.2,7.5,1008,1021.2,1014.7,48,68,58.2,58.1,39.3
1780891200,10.3,42.9,10.8,32.8,3.2,42.5,63.5,53,57.2,8.3,1007.8,1021.2,1014.6,46.5,67,57.2,57,40.5
1780894800,13.5,39.9,9.6,34.5,2.5,42.1,63,52.5,56.2,9.2,1007.5,1021.2,1014.5,45,66,56.2,55.9,41.7
1780898400,9.3,39.6,12.4,36.6,2,41,63,52.2,55.3,10,1007.4,1021.3,1014.5,44.6,64.9,55.3,54.9,41.4
1780902000,9.1,37.1,12.3,39.2,2.3,39.2,63,51.8,54.6,10.7,1007.2,1021,1014.3,44.1,64.9,54.6,54.1,41.3
1780905600,13.6,28.3,16,39.4,2.7,39.9,62.6,51.4,54.1,11.2,1007,1021.6,1014.4,43,64.9,54.1,53.6,41.5
1780909200,19.2,23.1,15.5,38.6,3.6,39.9,62.6,51.2,53.8,11.4,1007.2,1021.8,1014.8,42.8,64.9,53.8,53.3,40.6
1780912800,14.2,25.9,12.4,44.1,3.4,41.9,64,52.6,55.7,9.6,1008,1022.3,1015.2,45,66,55.7,55.2,32.5
1780916400,19.6,24.7,12.8,39.8,3,43.9,64.9,53.8,58.6,7.2,1007.8,1022.3,1015.2,48.9,68,58.6,58.2,29.1
1780920000,19,24.5,17.3,36.1,3.1,44.6,66,54.8,62.2,4.7,1007.9,1022.5,1015.4,52.9,72,62.2,62.1,25.7
1780923600,20.8,21.5,19.7,34,3.9,44.6,66.9,55.5,66,2.7,1008.1,1022.1,1015.3,55.9,75.9,65.9,65.9,17.1
1780927200,27.5,18.5,19.2,30.8,3.9,42.8,66.9,55.5,69.5,1.6,1008,1021.8,1015.1,59,80.1,69.2,69.1,13.7
1780930800,33.4,12.8,19,28.4,6.4,42.1,66.2,55,71.6,1.2,1008,1021.5,1014.9,60.1,82.4,71.2,71.2,8
1780934400,33.5,10.4,19.8,29,7.3,41.9,66,54.5,72.9,1,1008.1,1021,1014.7,60.8,84,72.5,72.5,5
1780938000,30.6,10.1,20.2,31.3,7.8,42.1,66,54.1,73.7,0.9,1007.3,1020.4,1014.2,61,86,73.3,73.3,5.5
1780941600,31.5,11.2,22.4,27,7.9,41.9,64.9,53.9,74.2,0.8,1007.6,1020,1014,62.1,84.9,74,74,4.3
1780945200,29.4,11,22.4,28.7,8.6,41,64.9,53.8,74.3,0.8,1007.3,1019.8,1013.7,62.1,84.9,74,74,2.8
1780948800,25.8,10.9,24,32.6,6.7,42.1,65.8,54,73.8,0.9,1007.3,1019.7,1013.5,61,84.9,73.5,73.5,3
1780952400,24.3,16.7,22.2,30,6.7,41,65.8,53.7,73,0.9,1007.3,1019.7,1013.4,61,84.2,72.7,72.7,5.1
1780956000,21.9,18.9,22.6,32.1,4.5,41,66,53.9,71.5,1.2,1007.5,1020,1013.6,60.1,82.4,71.3,71.3,6.1
1780959600,23.7,21.1,18.6,34.1,2.6,42.8,66.2,54.4,68.9,1.7,1007.7,1020.2,1013.9,59,78.8,68.7,68.7,7.4
1780963200,16.7,25.2,18.6,34.8,4.7,42.8,66,54.3,64.9,3,1007.8,1020.7,1014.2,55.4,73.9,64.9,64.9,17.9
1780966800,17.9,32,16.1,32.2,1.8,43,64.9,54.3,62.1,4.6,1008.3,1021.1,1014.6,53.1,71.6,62.1,62,29.6
1780970400,11,35.7,18.2,33.4,1.6,43.9,64.4,53.9,60,6,1008.1,1021.2,1014.8,50,69.8,60,60,37.6
1780974000,10.8,38.3,16.3,33.3,1.4,43,64.4,53.6,58.5,7.3,1008.3,1021.5,1014.9,48.2,68,58.5,58.3,40.3
1780977600,11,43.3,10.5,32.3,2.9,42.9,63.7,53.2,57.5,8.2,1008,1021.5,1014.8,47.1,67.5,57.5,57.3,41.5
1780981200,13.6,40.1,9.7,34.4,2.2,42.8,63,52.7,56.4,9,1007.7,1021.4,1014.7,46,66.9,56.4,56.2,42.7
1780984800,9.9,39.5,12.7,36.5,1.5,41,63,52.4,55.5,9.8,1007.7,1021.4,1014.7,44.6,66,55.5,55.1,42.6
1780988400,8.8,37,12.4,39.4,2.3,39.9,63,52,54.9,10.5,1007.4,1021.1,1014.4,44.1,65.8,54.9,54.5,42.5
1780992000,13,29.3,16.3,39.1,2.2,41,62.6,51.7,54.3,11,1007.6,1021.7,1014.7,43,64.9,54.3,53.8,43.2
1780995600,18.7,22.5,16.1,38.9,3.9,39.9,63,51.5,54,11.2,1007.7,1021.9,1015,43,64.9,54,53.5,41.3
1780999200,14.1,24.7,13.3,44.1,3.7,43,64,52.9,56,9.4,1008.3,1022.6,1015.4,46,66.2,56,55.4,33.2
1781002800,19.6,23.9,12.8,40.8,2.8,44.6,64.9,54.2,58.9,7,1007.8,1022.4,1015.4,48.9,69.1,58.9,58.6,29.4
1781006400,19,24.1,17.1,36.4,3.4,45,66,55.1,62.5,4.5,1008.2,1022.7,1015.6,52.9,72,62.5,62.3,25.3
1781010000,20.5,22.1,19.1,34.2,4.2,45,66.9,55.8,66.3,2.6,1008.2,1022.3,1015.5,55.9,77,66.2,66.1,16.4
1781013600,26.3,19.1,19.8,31.2,3.7,43,66.9,55.9,69.7,1.5,1008.2,1022,1015.3,59,80.1,69.4,69.4,13.5
1781017200,33,13.1,19,28.2,6.7,43,66.2,55.3,71.8,1.1,1008.1,1021.8,1015.1,60.8,82.9,71.4,71.4,7.1
1781020800,32.2,11.3,20.1,29.3,7.1,42.1,66.2,54.8,73.1,0.9,1008.1,1021.3,1014.8,61,84,72.7,72.7,4.5
1781024400,29.6,10.9,20.6,31.2,7.9,43,66,54.5,74,0.8,1007.7,1020.7,1014.4,61,86,73.6,73.6,5.8
1781028000,31.3,12.3,23,25.8,7.6,42.1,65.8,54.3,74.8,0.7,1007.4,1020.8,1014.1,62.6,86,74.5,74.5,4
1781031600,29.4,11.4,22.9,27.8,8.4,41.9,64.9,54.1,74.7,0.7,1007.4,1020.2,1013.9,62.6,84.9,74.4,74.4,3
1781035200,24.9,12.8,23.5,32.3,6.5,42.8,66,54.4,74.2,0.8,1007.2,1019.9,1013.6,62.1,84.9,73.9,73.9,3.7
1781038800,25.3,16.8,22.5,29.2,6.2,42.1,65.8,54.1,73.4,0.8,1007.4,1020,1013.6,61,84.2,73.1,73.1,4.8
1781042400,22,18,23.2,31.7,5.2,41.9,66,54.4,71.9,1.1,1007.6,1020.4,1013.8,60.8,82.4,71.6,71.6,7.3
1781046000,24.2,20.7,18.6,33.7,2.8,43,66.2,54.9,69.2,1.5,1007.7,1020.5,1014.1,59,79,69.1,69.1,7.9
1781049600,18.2,24.1,19.3,33.7,4.7,43,66,54.7,65.3,2.8,1007.8,1020.8,1014.3,55.4,74.8,65.3,65.2,16.5
1781053200,18.9,30.9,16.2,31.9,2.1,44.1,64.9,54.7,62.5,4.3,1008.3,1021.3,1014.7,53.1,71.6,62.5,62.5,28.3
1781056800,11.2,34.7,18.4,34,1.9,44.1,64.4,54.4,60.5,5.7,1008.1,1021.4,1015,51.1,70,60.5,60.4,36.6
1781060400,11.8,36.9,16.8,33.1,1.4,44.1,64.4,54,59,6.9,1008.3,1021.8,1015,48.9,68,59,58.9,39.9
1781064000,10.6,40.7,11.9,33.3,3.5,43.5,64.2,53.6,58,7.7,1008,1021.7,1014.9,47.6,67.5,58,57.8,42
1781067600,14.4,38,10.4,35.2,2,42.8,64,53.3,57,8.5,1007.6,1021.6,1014.8,46.4,66.9,57,56.8,44.1
1781071200,10.4,38,13.2,37.2,1.3,42.1,63,52.9,56.1,9.3,1007.6,1021.6,1014.8,45,66.2,56.1,55.7,43.8
1781074800,10.6,35.6,11.7,39.7,2.3,41,64,52.5,55.4,10,1007.3,1021.3,1014.6,44.6,66,55.4,55,42.9
1781078400,14.1,28.5,14.6,40.1,2.7,41,63,52.1,54.8,10.5,1007.4,1021.7,1014.8,43.9,65.8,54.8,54.5,44.7
1781082000,18.7,22.1,15.3,40.5,3.4,41,63,52,54.5,10.8,1007.7,1022.1,1015.2,43,64.9,54.5,54.1,41.7
1781085600,13.9,23.5,12.8,45.2,4.5,43,64.4,53.4,56.4,9,1008.4,1022.7,1015.6,46.4,66.2,56.4,55.9,33.3
1781089200,20.5,22.5,12.7,41.8,2.5,45,65.8,54.6,59.2,6.7,1008.1,1022.5,1015.5,50,69.1,59.2,59,29.1
1781092800,19,23.1,16.6,37.8,3.4,45,66,55.5,62.8,4.3,1008.3,1022.9,1015.7,53.1,72,62.8,62.7,24.2
1781096400,21.4,21.2,18.6,34.7,4,46,66.9,56.1,66.5,2.4,1008.7,1022.4,1015.6,56.8,77,66.4,66.4,16.4
1781100000,26.5,18.4,20,31.6,3.5,44.1,66.9,56.2,70,1.4,1008.5,1022.1,1015.5,59,80.1,69.6,69.6,13.2
1781103600,32.4,13.3,19.1,28.5,6.7,43.9,66.9,55.6,72,1.1,1008.2,1022,1015.3,60.8,82.9,71.6,71.6,7.8
1781107200,31.6,11.3,20.5,29.5,7.1,42.8,66.2,55.2,73.3,0.9,1008.3,1021.4,1015,61,84.2,72.9,72.9,4.8
1781110800,30,10.6,20.8,30.7,7.9,43,66,54.8,74.3,0.8,1007.9,1020.9,1014.6,62.1,86,73.8,73.8,5.6
1781114400,31.7,12.1,22.9,26,7.3,42.8,65.8,54.8,75,0.7,1007.6,1020.9,1014.3,62.6,86,74.7,74.7,4
1781118000,30.2,11.6,22.6,27.7,7.9,42.8,64.9,54.5,74.9,0.7,1007.5,1020.6,1014.1,62.6,86,74.5,74.5,2.8
1781121600,26,12.6,23.5,31.6,6.3,43,66,54.8,74.5,0.8,1007.3,1020,1013.8,62.1,86,74.2,74.1,4
1781125200,26,15.9,22.8,29.2,6.2,42.8,66,54.4,73.6,0.9,1007.5,1020.1,1013.8,61,84.9,73.3,73.3,4.8
1781128800,20.9,17.8,23.9,31.8,5.7,42.1,66.2,54.7,72.1,1.1,1007.7,1020.4,1014,60.8,82.9,71.8,71.8,6.6
1781132400,24.2,20.2,19.3,33.5,2.8,43,66.2,55.2,69.5,1.5,1007.8,1020.6,1014.3,59,80.1,69.3,69.3,7.4
1781136000,18.8,22.6,20.7,33.2,4.7,43,66,55.1,65.5,2.7,1007.8,1020.8,1014.5,55.9,75,65.5,65.5,17.9
1781139600,18.6,29.9,16.8,32.9,1.8,44.6,65.8,55.1,62.7,4.2,1008.3,1021.4,1015,53.6,72,62.7,62.7,28.4
1781143200,10.9,34.1,19,34.1,1.9,44.1,64.4,54.7,60.7,5.5,1008.3,1021.6,1015.2,51.1,70,60.7,60.7,36.2
1781146800,11.2,36.8,16.7,33.7,1.4,44.1,64.4,54.4,59.2,6.6,1008.4,1021.8,1015.2,48.9,68.9,59.2,59.2,40.3
1781150400,10.1,40.8,11.9,33.9,3.2,43.5,64.2,54,58.3,7.4,1008.1,1021.7,1015,47.6,67.9,58.3,58.2,42.3
1781154000,13.6,38.2,10.4,35.5,2.2,43,64,53.7,57.3,8.2,1007.8,1021.6,1014.9,46.4,66.9,57.3,57.2,44.2
1781157600,10.4,36.8,14,37.3,1.5,42.8,63,53.3,56.4,9,1007.7,1021.7,1014.9,45.9,66.2,56.4,56.1,44.2
1781161200,11.2,34.3,11.4,40.3,2.9,42.1,63.9,52.9,55.7,9.7,1007.5,1021.5,1014.7,44.6,66,55.7,55.4,42.5
1781164800,13.1,27.8,14.2,42.2,2.7,42.1,63,52.7,55.3,10.1,1007.5,1022.2,1014.9,44.6,66,55.3,54.9,44.7
1781168400,17.5,21.1,15.7,42.8,2.9,42.1,63,52.5,54.9,10.4,1007.7,1022.4,1015.3,44.1,64.9,54.9,54.5,42.8
1781172000,14.2,23.3,13.1,45.3,4,44.1,64.4,53.8,56.8,8.6,1009,1022.9,1015.8,46.4,66.9,56.8,56.3,32.6
1781175600,20.6,22.1,12.7,42.2,2.3,45,65.8,55,59.6,6.4,1008.4,1022.7,1015.7,50,69.1,59.6,59.3,28.5
1781179200,20,23.4,16.5,37.2,2.9,46,66.2,55.9,63.2,4,1008.4,1023,1015.9,53.6,72.9,63.1,63,24.3
1781182800,21.6,21.6,18.6,34.4,3.7,46,66.9,56.6,66.9,2.2,1008.9,1022.6,1015.8,57,77,66.8,66.7,16.2
1781186400,25.6,19.1,20.3,31.9,3,45,66.9,56.7,70.4,1.2,1008.7,1022.1,1015.7,60.1,80.6,70,70,14
1781190000,30.6,13.9,20.2,28.5,6.7,44.6,66.9,56.2,72.5,1,1008.7,1022.2,1015.4,60.8,82.9,72,72,7.9
1781193600,30.9,11.3,21.5,29.5,6.8,43,66.9,55.8,73.8,0.8,1008.5,1021.6,1015.1,62.1,84.9,73.4,73.4,5
1781197200,30,10.5,20.5,31.2,7.9,43,66.2,55.3,74.7,0.7,1008.1,1020.9,1014.7,62.1,86,74.2,74.2,5.2
1781200800,31.7,12.1,22.9,25.5,7.8,43,66,55.3,75.6,0.6,1007.9,1020.9,1014.4,63,86,75.2,75.2,3.8
1781204400,29.7,11.2,23.4,27.6,8,42.8,66.2,55.1,75.4,0.6,1007.7,1020.6,1014.1,63,86,75,75,2.6
1781208000,25.8,11.9,24.4,31.6,6.3,43,66.2,55.3,75.2,0.7,1007.3,1020,1013.9,62.6,86,74.7,74.7,4.4
1781211600,25.8,15.5,23.2,29.2,6.3,42.8,66.2,55,74.2,0.8,1007.6,1020.1,1014,62.1,86,73.9,73.9,4.7
1781215200,21.4,18.3,23.8,31.4,5.2,42.8,66.2,55.2,72.7,1,1007.7,1020.4,1014.1,61,82.9,72.4,72.4,6.2
1781218800,23.7,21.1,19.5,32.7,3,43.9,66.9,55.8,70.1,1.3,1007.9,1020.6,1014.5,59,80.1,69.9,69.9,7.7
1781222400,19.5,23,20.9,31.7,4.9,44.1,66,55.6,66,2.4,1007.9,1020.8,1014.6,57,75,66,65.9,17.7
1781226000,18.3,31,17.2,31.7,1.8,45,66,55.5,63.1,3.9,1008.3,1021.3,1015.1,53.6,72,63.1,63.1,29.9
1781229600,10.8,35.3,19.1,33.2,1.6,44.6,64.9,55.2,61.1,5.3,1008.4,1021.6,1015.3,51.8,70.9,61.1,61,37.9
1781233200,10.7,37.8,17.3,32.8,1.4,44.6,64.9,54.8,59.6,6.3,1008.5,1021.8,1015.4,50,69.1,59.6,59.5,41.1
1781236800,10.6,41.8,12.4,32.2,3,44.4,64.5,54.5,58.7,7.1,1008.5,1021.8,1015.3,48.5,68.5,58.7,58.5,42.5
1781240400,13.7,39.3,10.2,34.8,2,44.1,64,54.1,57.7,7.9,1008.5,1021.7,1015.1,46.9,68,57.7,57.6,43.8
1781244000,10.1,37.7,13.9,36.5,1.8,43,63.9,53.7,56.8,8.6,1008.1,1021.7,1015.1,46.4,66.2,56.8,56.5,44.6
1781247600,10.7,35.1,11.8,39.5,2.9,43,64,53.4,56.2,9.2,1008,1021.5,1014.9,45,66,56.2,55.9,44.3
1781251200,13.6,27.8,14.7,41.1,2.7,43,64,53,55.7,9.7,1008,1022.2,1015.1,44.6,66.2,55.7,55.4,45.9
1781254800,18,21.4,15.9,41.5,3.1,42.1,63.9,52.9,55.3,10,1008.2,1022.4,1015.5,44.1,66,55.3,55,44.5
1781258400,14.7,23.1,13.7,44.5,4,44.1,64.4,54.2,57.2,8.3,1009,1022.9,1015.9,46.9,66.9,57.2,56.8,33.6
1781262000,21,22.3,13,41.7,2,46,65.8,55.4,60,6,1008.4,1022.9,1015.8,50,69.1,60,59.8,29.7
1781265600,18.4,23.8,17,38.6,2.2,46.4,66.2,56.5,63.6,3.8,1008.7,1023,1015.9,53.6,73,63.5,63.5,24.2
1781269200,21.9,22.6,17.5,34.7,3.3,46.9,68,57.2,67.4,2,1008.9,1023,1015.9,57.2,77,67.2,67.2,16.2
1781272800,26.5,19.2,20,31.2,3.1,46,68,57.3,70.8,1.1,1008.7,1022.8,1015.7,60.1,81,70.4,70.4,14.8
1781276400,30.9,13.5,20.7,28.4,6.5,45,66.9,56.7,72.9,0.9,1008.7,1022.4,1015.5,61,83.8,72.5,72.5,8.1
1781280000,32.1,11.1,21.5,28.5,6.8,44.1,66.9,56.4,74.4,0.7,1008.6,1021.8,1015.2,62.6,84.9,73.9,73.9,5.7
1781283600,31.9,10,20.5,29.8,7.7,43,66.2,55.9,75.3,0.7,1008,1021.1,1014.7,62.6,87.1,74.8,74.8,4.2
1781287200,32.2,11.1,23,25.8,7.8,43,66.2,55.9,76.1,0.5,1007.9,1021,1014.5,64,87.1,75.7,75.7,3.8
1781290800,30.1,10.3,24.5,27.3,7.7,43.9,66.2,55.6,75.9,0.6,1007.7,1020.6,1014.2,64,87.1,75.5,75.5,2.8
1781294400,24.9,11.7,25.2,31.7,6.5,44.6,66.9,55.9,75.6,0.6,1007.3,1020.1,1014,63,87.1,75.2,75.2,4.7
1781298000,25.2,15.5,23.8,29.2,6.3,43,66.2,55.6,74.6,0.7,1007.6,1020.1,1014,62.6,86,74.3,74.3,4.9
1781301600,21,18.4,23.9,31.7,5,43,66.9,55.9,73.1,0.9,1007.7,1020.4,1014.1,61,82.9,72.8,72.8,6.2
1781305200,24.1,21.1,19.2,32.6,3,44.6,66.9,56.5,70.5,1.2,1007.8,1020.6,1014.5,60.1,80.6,70.3,70.3,8.1
1781308800,20.2,23.3,20.7,31.1,4.7,44.6,66.2,56.2,66.4,2.2,1007.8,1020.9,1014.7,57.2,75,66.4,66.3,19.1
1781312400,18.7,30.5,17.1,31.6,2.1,45,66,56.1,63.5,3.6,1008.3,1021.4,1015.2,55,72,63.5,63.5,30.3
1781316000,11.1,34.4,18.9,33.7,1.8,45,64.9,55.8,61.5,4.9,1008.4,1021.7,1015.3,52,71.1,61.5,61.5,38.2
1781319600,10.4,37.4,17.5,33.3,1.4,45,64.9,55.4,60.1,5.9,1008.5,1021.9,1015.5,50,69.8,60.1,60,41.7
1781323200,10.7,41.8,11.9,32.6,3,44.5,64.5,55,59.1,6.7,1008.5,1022,1015.4,49,68.3,59.1,59,42.4
1781326800,14,39.2,10.2,34.7,2,44.1,64,54.5,58.1,7.5,1008.5,1022.1,1015.2,48,66.9,58.1,58,43.1
1781330400,10.8,37.9,13.6,35.7,2,44.1,64,54.1,57.2,8.2,1008.1,1022,1015.2,46.9,66.9,57.2,57,45
1781334000,11.3,35.5,11.8,38.4,2.9,43,64,53.7,56.5,8.8,1007.7,1021.9,1015,46,66,56.5,56.3,46.2
1781337600,14.4,28.1,14.2,40.1,3.3,43,63,53.4,56,9.3,1008,1022.4,1015.2,45,66,56,55.8,46.9
1781341200,18.5,20.9,16.4,41.3,2.9,42.8,63.9,53.3,55.7,9.6,1008,1022.5,1015.6,44.6,66,55.7,55.3,44.2
1781344800,15.3,22,14,44.9,3.8,44.6,64.9,54.6,57.6,7.9,1009,1023,1015.9,48,66.9,57.6,57.3,33.8
1781348400,21.6,21.9,13,41.7,1.8,46,66,55.8,60.3,5.7,1008.7,1023,1015.9,51.1,69.8,60.3,60.2,29.6
1781352000,18.7,24.4,15.8,38.4,2.7,46.9,66.9,56.8,63.9,3.6,1008.8,1023.2,1016,54,73,63.9,63.8,24.3
1781355600,22.2,23.4,17.1,34.1,3.3,46.9,68,57.5,67.7,1.9,1009.1,1023,1016,57.9,78.1,67.6,67.5,17.2
1781359200,26.1,19.5,19.5,31.1,3.8,46.4,68,57.6,71.1,1,1009.1,1022.9,1015.9,61,81,70.7,70.7,14.6
1781362800,30.8,14,20.3,28.3,6.5,45.9,68,57,73.2,0.8,1008.7,1022.5,1015.6,61,84.2,72.7,72.7,7.9
1781366400,33.1,12.1,20.8,27.4,6.6,44.1,66.9,56.6,74.7,0.6,1008.7,1021.9,1015.3,63,86,74.2,74.2,5.2
1781370000,32.6,10.3,20.5,29.1,7.5,43.9,66.9,56.3,75.6,0.6,1008.1,1021.1,1014.9,63,87.1,75.1,75.1,4.2
1781373600,31.7,11.1,22.7,25.8,8.7,44.1,66.9,56.2,76.4,0.5,1007.9,1021.2,1014.6,64,87.8,76,76,3.1
1781377200,29.8,10.5,25.2,26.8,7.7,44.1,66.2,55.9,76.1,0.5,1007.8,1020.7,1014.4,64,88,75.7,75.7,3.7
1781380800,23.8,11.1,26.2,31.5,7.4,44.6,66.9,56.1,75.9,0.6,1007.5,1020.3,1014.2,64,87.8,75.5,75.5,5.1
1781384400,25.4,15.2,24.5,28.4,6.5,43.9,66.2,55.9,74.9,0.6,1007.6,1020.3,1014.1,63,86,74.6,74.6,4.9
1781388000,22.1,18.8,24.2,29.5,5.5,43,66.9,56.1,73.5,0.8,1007.7,1020.5,1014.2,62.1,84,73.1,73.1,5.9
1781391600,24.3,22,20.1,30.6,3,44.6,66.9,56.7,70.9,1,1007.9,1020.7,1014.7,60.8,81,70.6,70.6,8.8
1781395200,20.6,25.1,19.7,30,4.7,44.6,66.2,56.5,66.7,2.1,1008,1021,1014.8,57.2,75.2,66.7,66.6,19
1781398800,18.6,32,17.2,30.4,1.9,45,66,56.3,63.7,3.5,1008.6,1021.6,1015.3,55,72.9,63.7,63.7,30.2
1781402400,10.8,36.6,17.9,33.1,1.6,45,64.9,55.9,61.6,4.8,1008.6,1021.9,1015.5,52,71.1,61.6,61.6,38.3
1781406000,10.1,38.9,16.7,32.8,1.4,45,64.9,55.5,60.2,5.8,1008.8,1022.2,1015.6,50,69.8,60.2,60.1,43
1781409600,10.2,42.6,12.2,31.9,3,44.5,64.7,55.1,59.3,6.5,1008.7,1022.2,1015.5,49,68.9,59.3,59.2,43.3
1781413200,13.5,40.8,10,34,1.8,44.1,64.4,54.8,58.3,7.3,1008.6,1022.1,1015.4,48,68,58.3,58.2,43.6
1781416800,10.4,39.5,13.2,34.9,2,44.1,64.4,54.3,57.4,8.1,1008.3,1022.1,1015.4,46.9,66.9,57.4,57.1,45.4
1781420400,11.5,36.8,10.7,38.4,2.7,43,64.4,54,56.7,8.7,1008,1022,1015.1,46,66.2,56.7,56.5,46.4
1781424000,14,29.4,14,39,3.6,43,64,53.6,56.2,9.2,1008,1022.4,1015.4,45,66.2,56.2,56,48.2
1781427600,18,21.2,16.4,41,3.4,43,64,53.4,55.8,9.5,1008,1022.6,1015.7,44.6,66,55.8,55.5,45.5
1781431200,15.4,22.6,13.5,44.2,4.3,45,64.9,54.8,57.8,7.8,1009,1023,1016,48,66.9,57.8,57.4,33.6
1781434800,21.3,22.3,13.2,41.6,1.5,46,66,56,60.5,5.6,1008.7,1023.1,1016.1,51.1,69.1,60.5,60.3,30
1781438400,18.4,25.6,15.5,37.8,2.7,46.9,66.2,57,64.1,3.5,1008.8,1023.3,1016.1,55,73,64,64,24.5
1781442000,20.7,24.7,17,33.8,3.7,48,66.9,57.7,67.9,1.7,1009.1,1023.1,1016.1,59,78.1,67.8,67.8,17.5
1781445600,25.1,20.4,20.1,30.9,3.5,46.9,68,57.8,71.3,0.9,1009.2,1023,1016,61,81,70.9,70.9,14.3
1781449200,29.8,14.2,21.6,27.9,6.5,46.4,68,57.3,73.5,0.7,1008.8,1022.7,1015.8,62.1,84.2,73,73,7.7
1781452800,32.3,12.6,21.9,26.8,6.4,45,68,56.9,75.1,0.6,1008.7,1022,1015.4,64,86,74.5,74.5,5.5
1781456400,31.5,10.5,22,28.5,7.5,44.6,66.9,56.7,76,0.6,1008.3,1021.3,1014.9,64,87.1,75.5,75.5,4
1781460000,31.4,11.3,24.1,25.2,8,44.6,66.9,56.5,76.8,0.4,1008,1021.3,1014.7,64.4,87.8,76.4,76.4,2.8
1781463600,30.2,10.9,25.3,26,7.4,44.6,66.9,56.3,76.5,0.4,1007.9,1020.9,1014.4,64.4,88,76.1,76.1,4
1781467200,24.7,10.8,26.3,30.6,7.6,44.6,66.9,56.5,76.2,0.5,1007.6,1020.5,1014.2,64,87.8,75.9,75.8,5.3
1781470800,25,15.5,25.7,27.8,6,44.6,66.9,56.2,75.3,0.6,1007.6,1020.5,1014.2,64,86,75,75,4.9
1781474400,22,19.9,23.7,28.7,5.7,44.1,66.9,56.4,73.8,0.7,1007.7,1020.5,1014.2,62.6,84,73.5,73.5,6.1
1781478000,24.1,23.4,19.9,29.6,3,45,68,57.1,71.3,0.9,1008.2,1020.9,1014.7,61,81,71,71,9
1781481600,21.3,25.2,20.1,28.7,4.7,45,66.2,56.8,67,1.9,1008.2,1021.1,1014.8,57.9,75.2,67,66.9,19.7
1781485200,19,32.2,17.8,29.2,1.9,46,66,56.7,64,3.3,1008.6,1021.6,1015.4,55,73,64,64,30.4
1781488800,10.8,36.8,18.4,32.2,1.8,45,64.9,56.2,61.9,4.6,1008.7,1021.9,1015.6,52.9,71.1,61.9,61.9,39.1
1781492400,9.7,39.2,17,32.5,1.7,45.9,64.9,55.8,60.6,5.5,1008.9,1022.3,1015.7,51.1,70,60.6,60.4,41.8
1781496000,10.9,42.2,12.6,31.4,3,45.3,64.7,55.5,59.6,6.3,1008.8,1022.3,1015.5,49.5,69,59.6,59.5,42.6
1781499600,13.9,40.8,9.7,33.8,1.7,44.6,64.4,55.1,58.6,7.1,1008.7,1022.2,1015.3,48,68,58.6,58.5,43.4
1781503200,10.6,40.3,11.6,35.4,2,44.6,64.4,54.7,57.7,7.8,1008.4,1022.1,1015.3,46.9,66.9,57.7,57.5,45.1
1781506800,11.8,38.2,9.5,38.4,2.1,43,64.4,54.3,57.1,8.4,1008.3,1022,1015.1,46,66.9,57.1,56.8,46.1
1781510400,13.7,30.8,13.9,38.3,3.2,43,64,54,56.6,8.9,1008,1022.4,1015.3,46,66.9,56.6,56.3,48.6
1781514000,17.7,21.9,16.1,40.6,3.6,43,64,53.8,56.2,9.2,1008.2,1022.8,1015.7,45,66.2,56.2,55.9,44.9
1781517600,14.2,23.4,13.7,43.8,4.8,45,64.9,55.1,58.1,7.5,1009,1023.3,1016,48,68,58.1,57.7,33.3
1781521200,21.9,22.1,14.1,40.2,1.8,46.4,66,56.3,60.8,5.3,1008.7,1023.3,1016,51.1,69.8,60.8,60.5,30
1781524800,18.7,24.8,16.2,36.6,3.7,46.9,66.2,57.3,64.4,3.2,1008.6,1023.4,1016.1,55,73,64.4,64.3,24.3
1781528400,20.7,24.2,17.5,33.6,4,48,66.9,58,68.2,1.6,1008.8,1023.2,1016,59,78.1,68.1,68.1,16.9
1781532000,25.7,19.9,19.9,30.8,3.7,46.9,68,58.2,71.6,0.9,1008.8,1023,1016,62.1,81,71.2,71.2,14
1781535600,30.6,14.5,21.7,27.1,6.1,46.4,68,57.7,73.8,0.7,1008.3,1022.7,1015.7,62.1,84,73.3,73.3,6.8
1781539200,33.2,12.4,21.5,26.5,6.4,45,68,57.3,75.3,0.5,1008.1,1022,1015.2,64,86,74.8,74.8,5.3
1781542800,32.1,10.3,21.1,28.8,7.7,44.6,68,57,76.1,0.5,1007.9,1021.3,1014.8,64,87.1,75.6,75.6,3.6
1781546400,32.3,11.6,22.6,25.5,8,44.6,68,56.8,77.1,0.4,1007.6,1021.3,1014.5,64.9,87.8,76.6,76.6,3.1
1781550000,31.3,11.1,24.1,26,7.4,44.6,66.9,56.6,76.7,0.4,1007.5,1020.8,1014.3,64.4,88,76.3,76.3,4.4
1781553600,26,10.8,26,30.1,7.1,45,68,56.7,76.5,0.5,1007.3,1020.5,1014.1,64,87.1,76,76,5.1
1781557200,24.7,15.1,26.3,27.7,6.3,44.6,66.9,56.4,75.5,0.5,1007.5,1020.4,1014.1,64,86,75.2,75.2,4.2
1781560800,21.7,20.1,23.9,29.1,5.2,44.1,66.9,56.5,74,0.7,1007.6,1020.5,1014.2,62.6,84,73.7,73.7,5.7
1781564400,25.1,23.7,20.2,27.8,3.2,45,68,57.2,71.4,0.9,1007.9,1020.8,1014.6,61,80.6,71.2,71.2,9.5
1781568000,22.7,25.7,19.2,27.8,4.7,45,66.2,56.8,67.2,1.8,1007.8,1021.1,1014.7,57.9,75.2,67.1,67.1,19.2
1781571600,19.4,32.6,17.6,28.5,1.9,46,66.2,56.8,64.2,3.2,1008.3,1021.6,1015.3,55,73,64.2,64.2,31
1781575200,10.6,37.2,18.2,32.1,1.8,45,66,56.4,62.1,4.4,1008.6,1021.9,1015.5,52.9,71.1,62.1,62.1,38.3
1781578800,10.2,39.6,16.6,32,1.7,45.9,64.9,55.9,60.8,5.4,1008.9,1022.3,1015.6,51.1,70,60.8,60.7,41.1
1781582400,10.7,42.4,13.2,30.5,3.2,45.5,64.9,55.6,59.8,6.2,1008.8,1022.3,1015.5,49.5,69,59.8,59.7,41.8
1781586000,14.5,40.8,10.3,32.8,1.8,45,64.9,55.3,58.9,6.9,1008.6,1022.2,1015.3,48,68,58.9,58.7,42.5
1781589600,11,40.8,11.5,34.7,2,44.6,64.4,54.9,57.9,7.6,1008.3,1022.1,1015.3,47.8,66.9,57.9,57.7,43.9
1781593200,11.7,39.1,9.6,37.2,2.4,44.1,64.4,54.5,57.3,8.2,1008,1022,1015,46.4,66.9,57.3,57,44.4
1781596800,13.7,31.4,13.9,37.5,3.5,43,64.4,54.2,56.7,8.7,1008,1022.4,1015.3,46,66.9,56.7,56.5,47.8
1781600400,17.7,21.9,16.9,39.6,3.9,43,64,54,56.4,9,1008.2,1022.8,1015.7,45,66.2,56.4,56.1,44.7
1781604000,14.6,22.7,14.1,44.1,4.6,45,64.9,55.3,58.2,7.4,1008.9,1023.3,1016,48,68,58.2,57.9,32.1
1781607600,21.1,21.4,14.6,40.7,2.3,46.9,66,56.5,61,5.1,1008.7,1023.4,1016.1,51.8,69.8,61,60.7,28.5
1781611200,18.8,24.2,17,36,4,46.9,66.2,57.4,64.5,3,1008.6,1023.4,1016.1,55.4,73,64.5,64.4,22.7
1781614800,21.4,24,17.7,32.4,4.4,48,66.9,58.1,68.3,1.5,1008.9,1023.2,1016.1,59,77,68.2,68.1,17.4
1781618400,26.4,19.9,19.6,30.1,4,48,68,58.2,71.7,0.8,1009.1,1023,1016,62.1,80.6,71.3,71.3,14
1781622000,32.1,14.8,21.1,25.8,6.3,46.9,66.9,57.7,73.8,0.6,1008.4,1022.7,1015.8,62.6,83.8,73.4,73.4,6.3
1781625600,32.9,13.3,21.4,25.7,6.7,45,68,57.3,75.4,0.5,1008.5,1021.9,1015.3,64.4,84.9,74.9,74.9,5.3
1781629200,32.5,10.5,21.7,28.3,7,45,68,57.1,76.3,0.5,1008.3,1021.3,1015,64.4,87.1,75.7,75.7,3.8
1781632800,33.5,11.8,22.6,24.5,7.5,44.6,66.9,56.8,77.1,0.3,1007.8,1021.2,1014.7,66,87.1,76.6,76.6,3.1
1781636400,32.3,11.8,23.7,25.5,6.7,45,66.9,56.7,76.8,0.4,1007.7,1020.8,1014.5,64.4,87.1,76.4,76.3,4.9
1781640000,26.8,11.7,24.5,29.7,7.3,46,68,56.7,76.6,0.4,1007.6,1020.5,1014.3,64,87.1,76.2,76.1,4.8
1781643600,24.8,15,25.9,27.6,6.8,44.6,66.9,56.4,75.6,0.5,1007.6,1020.5,1014.3,64,86,75.3,75.3,3.8
1781647200,21.6,19.7,24.9,29.1,4.7,44.6,66.9,56.5,74.1,0.6,1007.6,1020.6,1014.3,62.6,84,73.8,73.8,5.9
1781650800,24.5,23.8,21.4,27.5,2.8,46.4,68,57.2,71.5,0.8,1008.2,1020.9,1014.8,62.1,80.6,71.3,71.3,10
1781654400,21.9,25.3,20.5,27.2,5.1,45.9,66.2,56.9,67.2,1.7,1008,1021.2,1014.8,59,75.2,67.2,67.2,19.6
1781658000,18.7,32.1,18.5,28.4,2.3,46.4,66.2,57,64.3,3.1,1008.6,1021.7,1015.4,55.4,72,64.3,64.2,30.4
1781661600,10.8,37,18.9,31.3,2.1,45.9,66,56.5,62.2,4.4,1008.6,1022,1015.6,52.9,71.1,62.2,62.2,37
1781665200,10.4,40.1,16,31.6,1.9,46,65.8,56,60.8,5.4,1008.9,1022.3,1015.7,51.1,70,60.8,60.7,41.4
1781668800,11,42.1,13.7,30.4,2.7,45.5,65.3,55.7,59.8,6.1,1008.8,1022.3,1015.5,49.7,69,59.8,59.7,42
1781672400,15.3,40.5,10.3,32.5,1.5,45,64.9,55.4,58.9,6.8,1008.6,1022.2,1015.4,48.2,68,58.9,58.7,42.7
1781676000,11.3,40.3,11.5,35.1,1.8,44.6,64.4,55,58.1,7.5,1008.3,1022.1,1015.4,48,68,58.1,57.8,43
1781679600,12.8,38.1,9.3,37.6,2.1,44.1,64.4,54.6,57.4,8.1,1008,1022,1015.2,46.9,66.9,57.4,57.1,45.2
1781683200,14.5,30.9,13.4,37.9,3.2,44.1,64.4,54.3,56.9,8.6,1007.7,1022.4,1015.4,46,66.9,56.9,56.6,47.6
1781686800,16.5,22,16.8,40.9,3.7,43.9,64.4,54.2,56.6,8.8,1008.1,1022.8,1015.8,46,66.2,56.6,56.2,44.1
1781690400,14.4,23.2,13.4,44.7,4.4,45,64.9,55.5,58.4,7.2,1008.7,1023.4,1016.1,48.2,68,58.4,58,31.3
1781694000,19.7,22.2,13.9,42.2,2,46.9,66,56.6,61,5.1,1008.4,1023.4,1016.2,52,69.8,61,60.8,29.2
1781697600,19.6,24.5,16.8,35.6,3.5,48,66.2,57.5,64.5,2.9,1008.4,1023.4,1016.2,55.4,72.9,64.5,64.4,22.7
1781701200,21.2,23.5,19.3,31.6,4.4,48.2,66.9,58.2,68.3,1.4,1008.8,1023.2,1016.2,59,77,68.2,68.2,17.8
1781704800,25.4,20,20.3,29.8,4.4,48,66.9,58.3,71.7,0.8,1009.1,1023,1016.2,62.6,80.6,71.4,71.4,13.8
1781708400,30.9,15.5,21.3,25.8,6.6,46.9,66.9,57.8,73.9,0.6,1008.3,1022.7,1015.9,62.6,82.9,73.5,73.5,6.8
1781712000,32.1,15.5,20.7,25.5,6.2,45,66.9,57.4,75.6,0.4,1008.4,1022,1015.4,64.4,84.9,75,75,6.2
1781715600,32.6,11.4,21,28.2,6.8,45,68,57.3,76.4,0.4,1008.3,1021.3,1015.1,64.4,86,75.9,75.9,4.7
1781719200,32.9,12,22.8,24.2,8,45,66.9,56.9,77.2,0.3,1007.8,1021.2,1014.8,66,87.1,76.7,76.7,3.3
1781722800,31.9,11.8,24,25.6,6.7,45,66.9,56.8,76.9,0.4,1007.7,1020.8,1014.6,64.9,87.1,76.5,76.5,4.9
1781726400,26.3,12.3,24.2,29.7,7.5,45,68,56.8,76.6,0.4,1007.6,1020.5,1014.4,64,87.1,76.2,76.2,4.8
1781730000,25.6,15.1,24.2,27.9,7.2,44.6,66.9,56.6,75.8,0.5,1007.6,1020.6,1014.3,64,86,75.4,75.4,4.2
1781733600,21.7,21.3,23.2,29.1,4.7,45,66.9,56.6,74.3,0.6,1007.7,1020.7,1014.4,63,84,74,74,5.9
1781737200,24.7,24.5,20.7,27,3,46.4,68,57.5,71.7,0.8,1008.2,1021,1014.8,62.1,80.1,71.4,71.4,10.5
1781740800,22.1,25.6,19.5,27.7,5.1,46,66.9,57.2,67.4,1.6,1008,1021.3,1014.9,59,75,67.3,67.3,20.6
1781744400,19.7,32.4,17.1,28,2.8,46.9,66.2,57.2,64.3,3,1008.6,1021.9,1015.5,55.9,72,64.3,64.3,31.2
1781748000,11.5,37.4,18.1,30.7,2.3,46,66,56.7,62.4,4.2,1008.7,1022,1015.6,53.1,70.9,62.4,62.3,37.8
1781751600,10.6,40,16.3,31,2.1,46,64.9,56.2,61,5.2,1008.9,1022.4,1015.8,51.8,70,61,60.9,41.4
1781755200,11.5,42.4,13,30.4,2.7,45.5,64.7,55.9,60,6,1008.8,1022.4,1015.6,50.3,69,60,59.9,42.7
1781758800,15,39.5,11,32.5,2,45,64.4,55.5,59.1,6.7,1008.6,1022.4,1015.5,48.9,68,59.1,58.9,44
1781762400,11.5,39.5,11.8,35.4,1.8,45,64.4,55.2,58.3,7.4,1008.3,1022.3,1015.4,48,68,58.3,58,43.6
1781766000,12,38.9,9.3,37.3,2.4,44.6,64.4,54.8,57.6,7.9,1008.3,1022.3,1015.2,46.9,66.9,57.6,57.3,45.6
1781769600,14.4,30.6,13.3,38.8,3,44.1,64.4,54.6,57.1,8.4,1008,1022.6,1015.4,46.4,66.9,57.1,56.9,47.6
1781773200,16.1,22.8,16.1,41.3,3.7,44.1,64.4,54.4,56.8,8.6,1008.2,1022.9,1015.8,46,66.2,56.8,56.5,45.3
1781776800,13.9,22.6,14.4,45.2,3.8,46,64.9,55.7,58.6,7,1008.7,1023.4,1016.1,48.9,68,58.6,58.3,32.2
1781780400,19.2,22,14.7,41.8,2.3,48,66,56.8,61.2,4.9,1008.6,1023.5,1016.2,52,69.8,61.2,61,28.9
1781784000,17.8,24.8,17.8,35.9,3.7,48,66.2,57.7,64.7,2.8,1008.4,1023.4,1016.2,55.9,72.9,64.6,64.6,22.5
1781787600,19.7,23.9,20.2,32,4.2,48.9,66.9,58.4,68.5,1.4,1008.7,1023.3,1016.2,60.1,77,68.4,68.4,16.9
1781791200,25.1,20.5,20,30.2,4.2,48,68,58.5,71.9,0.7,1009.1,1023,1016.2,62.6,80.6,71.6,71.6,13.1
1781794800,30.4,16.1,20.3,25.9,7.2,46.9,66.9,58,74.2,0.6,1008.4,1022.6,1015.9,62.6,83.8,73.7,73.7,7.2
1781798400,31.5,16.5,19.8,25.5,6.7,46,68,57.7,75.7,0.4,1008.4,1021.9,1015.4,64.4,84.9,75.2,75.2,6.7
1781802000,33.1,12.4,20,28,6.5,46,68,57.6,76.6,0.4,1008.3,1021.1,1015.1,64.4,86,76.1,76.1,5.7
1781805600,32.1,12.9,22.5,24.4,8.2,45,68,57.2,77.5,0.3,1007.8,1021.2,1014.8,66,87.1,76.9,76.9,3.5
1781809200,32.9,11.5,24.1,24.4,7.1,45.9,68,57.2,77.3,0.3,1007.6,1020.8,1014.6,64.9,87.8,76.8,76.7,5.3
1781812800,26.7,11.8,25.3,28.7,7.5,46,68,57.1,76.9,0.4,1007.6,1020.5,1014.4,64.4,87.1,76.5,76.5,5
1781816400,26.1,15.4,24,27,7.5,45,68,57,76.1,0.4,1007.6,1020.5,1014.3,64.4,86,75.7,75.7,4.2
1781820000,21.9,21,24.1,27.8,5.2,45,68,56.8,74.7,0.5,1007.6,1020.6,1014.3,63,84,74.3,74.3,5.9
1781823600,24.9,24.2,22.6,25.6,2.8,46.4,68,57.8,72,0.7,1008,1020.9,1014.7,62.1,80.6,71.8,71.7,11
1781827200,21.3,26,20,27.4,5.3,46.4,68,57.5,67.7,1.5,1007.9,1021.2,1014.8,59,75.2,67.6,67.6,21.5
1781830800,19.9,33,16.9,27.9,2.3,46.9,66.9,57.5,64.6,2.9,1008.6,1021.7,1015.4,55.9,72,64.6,64.6,31
1781834400,12.2,36.7,19,30,2.1,46.4,66.2,56.9,62.6,4,1008.6,1022,1015.6,53.6,71.1,62.6,62.6,37.8
1781838000,10.1,40.5,16.5,30.8,2.1,46,66,56.5,61.2,5,1008.9,1022.4,1015.8,52,70,61.2,61.1,42.9
1781841600,11.7,41.9,13.2,30.3,3,46,65.5,56.1,60.3,5.8,1008.8,1022.4,1015.6,50.5,69.5,60.3,60.1,43.5
1781845200,14.3,40.3,10.8,33,1.8,46,64.9,55.7,59.3,6.5,1008.6,1022.4,1015.5,48.9,68.9,59.3,59.1,44.2
1781848800,12.9,39.6,11.3,35.2,1,45,64.9,55.4,58.5,7.1,1008.3,1022.3,1015.4,48.2,68,58.5,58.3,43
1781852400,12,39,9.4,37.2,2.4,45,64.4,55,57.8,7.7,1008,1022.3,1015.2,48,68,57.8,57.6,46.3
1781856000,15.4,30.5,12.9,37.7,3.5,44.1,64.4,54.7,57.3,8.2,1007.7,1022.6,1015.4,46.9,68,57.3,57.1,47.1
1781859600,17,21.5,16,41.8,3.7,44.1,64.4,54.6,57,8.4,1008.2,1022.9,1015.8,46.4,66.2,57,56.7,45.5
1781863200,14.8,21.2,14.8,45.7,3.6,46,64.9,55.8,58.7,6.9,1008.7,1023.4,1016.1,48.9,68,58.7,58.4,31.7
1781866800,20,21.5,14.9,41.5,2.1,48,66,56.9,61.2,4.9,1008.6,1023.5,1016.2,52,69.8,61.2,61.1,30
1781870400,18.8,24.2,18.3,34.8,4,48.2,66.2,57.9,64.8,2.7,1008.4,1023.5,1016.2,55.9,72.9,64.7,64.7,23.6
1781874000,19.7,24.3,20.6,31.3,4.2,48.9,66.9,58.5,68.6,1.3,1008.6,1023.3,1016.2,60.8,77,68.5,68.5,17.5
1781877600,23.5,21.4,20,30.9,4.2,48,68,58.7,72.1,0.7,1009.1,1023,1016.1,62.6,80.6,71.7,71.7,12.7
1781881200,29.5,16.7,20.7,26,7,46.9,68,58.2,74.3,0.5,1008.4,1022.7,1015.9,63,84,73.8,73.8,7.2
1781884800,31.5,17.2,20,24.6,6.7,46.9,68,57.8,75.8,0.4,1008.5,1022.1,1015.4,64.4,86,75.3,75.3,6.7
1781888400,32.6,13.3,19.8,28.4,6,46,68,57.8,76.7,0.4,1007.9,1021.3,1015,64.4,86,76.1,76.1,5.4
1781892000,30.4,13.9,21.9,24.9,8.9,46,68,57.5,77.6,0.3,1007.8,1021.2,1014.8,66,87.8,77,77,3.6
1781895600,32.6,11.3,24.1,24.4,7.6,46,68,57.4,77.4,0.4,1007.6,1020.9,1014.5,65.8,87.8,76.9,76.9,5.3
1781899200,26.6,11.6,25.2,28.2,8.4,46,68,57.3,77.1,0.4,1007.6,1020.6,1014.4,64.9,87.8,76.6,76.6,6.2
1781902800,26.5,15,23.9,26.9,7.7,46,68,57.3,76.3,0.4,1007.7,1020.6,1014.3,64.4,87.1,75.9,75.9,4.2
1781906400,22.8,20.7,24.4,26.3,5.9,46,68,57.2,74.8,0.5,1007.7,1020.6,1014.3,63,84.2,74.5,74.5,6.3
1781910000,25.2,24.2,23.3,24.5,2.8,46.9,68,58.2,72.2,0.7,1008.2,1020.9,1014.7,62.6,80.6,71.9,71.9,11.2
1781913600,22.1,25.8,20.9,25.8,5.3,46.9,68,57.8,67.8,1.5,1008,1021.1,1014.8,59,75.2,67.8,67.8,21.3
1781917200,19.4,33.3,17.4,27.5,2.3,48,66.9,57.8,64.8,2.8,1008.6,1021.7,1015.4,55.9,72.9,64.8,64.8,31.8
1781920800,12.4,37.3,19.4,29,1.8,46.9,66.2,57.2,62.8,3.9,1008.7,1021.9,1015.6,53.6,71.1,62.8,62.8,38.7
1781924400,10.6,40.6,16.2,30.3,2.3,46.4,66.2,56.7,61.5,4.8,1009.1,1022.4,1015.7,52,70,61.5,61.4,43.2
1781928000,10.7,43.1,13.2,29.4,3.5,46.2,65.6,56.4,60.5,5.5,1008.9,1022.3,1015.5,51,69.5,60.5,60.4,44.5
1781931600,14.1,40.8,11.3,31.7,2,46,64.9,56,59.5,6.3,1008.6,1022.2,1015.4,50,69.1,59.5,59.4,45.9
1781935200,12.7,40.1,12.4,33.3,1.6,45,64.9,55.6,58.8,7,1008.4,1022.1,1015.4,48.2,68,58.7,58.5,43.4
1781938800,11.8,40.2,9.4,36.2,2.4,45,64.9,55.2,58.1,7.5,1008.3,1022.1,1015.2,48,68,58,57.8,46.7
1781942400,15.4,31.4,13,37,3.2,44.6,64.4,54.9,57.5,8,1008.2,1022.4,1015.3,46.9,68,57.5,57.3,46.3
1781946000,17.6,21.4,16,40.9,4,44.1,64.4,54.9,57.3,8.2,1008.3,1022.8,1015.7,46.9,66.2,57.3,57,45.5
1781949600,15.2,21.3,14,46.1,3.4,46.4,64.9,56.1,59.1,6.6,1008.6,1023.2,1016,48.9,68,59.1,58.8,32.6
1781953200,20.6,21.3,15.4,40.9,1.8,48,66,57.1,61.6,4.7,1008.7,1023.4,1016.1,53.1,69.8,61.6,61.4,30.6
1781956800,19.7,23.8,18.7,33.4,4.4,48.2,66.2,58.1,65,2.6,1008.6,1023.4,1016.1,55.9,73,65,65,23.6
1781960400,20.7,25.1,20,30,4.2,48.9,68,58.7,68.9,1.1,1008.6,1023.1,1016.1,60.8,77,68.8,68.8,17.5
1781964000,24,21.9,20.7,29.3,4.2,48,68,58.9,72.4,0.6,1008.9,1022.9,1016.1,62.6,81,72,71.9,11.8
1781967600,30.5,17,21.7,24.2,6.5,46.9,68,58.3,74.6,0.5,1008.4,1022.6,1015.8,63,84.2,74.1,74.1,7
1781971200,33.3,16.7,20.8,22,7.2,46.9,68,58,76.2,0.4,1008.3,1022,1015.4,64.9,86,75.6,75.6,6.5
1781974800,33.6,12.8,20.7,26.8,6.1,46,68,57.9,77.1,0.4,1008.3,1021.1,1015,66,87.1,76.5,76.5,5.2
1781978400,30.7,13.5,23.2,23.6,9,45,68,57.5,77.9,0.3,1007.6,1021.2,1014.7,66.9,88,77.3,77.3,3.8
1781982000,33.6,11,24,23.1,8.2,46,68,57.4,77.6,0.3,1007.8,1020.8,1014.5,66.2,88,77,77,5.1
1781985600,27.3,11.4,25.9,26.6,8.9,46,68,57.4,77.3,0.3,1007.8,1020.5,1014.3,66,88,76.8,76.8,6.6
1781989200,26.3,15.5,24.6,25.8,7.7,46,68,57.4,76.5,0.4,1007.6,1020.5,1014.2,64.9,87.1,76,76,4
1781992800,22.4,21.7,24.8,25,6.1,46,68,57.4,75,0.5,1007.6,1020.5,1014.2,64.4,84.2,74.6,74.6,6.3
1781996400,23.9,25.7,23.2,24.4,2.8,46.9,68,58.4,72.3,0.6,1008,1020.9,1014.6,63,80.6,72,72,12.5
1782000000,21.3,27.8,20.6,24.8,5.3,46.9,68,57.9,68,1.4,1007.8,1021.1,1014.7,60.1,75.2,67.9,67.9,21.2
1782003600,19.7,34.5,17.4,26.2,2.3,48,66.9,57.9,65,2.7,1008.3,1021.7,1015.4,55.9,73,65,64.9,30.6
1782007200,12.7,37.8,18.4,28.8,2.3,46.9,66.2,57.3,63,3.8,1008.7,1021.9,1015.5,53.6,71.1,63,63,39.6
1782010800,11,41.2,15,30.2,2.6,46.4,66.2,56.8,61.6,4.8,1008.8,1022.4,1015.6,52,70,61.6,61.5,43.8
1782014400,10.5,43.3,13.3,29.3,3.8,46.2,65.6,56.5,60.6,5.5,1008.6,1022.3,1015.5,50.5,69.5,60.6,60.5,44.6
1782018000,13.8,41,11.8,31.2,2.3,46,64.9,56.1,59.6,6.3,1008.5,1022.1,1015.3,48.9,69.1,59.6,59.5,45.5
1782021600,12.2,41.2,12.7,32.1,1.8,45,64.9,55.7,58.8,6.9,1008.4,1021.9,1015.3,48.2,68,58.8,58.5,43.3
1782025200,12.3,41,9.7,34.6,2.4,45,64.9,55.3,58.1,7.5,1008.3,1022.1,1015.1,48,68,58.1,57.9,47.4
1782028800,16.2,31.3,13.5,35.6,3.5,44.6,64.9,55,57.6,8,1008.2,1022.4,1015.3,46.9,68,57.6,57.4,46.4
1782032400,17.8,21.5,16.5,39.9,4.3,44.1,64.9,54.9,57.3,8.2,1008.5,1022.8,1015.8,46.9,66.9,57.3,57.1,46
1782036000,16.2,20.7,14.8,44.3,3.9,46.4,64.9,56.1,59.2,6.5,1008.6,1023.3,1016,48.9,68,59.2,58.9,32.2
1782039600,20.9,22.2,16,38.9,2.1,48,66,57.2,61.7,4.6,1008.7,1023.4,1016.1,53.1,69.8,61.7,61.5,30
1782043200,19.6,24,18.6,33.1,4.7,48.2,66.9,58.2,65.1,2.6,1008.6,1023.4,1016.1,57,73,65.1,65.1,23.1
1782046800,22.1,25.1,19.5,28.8,4.4,48.9,68,58.8,68.9,1.1,1008.7,1023.1,1016.1,61,77,68.8,68.8,17.5
1782050400,25.1,21.4,20.7,28.4,4.4,48.2,68,58.9,72.4,0.6,1008.9,1023,1016.1,62.6,81,72,72,11.1
1782054000,31.7,17.7,20.3,23.8,6.5,47.8,68,58.5,74.6,0.5,1008.4,1022.6,1015.8,63,84,74.1,74.1,7
1782057600,33.8,16.3,21.1,20.9,7.9,46.9,68,58,76.2,0.3,1008.4,1022,1015.4,64.9,86,75.7,75.7,7
1782061200,34.1,13.1,20.6,26.2,6.1,46.4,68,58,77.1,0.3,1008.3,1021.1,1015,65.8,87.1,76.5,76.5,5
1782064800,30.8,14.1,22.8,23.1,9.2,46,68,57.6,78,0.2,1007.6,1021.1,1014.6,66.9,87.8,77.4,77.4,3.8
1782068400,33.6,11.4,24.7,22.1,8.2,46,68,57.6,77.8,0.3,1007.6,1020.7,1014.4,66.2,88,77.2,77.2,5.3
1782072000,28.4,11.1,26.6,24.8,9.1,46,68,57.5,77.5,0.3,1007.6,1020.5,1014.3,66.2,87.8,77,77,6.8
1782075600,26.8,14.8,26.1,24.2,8.2,46,68,57.5,76.6,0.4,1007.3,1020.5,1014.2,66,87.1,76.1,76.1,4.7
1782079200,22.1,21.6,25.8,24,6.5,46.4,68,57.4,75.2,0.4,1007.6,1020.5,1014.2,64.9,84.2,74.7,74.7,7.2
1782082800,22.7,27,22.7,24.5,3.2,46.9,68,58.4,72.4,0.6,1008,1020.9,1014.6,63,80.6,72.1,72.1,12.9
1782086400,21.5,28.6,20.6,24,5.3,46.9,68,58,68.1,1.3,1007.8,1021.1,1014.7,60.1,75.9,68,68,20.9
1782090000,19.4,34.4,18.2,24.9,3,48,66.9,57.9,65.2,2.6,1008.3,1021.6,1015.4,56.8,73,65.1,65.1,29
1782093600,13.1,38.8,17.7,27.5,3,46.9,66.2,57.4,63.1,3.7,1008.7,1021.9,1015.6,54,71.6,63.1,63.1,39.9
1782097200,11,41,14.9,29.8,3.3,46.4,66.2,56.9,61.7,4.7,1008.8,1022.4,1015.7,52,70,61.7,61.6,44.4
1782100800,11,42.6,13.7,29.2,3.5,46.2,65.6,56.5,60.8,5.5,1008.7,1022.3,1015.5,51,69.5,60.8,60.6,44.5
1782104400,13.3,40.7,12.6,30.9,2.5,46,64.9,56.2,59.8,6.2,1008.6,1022.1,1015.4,50,69.1,59.8,59.6,44.6
1782108000,12.6,41.1,12.3,32.1,1.8,45,64.9,55.8,58.9,6.9,1008.5,1021.9,1015.4,48.9,68,58.9,58.7,43.2
1782111600,12.8,40.9,9.9,34.2,2.1,45,64.9,55.4,58.3,7.4,1008.3,1022.1,1015.2,48,68,58.3,58,47.8
1782115200,16.8,30.7,14.4,34.9,3.2,44.6,64.9,55.1,57.7,7.9,1008.3,1022.2,1015.3,46.9,68,57.7,57.5,46.7
1782118800,18.7,21.6,15.8,39.5,4.5,44.1,64.9,55,57.5,8,1008.5,1022.8,1015.7,46.9,66.9,57.5,57.2,46.2
1782122400,17.5,21.2,14.5,42.6,4.2,46.4,64.9,56.2,59.2,6.5,1008.5,1023.3,1016,48.9,68,59.2,59,32.9
1782126000,20.5,22.3,16.4,38.5,2.3,48,66,57.3,61.7,4.6,1008.7,1023.4,1016.2,52,69.8,61.7,61.5,30.7
1782129600,19.7,24.8,18.2,32.2,5.2,48.2,66.9,58.2,65.2,2.5,1008.6,1023.4,1016.1,57,73,65.1,65.1,23.4
1782133200,21.9,25.8,18.8,28.6,4.9,48.9,68,58.8,69,1,1008.6,1023.1,1016.1,61,77,68.9,68.9,17.5
1782136800,25.6,21.9,20.5,28,4,48.2,68,58.9,72.4,0.6,1008.9,1023,1016.1,63,80.6,72,72,11.5
1782140400,32.1,17.8,19.4,23,7.7,47.8,68,58.4,74.6,0.5,1008.3,1022.7,1015.8,63.9,84,74.1,74.1,7.5
1782144000,33.1,15.1,21.6,21.8,8.4,47.8,68,58.1,76.2,0.3,1008.3,1022,1015.4,64.9,84.9,75.6,75.6,6.7
1782147600,34.5,12.8,20.3,25.6,6.8,46.4,68,58,77.1,0.3,1007.9,1021.3,1014.9,66,87.1,76.5,76.5,5.2
1782151200,31.1,14.4,22.4,23.1,9.2,46,68,57.7,78,0.2,1007.5,1021.1,1014.6,66.9,87.8,77.4,77.4,4
1782154800,33.9,11.4,23.8,22.4,8.5,46,68,57.6,77.8,0.3,1007.4,1020.8,1014.4,66.2,87.8,77.2,77.2,5.3
1782158400,30.1,11.4,24.7,24.4,9.4,46,68,57.6,77.5,0.3,1007.4,1020.5,1014.3,66.2,87.1,77,77,6.6
1782162000,27.9,15.3,24.9,24.2,7.7,46,68,57.4,76.6,0.3,1007.3,1020.5,1014.2,66,86,76,76,4.7
1782165600,22.4,22.1,24.7,24.2,6.5,46.4,68,57.5,75.1,0.4,1007.5,1020.5,1014.2,64.4,84.2,74.7,74.7,7.5
1782169200,23.5,27.2,22.1,24.2,3,46.9,68,58.4,72.4,0.6,1007.7,1020.9,1014.6,63,80.6,72.1,72,12
1782172800,21.7,28.8,20,24.2,5.3,46.9,68,58,68.1,1.3,1007.7,1021.1,1014.7,60.1,75.9,68,68,21.7
1782176400,19.4,33.8,18.5,24.8,3.5,48,66.9,57.9,65.1,2.6,1008,1021.6,1015.3,56.8,73,65.1,65.1,28.8
1782180000,13.6,38.1,17.6,27.7,3,46.9,66.2,57.4,63.2,3.7,1008.7,1021.9,1015.5,54,71.6,63.1,63.1,39.8
1782183600,11.7,39.9,15,29.8,3.5,46.4,66.2,57,61.7,4.7,1008.6,1022.4,1015.6,52,70,61.7,61.6,43.2
1782187200,10.4,43.5,13.4,29.4,3.2,46.2,65.6,56.6,60.8,5.5,1008.5,1022.3,1015.5,50.5,69.5,60.8,60.6,44
1782190800,13.4,41.3,12.4,29.9,3,46,64.9,56.2,59.8,6.2,1008.5,1022.1,1015.3,48.9,69.1,59.8,59.6,44.8
1782194400,14.2,41.2,11.9,30.7,2.1,45,64.9,55.8,58.9,6.8,1008.3,1022.1,1015.3,48.2,68,58.9,58.7,43.7
1782198000,12.9,39.7,10.7,34.6,2.1,45,64.9,55.5,58.3,7.4,1008.2,1022.2,1015.1,48,68,58.3,58,48.2
1782201600,17.5,31,13.5,35,2.9,44.6,64.9,55.3,57.8,7.8,1008.2,1022.2,1015.3,46.9,68,57.8,57.6,45.2
1782205200,19.2,20.5,16.1,39.7,4.4,44.6,64.9,55.2,57.6,7.9,1008.2,1022.9,1015.6,46.9,66.9,57.6,57.3,44.2
1782208800,17.4,20.1,15.4,42.7,4.4,46.4,64.9,56.3,59.3,6.4,1008.5,1023.3,1015.9,50,68,59.3,59.1,33.2
1782212400,21.3,21.5,17,38,2.3,48,66,57.4,61.8,4.5,1008.7,1023.5,1016.2,53.1,69.8,61.8,61.6,31
1782216000,21.1,23.3,18.9,31.1,5.6,48.9,66.9,58.3,65.2,2.5,1008.6,1023.5,1016,57,73,65.2,65.2,23.4
1782219600,23.1,25.2,19.1,28,4.7,50,68,58.9,69,1,1008.6,1023.1,1016,61,77,68.9,68.9,17.6
1782223200,26.2,20.9,21.3,27.4,4.2,48.9,68,58.9,72.3,0.6,1008.7,1022.8,1016,63,80.6,72,72,10.6
1782226800,32.1,17.5,18.2,24.1,8.3,48,68,58.4,74.4,0.5,1008.3,1022.8,1015.8,64,82.9,74,74,7.3
1782230400,32.7,14.6,21,23.4,8.4,47.8,68,58.2,76,0.3,1008.3,1022,1015.3,64.9,84.2,75.5,75.5,7.2
1782234000,34.3,12.7,18.8,26.2,8.1,46.9,68,58.1,76.9,0.3,1007.9,1021.3,1014.9,66.2,86,76.4,76.4,4.9
1782237600,32.4,13.9,20.8,23.4,9.5,46.4,68,57.8,77.8,0.2,1007.4,1021.1,1014.5,66.9,87.1,77.2,77.2,4.3
1782241200,34.4,11,22.9,22.7,8.9,46.4,68,57.7,77.7,0.3,1007.3,1020.8,1014.4,66.9,87.8,77.1,77.1,4.8
1782244800,30.3,12,23.4,25.1,9.2,46,68,57.7,77.4,0.3,1007.4,1020.4,1014.2,66.9,86.9,76.9,76.9,6.9
1782248400,29,14.5,24.1,23.9,8.4,46,68,57.6,76.4,0.3,1007.3,1020.4,1014.2,66,86,75.9,75.9,4.5
1782252000,22.4,22.1,24.7,24.2,6.5,46.9,68,57.7,75,0.4,1007.6,1020.4,1014.1,64.9,84,74.5,74.5,7.9
1782255600,23.7,27.6,21.7,24.2,2.7,48,68,58.6,72.3,0.6,1008,1020.6,1014.6,63.9,80.6,72,71.9,12.2
1782259200,22.5,28.7,19.2,24.8,4.9,46.9,68,58.1,67.9,1.3,1007.8,1020.9,1014.7,60.1,75.2,67.8,67.8,22.2
1782262800,18.8,33.6,18.3,25.7,3.7,48.2,66.9,57.9,65,2.6,1008.1,1021.6,1015.3,57,72,65,65,28.8
1782266400,13.5,39,16.7,28.1,2.8,48,66.2,57.4,63.1,3.7,1008.8,1021.8,1015.5,54,71.1,63.1,63,39.5
1782270000,11.3,39.9,16,29.2,3.5,46.9,66.2,57,61.7,4.6,1008.9,1022.1,1015.6,53.1,70,61.7,61.6,43.2
1782273600,10,44.1,14.2,28.2,3.5,46.5,65.6,56.6,60.7,5.4,1008.8,1022.1,1015.5,51.5,69.5,60.7,60.5,44.2
1782277200,14.4,41.9,11.9,29,2.8,46,64.9,56.2,59.7,6.2,1008.7,1022.1,1015.4,50,68.9,59.6,59.5,45.1
1782280800,13.9,41.8,11.6,30.7,2.1,46,64.9,55.8,58.9,6.9,1008.4,1021.9,1015.3,48.9,68,58.8,58.6,43.5
1782284400,13.1,40.5,10.7,33.2,2.4,45,64.4,55.5,58.2,7.4,1008.3,1022.1,1015.2,48,66.9,58.2,58,47.3
1782288000,17.2,31.3,14.1,34.2,3.2,45,64.9,55.2,57.8,7.8,1008.2,1022.2,1015.3,48,68,57.8,57.5,44.2
1782291600,19.6,21.1,15.9,39.4,3.9,45,64.4,55.2,57.6,7.9,1008.3,1022.7,1015.6,47.8,66.9,57.6,57.3,43.6
1782295200,17.6,20.6,15.7,42.3,3.8,46.9,64.9,56.3,59.3,6.4,1008.5,1023,1015.9,50,68,59.3,59.1,33
1782298800,21.4,21.9,17.6,36.6,2.5,48,66,57.3,61.7,4.5,1008.7,1023.4,1016.2,53.1,69.8,61.7,61.5,30
1782302400,20.4,22.9,18.2,32.2,6.4,48.9,66.9,58.3,65.2,2.4,1008.7,1023.2,1016,57,73,65.1,65.1,23.8
1782306000,22.5,24.8,19.3,28.5,4.9,50,66.9,58.8,69,1,1008.7,1023,1016,61,77,68.9,68.9,17.9
1782309600,25.9,20.8,20.4,28,4.9,48.9,68,58.8,72.3,0.6,1008.9,1022.6,1016,63,80.6,72,72,9.8
1782313200,31.8,16.9,18.6,24.5,8.2,46.9,66.9,58.3,74.3,0.5,1008.4,1022.6,1015.8,64,82.9,73.9,73.9,7.1
1782316800,32.6,14,20.2,24.5,8.6,47.8,68,58.1,75.9,0.3,1008.5,1021.8,1015.4,64.9,84.2,75.4,75.4,7.9
1782320400,33.6,11.5,19.4,26.5,9,46.9,68,58,76.8,0.3,1008.3,1021.3,1015,66,86,76.2,76.2,4.6
1782324000,31.9,12.4,21,23.8,11,46.4,68,57.8,77.6,0.2,1007.5,1021,1014.6,66.9,87.1,77.1,77.1,4.6
1782327600,34.4,10.6,22.9,22.9,9.2,46.4,68,57.7,77.6,0.3,1007.6,1020.7,1014.4,66.9,87.1,77,77,4.8
1782331200,30.6,10.2,24.5,25,9.7,46,68,57.6,77.3,0.3,1007.6,1020.4,1014.3,66.2,87.1,76.8,76.8,6.5
1782334800,28.3,13.8,24.8,24.5,8.6,46,68,57.5,76.4,0.3,1007.9,1020.4,1014.3,66,86,75.9,75.9,4.5
1782338400,22.1,22.8,24.4,24.4,6.3,46,68,57.6,75,0.4,1007.8,1020.3,1014.1,65.8,84.2,74.5,74.5,7
1782342000,23.7,28.2,21.9,23.7,2.5,46.9,68,58.4,72.3,0.5,1008.3,1020.6,1014.6,64,80.6,72,72,12.2
1782345600,21.6,29.3,19.5,24.9,4.7,46.9,68,58,67.9,1.3,1008.2,1020.9,1014.7,60.1,75.2,67.9,67.9,23.1
1782349200,18.7,33.9,18.9,24.9,3.5,48,66.9,57.8,65.1,2.6,1008.6,1021.3,1015.3,57,72.9,65,65,29.8
1782352800,13,39.7,16.9,27.1,3.2,46.9,66.2,57.4,63.1,3.6,1008.9,1021.8,1015.6,54,71.1,63.1,63.1,39.9
1782356400,10.4,41.6,16.1,28.4,3.5,46.9,66.2,56.9,61.6,4.7,1009.1,1022.1,1015.7,52,70,61.6,61.5,42.6
1782360000,10.5,46.1,13.2,26.9,3.2,46,65.6,56.5,60.6,5.5,1009,1022.1,1015.6,50.5,69.5,60.6,60.5,43.5
1782363600,14.2,44.1,11.1,27.6,3,45,64.9,56.1,59.6,6.3,1008.8,1022.1,1015.5,48.9,69.1,59.6,59.4,44.4
1782367200,13.5,43.1,11.7,29.4,2.3,45,64.9,55.8,58.8,7,1008.8,1021.9,1015.4,48.9,68,58.8,58.6,43.3
1782370800,11.9,40.9,11.7,32.8,2.7,45,64.9,55.4,58.2,7.4,1008.5,1022.1,1015.3,48,68,58.2,58,46.3
1782374400,16.3,32.8,14.7,33.6,2.7,44.6,64.9,55.2,57.8,7.9,1008.4,1022.2,1015.3,47.8,68,57.8,57.5,44
1782378000,19.3,22.2,16.4,38,4.2,45,64.4,55.1,57.5,8,1008.5,1022.6,1015.6,47.8,66.9,57.5,57.3,43.2
1782381600,17.8,20.9,16.4,40.7,4.2,46.4,64.9,56.2,59.3,6.4,1008.6,1022.9,1015.8,50,68,59.3,59,33.3
1782385200,19.8,22.9,17.5,36.8,3.1,48,66,57.3,61.7,4.6,1008.7,1023.4,1016.2,53.1,69.8,61.7,61.6,29.6
1782388800,20.4,24.6,17.2,31.2,6.6,48.9,66.9,58.2,65.2,2.4,1008.6,1023.1,1016,57,73,65.1,65.1,23.8
1782392400,22,26.2,17.8,29,5.1,50,66.9,58.8,69,1,1008.7,1023,1016,61,77,68.9,68.9,18.3
1782396000,25.5,21.1,20.4,27.4,5.6,48.9,68,58.9,72.4,0.5,1008.7,1022.6,1016,63,80.6,72.1,72.1,9.9
1782399600,31,17.1,18.8,24.2,8.9,46.9,66.9,58.4,74.4,0.4,1008.3,1022.6,1015.7,64,82.9,74,74,6.6
1782403200,32.2,14.1,19.6,24.8,9.3,46.9,68,58,76,0.3,1008.4,1022.1,1015.4,64.9,84.2,75.5,75.4,7.6
1782406800,32.8,11.5,19.6,26.3,9.7,46.4,68,58,76.9,0.3,1008.3,1021.4,1015,66,86,76.4,76.4,4.4
1782410400,30.3,12.6,20.8,23.9,12.4,46.4,68,57.7,77.6,0.2,1007.5,1021.1,1014.6,66.9,86.9,77.1,77.1,4.6
1782414000,33,10.4,24,23.3,9.2,46,68,57.7,77.8,0.2,1007.4,1021,1014.4,66.9,87.1,77.2,77.2,4.9
1782417600,29.2,10.5,26.2,24.8,9.3,46,68,57.7,77.5,0.2,1007.5,1020.5,1014.3,66.9,86.9,77,77,6.3
1782421200,26.7,14.8,26,24.4,8.2,46,68,57.5,76.6,0.3,1007.7,1020.5,1014.2,66.2,86,76.1,76.1,4.9
1782424800,22.5,24.4,23.2,23.9,5.9,46,68,57.6,75.2,0.4,1007.6,1020.2,1014,66,84.2,74.7,74.7,7.5
1782428400,23.5,29,21.7,23.1,2.7,46.9,68,58.4,72.4,0.5,1008.2,1020.6,1014.5,64,80.1,72.1,72.1,12.4
1782432000,21.2,30.8,18.8,24.5,4.7,46.9,68,58,68,1.3,1008.2,1020.9,1014.6,60.1,75.2,68,68,23.5
1782435600,18.6,35.5,18.6,24.1,3.2,46.9,66.9,57.9,65.1,2.5,1008.6,1021.4,1015.3,57,72.9,65.1,65.1,30
1782439200,12.8,41,16.6,26.3,3.3,46.9,66.2,57.4,63.1,3.6,1008.9,1021.8,1015.5,54,71.1,63.1,63.1,41
1782442800,10.7,42.2,16.4,27.3,3.6,46.9,66.2,57,61.6,4.7,1009.1,1022.1,1015.6,52,70,61.6,61.6,43.7
1782446400,10.5,46.6,13.5,26.2,3.2,46,65.6,56.6,60.7,5.5,1009,1022.2,1015.5,51,69.5,60.7,60.6,44.2
1782450000,13.9,44.8,11.6,26.8,2.8,45,64.9,56.2,59.7,6.2,1008.8,1022.2,1015.5,50,69.1,59.7,59.6,44.6
1782453600,13.2,44.6,11.9,28.2,2.1,46,64.9,55.8,58.9,6.9,1008.8,1022.1,1015.4,48.2,68,58.9,58.7,43.5
1782457200,11.4,42.7,11.9,31.6,2.4,45,64.9,55.5,58.3,7.4,1008.5,1022.1,1015.2,48,68,58.3,58.1,47.5
1782460800,16.9,33.8,14.2,32.4,2.7,44.6,64.9,55.2,57.8,7.8,1008.5,1022.2,1015.3,48,68,57.8,57.6,44.4
1782464400,20.1,22.7,16.4,36.4,4.5,45,64.4,55.2,57.6,7.9,1008.7,1022.6,1015.6,46.9,66.9,57.6,57.4,43.7
1782468000,18.7,21.5,16.8,38.3,4.7,46.4,64.9,56.2,59.3,6.4,1008.6,1022.9,1015.8,50,68,59.3,59.1,34.2
1782471600,19.5,23.7,17.7,35.7,3.3,48,66,57.4,61.8,4.5,1009,1023.4,1016.1,53.1,69.8,61.8,61.7,30
1782475200,20.2,24.9,17.1,30.5,7.3,48.9,66.9,58.3,65.2,2.4,1008.6,1023.1,1015.9,57,73,65.2,65.2,23.7
1782478800,22.9,26.6,17.3,27.8,5.4,48.9,68,58.9,69.2,0.9,1008.7,1023,1016,61.9,77,69.1,69.1,17.8
1782482400,26.5,21.1,20.1,26.5,5.9,48.9,68,59,72.5,0.5,1008.7,1022.6,1015.9,63,80.6,72.2,72.2,9.2
1782486000,31.7,16.8,18.9,23.5,9.1,46.9,66.9,58.4,74.6,0.4,1008.4,1022.6,1015.7,64,82.9,74.2,74.2,6.3
1782489600,32.2,14.3,19.1,24.6,9.8,46.9,68,58.1,76.1,0.2,1008.5,1022,1015.4,66,84.2,75.6,75.6,7.2
1782493200,33.4,11.4,20.4,24.9,9.8,46,68,58,77.1,0.2,1008.4,1021.6,1015,66.2,86,76.6,76.6,4.6
1782496800,30.5,12.4,21.2,23.2,12.6,46.4,66.9,57.7,77.7,0.2,1007.6,1021.1,1014.7,66.9,86,77.2,77.2,4.5
1782500400,33.9,10.6,23.6,22.4,9.5,46,68,57.7,78,0.2,1007.7,1020.9,1014.4,68,87.1,77.4,77.4,5.1
1782504000,30.8,11.9,24.8,23.1,9.3,46,68,57.7,77.6,0.2,1007.6,1020.5,1014.2,66.9,86.9,77,77,7.2
1782507600,26.7,15.1,25.8,23.7,8.6,46,68,57.6,76.8,0.2,1007.9,1020.3,1014.2,66.2,86,76.2,76.2,5.4
1782511200,21.6,24.4,24.6,23.2,6.1,46,68,57.7,75.4,0.3,1007.8,1020.2,1014,66,84.2,74.9,74.9,7.5
1782514800,23.2,29.7,22.3,22.3,2.5,46.9,68,58.6,72.6,0.4,1008.3,1020.6,1014.5,64,80.6,72.3,72.3,12.8
1782518400,21.2,30.9,19.3,24.1,4.5,46.9,68,58.1,68.2,1.2,1008.4,1020.9,1014.5,60.1,75.2,68.1,68.1,23.7
1782522000,18.3,36,19.5,22.7,3.5,48,66.9,58,65.3,2.4,1008.8,1021.3,1015.2,57,72.9,65.2,65.2,29.7
1782525600,12.7,40.9,17.4,24.9,4,46.9,66.2,57.5,63.2,3.6,1009.3,1021.7,1015.5,54,71.1,63.2,63.2,40.5
1782529200,10.5,41.9,17.6,26.4,3.6,46.9,66.2,57.1,61.8,4.6,1009.3,1022,1015.6,52,70,61.7,61.7,45.3
1782532800,10.5,46.6,13.5,25.7,3.7,46.5,65.6,56.8,60.8,5.3,1009,1022,1015.5,51,69.5,60.8,60.8,44.8
1782536400,13.9,44.3,12.2,26.8,2.8,46,64.9,56.4,59.9,6.1,1008.8,1022.1,1015.4,50,69.1,59.9,59.8,44.4
1782540000,14.2,44.3,11.9,27.7,1.8,46,64.9,56,59,6.8,1008.8,1021.9,1015.3,48.9,68.9,59,58.9,42.6
1782543600,11.9,41.6,11.6,32.2,2.7,45,64.9,55.7,58.5,7.2,1008.5,1022.1,1015.1,48,68,58.5,58.3,46.2
1782547200,17.2,34,13.9,31.9,2.9,44.6,64.9,55.4,58,7.7,1008.5,1022.1,1015.2,48,68,58,57.8,45.4
1782550800,20.4,22.8,16.7,35.5,4.5,45,64.9,55.3,57.8,7.8,1008.7,1022.5,1015.5,46.9,68,57.8,57.6,44.3
1782554400,18.7,21.5,16.5,38.3,5,46.9,64.9,56.4,59.5,6.3,1008.9,1022.9,1015.7,50,68,59.5,59.2,35.3
1782558000,20.8,23.4,17.5,34.7,3.6,48,66.2,57.5,62,4.4,1009.1,1023.2,1016.1,53.1,70,62,61.9,29.6
1782561600,21,24.9,16.6,30,7.6,50,66.9,58.4,65.5,2.3,1008.9,1023.1,1015.9,57.2,73.4,65.4,65.4,23.7
1782565200,22.1,26.8,18.1,27.5,5.6,50,68,59.1,69.5,0.8,1009,1022.8,1015.9,62.1,77,69.3,69.3,18.1
1782568800,25.2,21,21.3,26.2,6.3,48.9,68,59.2,72.8,0.4,1009,1022.5,1015.9,64,80.6,72.4,72.4,9
1782572400,31,16.6,19.6,23.5,9.3,46.9,68,58.6,74.9,0.3,1008.6,1022.2,1015.6,64.4,82.9,74.4,74.4,5.3
1782576000,30.6,14,20,25.4,10,46.9,68,58.2,76.3,0.2,1008.6,1021.8,1015.3,66.2,84.2,75.7,75.7,6.4
1782579600,31.8,11.2,21.7,24.9,10.3,46.9,68,58.2,77.4,0.2,1008.4,1021.5,1015,66.9,86,76.7,76.7,5
1782583200,30.2,13.1,21.6,22.6,12.6,46.9,68,57.9,78,0.2,1007.7,1021.1,1014.6,68,87.1,77.4,77.4,4
1782586800,33.6,11.1,23.1,22.5,9.7,46.4,68,57.9,78.1,0.2,1007.8,1020.8,1014.4,68,87.8,77.5,77.5,5.6
1782590400,30.5,12.1,24.5,23.3,9.6,46,68,57.9,77.8,0.2,1008,1020.5,1014.2,66.9,87.1,77.2,77.2,6.9
1782594000,27.1,15.4,24.8,24.1,8.6,46,68,57.8,77.1,0.2,1008,1020.3,1014.2,68,86,76.5,76.5,4.9
1782597600,22.1,24.6,23.7,23.2,6.3,46,68,57.9,75.7,0.3,1007.9,1020.1,1014,66.2,84.2,75.2,75.2,7.2
1782601200,21.9,29.7,22.4,22.8,3.2,46.9,68,58.6,72.9,0.4,1008.4,1020.5,1014.4,64.4,80.6,72.5,72.5,12.5
1782604800,19.9,31.7,18.9,24.6,5,46.9,68,58.2,68.4,1.1,1008.4,1020.9,1014.5,60.1,75.2,68.3,68.3,23.2
1782608400,17.8,35.9,20.8,22.5,3,48,66.9,58.1,65.5,2.3,1009,1021.2,1015.1,57,73,65.4,65.4,29.9
1782612000,12.7,41.5,17.7,24.3,3.8,47.8,66.2,57.6,63.4,3.4,1009.5,1021.7,1015.5,55,71.1,63.4,63.4,40.9
1782615600,11,42.4,17.5,25.4,3.6,46.9,66.2,57.3,62,4.5,1009.6,1021.9,1015.6,52,70,62,62,45.8
1782619200,9.9,46.7,14.1,25.8,3.5,46.5,66.1,56.9,61,5.3,1009.2,1021.9,1015.5,51,69.9,61,61,45.8
1782622800,12.9,45.1,11.9,26.8,3.3,46,66,56.5,60.1,6,1008.8,1021.9,1015.4,50,69.8,60,60,45.7
1782626400,13.6,44.6,12.8,27.4,1.6,46,64.9,56.1,59.2,6.7,1008.8,1021.7,1015.2,48.9,69.1,59.2,59.1,43.7
1782630000,11.3,41.9,11.8,32,3,45,66,56,58.8,7,1008.4,1021.8,1015,48,68,58.8,58.7,45.2
1782633600,17.5,35,13.7,31.3,2.4,45,64.9,55.7,58.3,7.4,1008.6,1021.8,1015.1,48,68,58.3,58.1,45.1
1782637200,20.1,23,16.6,35.8,4.5,45,64.9,55.6,58.1,7.6,1008.7,1022.4,1015.5,46.9,68,58.1,57.9,45
1782640800,18,22.2,16.9,37.4,5.6,46.9,66,56.6,59.7,6.1,1008.9,1022.6,1015.7,50,69.1,59.7,59.5,36.7
1782644400,19.6,23.8,17.6,34.9,4.1,48.2,66.2,57.8,62.3,4.3,1009.2,1023.2,1016.1,53.1,71.1,62.3,62.2,29.9
1782648000,20.4,25.2,16.3,30.3,7.8,50,66.9,58.7,65.7,2.2,1009.1,1023,1015.9,57.2,73.9,65.6,65.6,23.6
1782651600,22.5,27,18.1,26.8,5.6,50,68,59.4,69.7,0.8,1009,1022.7,1015.8,62.1,77,69.5,69.5,16
1782655200,25.4,22.1,20.7,26.1,5.6,48.9,69.1,59.4,73.1,0.4,1008.9,1022.3,1015.8,64.4,80.6,72.7,72.7,8.5
1782658800,30.4,17.1,20.6,22.9,9.1,47.8,68,58.9,75.2,0.3,1008.6,1022.1,1015.6,64.9,82.9,74.7,74.7,4.9
1782662400,29.3,14.4,20.3,26,9.9,47.8,68,58.6,76.7,0.2,1008.6,1021.7,1015.2,66.9,84.2,76.1,76.1,6.8
1782666000,30.1,11.5,21.8,25.7,10.8,46.9,68,58.5,77.7,0.2,1008.4,1021.3,1014.9,68,86,77.1,77.1,5.5
1782669600,30.7,13.8,21.4,21.7,12.4,46.9,68,58.2,78.3,0.1,1007.8,1021,1014.5,68,87.1,77.7,77.7,4.3
1782673200,33.3,12,22.5,22,10.2,46.9,68,58.1,78.5,0.2,1008,1020.8,1014.3,69.1,87.8,77.8,77.8,5.1
1782676800,31.7,13.1,23.9,22.3,8.9,46.4,68,58.1,78.2,0.2,1008,1020.3,1014,68,87.1,77.6,77.6,6.3
1782680400,26.5,16.4,24.6,24.2,8.2,46.9,68,58.1,77.4,0.2,1008,1020.3,1014.1,68,86,76.7,76.7,4.7
1782684000,21.2,24.7,23.8,23.8,6.6,46.4,68,58.2,76,0.2,1007.9,1020.1,1013.9,66.9,84.2,75.4,75.4,7.2
1782687600,21.9,30.9,20.6,22.4,4.2,46.9,68,58.9,73.2,0.3,1008.4,1020.4,1014.3,64.9,80.6,72.8,72.8,12.3
1782691200,21.3,31.7,18.4,23.6,5,46.9,68,58.5,68.8,1,1008.6,1020.8,1014.4,60.8,75.9,68.6,68.6,23.9
1782694800,18.5,35.8,21,21.7,3,48,68,58.3,65.8,2.1,1009.1,1021.2,1015.1,57.2,73,65.7,65.7,30.2
1782698400,13.6,41.7,17.9,22.9,4,48,66.9,57.9,63.7,3.3,1009.5,1021.4,1015.4,55,71.6,63.6,63.6,41.6
1782702000,12,42.9,17.3,23.9,3.9,48,66.9,57.6,62.3,4.3,1009.6,1021.5,1015.5,53.1,70,62.2,62.2,44.2
1782705600,9.8,47.5,14,25,3.8,47.2,66.5,57.2,61.3,5.1,1009.2,1021.5,1015.4,51.5,69.9,61.2,61.2,44.5
1782709200,13.3,45.4,12.2,25.5,3.6,46.4,66,56.7,60.2,5.9,1008.8,1021.6,1015.3,50,69.8,60.2,60.1,44.8
1782712800,14.2,44.9,13.4,26,1.6,46,65.8,56.3,59.4,6.5,1008.8,1021.5,1015.2,48.9,69.1,59.4,59.3,44.3
1782716400,11.3,43,12.4,30.4,3,45,66,56.1,58.9,6.9,1008.5,1021.6,1015,48.2,68,58.9,58.8,45.7
1782720000,17.5,35.8,13.5,30.7,2.4,45,66,55.9,58.5,7.3,1008.6,1021.7,1015.1,48,68,58.5,58.3,44.8
1782723600,21,23.1,17,34.3,4.5,45,64.9,55.8,58.3,7.4,1008.9,1022.1,1015.5,47.8,68,58.3,58.1,44
1782727200,19.4,22.2,17.4,35.7,5.3,46.9,66,56.8,59.9,6,1009.1,1022.6,1015.7,50,69.1,59.9,59.7,36.9
1782730800,20.1,23.7,18.5,33.3,4.4,48.2,66.2,58,62.5,4.2,1009.3,1022.8,1016.1,53.1,71.6,62.5,62.4,29.1
1782734400,21.7,24.6,16.1,29.9,7.8,50,68,58.9,66,2.1,1009.1,1022.8,1015.9,57.2,73.9,65.8,65.8,23.3
1782738000,23.8,26.1,19.5,25.6,4.9,50,68,59.6,70,0.7,1009.1,1022.7,1015.9,62.1,77,69.7,69.7,15.9
1782741600,27.2,22.5,19.7,25.1,5.6,48.9,69.1,59.7,73.4,0.3,1009,1022.2,1015.8,64.4,81,72.9,72.9,8
1782745200,31.2,17.6,19.7,22.1,9.4,47.8,68,59,75.6,0.3,1008.9,1022,1015.6,64.9,84,74.9,74.9,4.7
1782748800,29.6,14.4,20,25.4,10.6,47.8,68,58.7,77,0.2,1008.6,1021.6,1015.3,66.9,84.9,76.3,76.3,7.3
1782752400,31.4,11.1,20.6,25.2,11.8,46.9,68,58.6,78,0.1,1008.6,1021.3,1015,68,87.1,77.2,77.2,5.3
1782756000,32.7,13.6,20.5,21,12.2,46.9,68,58.3,78.6,0.1,1007.8,1020.8,1014.6,69.1,87.8,77.9,77.9,4.7
1782759600,32.8,12.2,22.5,22.5,10.1,46.9,68,58.2,78.7,0.1,1008,1020.7,1014.4,69.1,87.8,78,78,4.7
1782763200,31.4,13.4,23.8,22.4,9,46.9,68,58.2,78.3,0.1,1008,1020.4,1014.1,68,87.8,77.6,77.6,6.3
1782766800,27.7,16.4,23.7,24.2,8,46.9,68,58.3,77.5,0.1,1008,1020.4,1014.2,68,87.1,76.8,76.8,4.9
1782770400,21.6,24.5,23.8,23.5,6.7,46.9,68,58.4,76.1,0.2,1008,1020.2,1014,66.9,84.2,75.5,75.5,7
1782774000,21.4,29.8,20.9,22.3,5.6,48,68,59,73.3,0.3,1008.5,1020.3,1014.4,64.9,80.6,72.8,72.8,12.6
1782777600,21.5,32.6,17.7,23.2,5,48,68,58.7,68.9,1,1008.7,1020.7,1014.6,60.8,75.9,68.7,68.7,23.7
1782781200,18.1,37,20.4,21.3,3.2,48,68,58.5,65.9,2.2,1009.2,1021.2,1015.2,57.2,73,65.8,65.8,31.2
1782784800,13.8,41.7,18.1,22.6,3.8,48,66.9,58.1,63.8,3.3,1009.7,1021.4,1015.5,55,71.6,63.7,63.7,43.4
1782788400,11.6,43.6,17.4,23.2,4.1,48,66.9,57.8,62.3,4.3,1009.7,1021.6,1015.6,53.1,70,62.2,62.2,44.1
1782792000,8.9,48.4,14.9,24.1,3.8,47.5,66.5,57.3,61.3,5.1,1009.5,1021.6,1015.5,51.5,69.9,61.2,61.2,44.9
1782795600,12.6,46.4,13.1,24.4,3.6,46.9,66,56.8,60.2,5.9,1009.2,1021.6,1015.4,50,69.8,60.2,60.2,45.6
1782799200,13.9,46.3,13.7,23.9,2.1,46,66,56.4,59.4,6.6,1008.9,1021.5,1015.3,48.9,69.1,59.3,59.3,43.3
1782802800,11.2,43.6,12.8,29.7,2.7,45,66,56.2,58.9,6.9,1008.5,1021.6,1015.1,48.2,68,58.9,58.8,44.8
1782806400,18.5,36.4,12.9,29.5,2.8,45,66,56,58.5,7.3,1008.8,1021.7,1015.2,48,68,58.4,58.3,44.9
1782810000,22,23,17.6,33.1,4.3,45.9,64.9,55.9,58.2,7.4,1009,1022.3,1015.7,47.8,68,58.2,58.1,44.8
1782813600,20.1,21.8,18.6,34.5,5.1,46.9,66,56.9,59.9,6.1,1009.6,1022.6,1015.9,50,69.1,59.8,59.7,36.8
1782817200,19.9,23.6,19.2,32.5,4.7,48.9,66.9,58.2,62.6,4.1,1009.5,1022.8,1016.2,53.1,71.6,62.5,62.5,29.4
1782820800,21.7,26.1,15.9,29.3,7.1,50,68,59.1,66.1,2.1,1009.4,1023,1016.1,57.2,73.9,65.9,65.9,23.4
1782824400,24.5,27.1,19.3,24.3,4.7,50,68,59.8,70.1,0.7,1009.3,1022.7,1016.1,62.1,78.1,69.9,69.9,16
1782828000,26.9,22.7,20.1,23.9,6.3,50,69.8,59.9,73.5,0.3,1009.7,1022.2,1016,64.4,81,73,73,8.5
1782831600,31,17.8,19.7,21.6,9.9,48,69.1,59.2,75.7,0.2,1009.4,1022,1015.8,65.8,84.2,75,75,5.4
1782835200,28.6,15.1,20.3,25.3,10.6,47.8,68,58.7,77.2,0.1,1008.8,1021.7,1015.5,66.9,86,76.4,76.4,7.8
1782838800,31.4,12,20.8,24,11.8,48,68,58.7,78.3,0.1,1009.1,1021.1,1015.1,68,87.8,77.5,77.5,5
1782842400,32.5,13.4,21.5,19.6,12.9,46.9,68,58.4,78.9,0.1,1008.4,1020.7,1014.8,69.1,88,78.1,78.1,4.3
1782846000,33.6,12,23,21.6,9.9,46.9,68,58.3,79,0.1,1008.5,1020.7,1014.6,69.1,87.8,78.2,78.2,4.5
1782849600,32.9,14.2,22.9,21,9,46.9,68,58.3,78.7,0.1,1008.3,1020.4,1014.3,68,87.8,77.9,77.9,6.8
1782853200,28.9,16.7,22.6,23.3,8.5,46.9,68,58.5,77.8,0.1,1008.4,1020.5,1014.4,68,87.8,77,77,5.2
1782856800,23,24.2,23.7,21.8,7.4,46.9,68,58.6,76.3,0.2,1008.2,1020.3,1014.2,66.9,84.9,75.6,75.6,7.1
1782860400,21.3,29.9,20.8,22.4,5.6,48,69.1,59.3,73.5,0.3,1008.9,1020.4,1014.6,64.9,81,73,73,12.9
1782864000,21.4,32.1,18.8,22.6,5.2,48,68,59,69,1,1008.8,1020.9,1014.7,60.8,77,68.8,68.8,24.4
1782867600,17.5,37.1,20.7,21.4,3.3,48,68,58.7,66.1,2.1,1009.6,1021.3,1015.4,57.2,73.4,65.9,65.9,31.6
1782871200,14.3,41.5,17.9,22.4,3.8,48,66.9,58.3,63.9,3.2,1010,1021.7,1015.7,55.4,71.6,63.8,63.8,43.4
1782874800,11.6,43.7,17.9,22.5,4.3,48.2,66.9,58,62.5,4.2,1010,1021.8,1015.8,53.6,70.9,62.4,62.4,44.5
1782878400,9.4,48.2,14.5,23.9,4.1,47.5,66.5,57.5,61.4,5,1009.6,1021.8,1015.7,51.8,70.3,61.3,61.3,45.8
1782882000,11.8,46.8,13.4,23.9,4.1,46.9,66,57,60.3,5.8,1009.2,1021.8,1015.6,50,69.8,60.2,60.2,47.1
1782885600,13.6,45.8,14.4,23.8,2.4,46,66.2,56.6,59.6,6.5,1008.9,1021.8,1015.5,48.9,69.1,59.5,59.5,44.2
1782889200,11.4,42.8,13.1,29.4,3.3,46,66,56.4,59.1,6.8,1008.5,1021.8,1015.2,48.9,68,59,59,46
1782892800,18.6,35.8,13.3,29.4,2.8,45,66,56.1,58.7,7.1,1008.8,1021.8,1015.4,48,68,58.6,58.5,45.3
1782896400,22.4,22.4,17.5,33.3,4.4,45.9,64.9,56.1,58.4,7.3,1009.1,1022.4,1015.7,47.8,68,58.4,58.3,44.9
1782900000,19.5,22.4,18.4,34,5.7,47.8,66,57.1,60,5.9,1009.6,1022.8,1016,50.9,69.1,60,59.9,38
1782903600,19.7,23.9,19.7,32.4,4.2,48.9,66.9,58.4,62.8,4.1,1009.5,1023,1016.2,53.6,71.6,62.7,62.7,30.2
1782907200,21.1,25.7,16.7,29.9,6.6,50,68,59.3,66.2,2.1,1009.4,1023.1,1016.2,57.2,74.8,66,66,24
1782910800,23.6,27.2,20.3,24.6,4.3,50.9,69.1,60.1,70.4,0.6,1009.3,1022.8,1016.1,62.6,78.1,70.1,70.1,16.7
1782914400,26.4,23.1,20.5,24.2,5.9,50,69.8,60.1,73.8,0.3,1009.5,1022.4,1016,64.4,82,73.2,73.2,9.4
1782918000,30,18.1,20.9,22.1,8.9,48.2,69.1,59.5,76.1,0.2,1009.2,1022.1,1015.8,65.8,84.9,75.3,75.3,5.9
1782921600,28.4,14.7,19.9,26.3,10.7,48,69.1,59.1,77.5,0.1,1008.8,1021.9,1015.5,66.9,86,76.6,76.6,8
1782925200,31.7,10.9,20.8,24.5,12,48,68,59,78.6,0.1,1009,1021.3,1015.1,68,87.8,77.7,77.7,4.8
1782928800,31.9,13,22.2,20.3,12.6,48,68,58.7,79.2,0.1,1008.4,1020.8,1014.8,69.1,88,78.4,78.4,4.5
1782932400,33.5,11,23.2,21.5,10.8,48,68,58.6,79.4,0.1,1008.5,1020.7,1014.6,69.1,88.9,78.5,78.5,4.2
1782936000,32.7,13.8,22.7,21.2,9.5,47.8,68,58.7,79,0.1,1008,1020.4,1014.2,68,88,78.2,78.2,7.5
1782939600,29.9,16.9,22.4,22.8,8,46.9,68,58.8,78.1,0.1,1008.3,1020.5,1014.3,68,87.8,77.3,77.3,5.6
1782943200,23.4,24.2,22.7,22,7.7,46.9,68.9,59,76.6,0.2,1008.1,1020.2,1014.1,66.9,86,75.9,75.9,6.9
1782946800,21.7,29.4,20,22.6,6.3,48.2,69.1,59.7,73.7,0.3,1008.8,1020.4,1014.5,64.9,82,73.2,73.2,14
1782950400,21.9,32.9,18.1,22.1,5,48.2,68.9,59.4,69.3,1,1008.8,1020.8,1014.6,60.8,77,69.1,69.1,24.6
1782954000,19,37.6,19.2,21.1,3.1,48.9,68,59.1,66.4,2,1009.6,1021.2,1015.3,57.2,73.9,66.2,66.2,33.4
1782957600,14.6,41.4,17.7,22.7,3.6,48.9,66.9,58.6,64.2,3,1010,1021.5,1015.6,55.4,72,64.2,64.2,44.7
1782961200,11.1,43.3,18.9,22.5,4.1,48.9,66.9,58.3,62.8,4,1010,1021.7,1015.7,54,71.1,62.7,62.7,44.7
1782964800,9.7,47.2,14.8,24.5,3.8,48.5,66.6,57.8,61.8,4.8,1009.6,1021.7,1015.5,52.5,70.4,61.7,61.7,45.9
1782968400,11.4,45.6,14,24.6,4.4,48,66.2,57.4,60.7,5.5,1009.2,1021.7,1015.4,50.9,69.8,60.6,60.6,47
1782972000,13.9,44.2,14.7,24.3,2.9,46.9,66.2,57,59.9,6.2,1008.9,1021.5,1015.4,50,69.1,59.8,59.8,44.7
1782975600,11.7,41,13.7,30.1,3.6,46.9,66,56.8,59.4,6.5,1008.6,1021.5,1015.1,48.9,68.9,59.4,59.4,46.6
1782979200,19.3,34.7,13.4,29.4,3.1,46,66,56.5,59,6.8,1008.9,1021.7,1015.2,48.2,68,59,58.9,45.9
1782982800,23.4,20.3,18.1,33.5,4.7,46,65.8,56.4,58.7,7,1009.2,1022.2,1015.6,48,68,58.7,58.6,45.9
1782986400,19.9,20.2,18.2,35.2,6.5,48.2,66.2,57.4,60.3,5.7,1009.6,1022.5,1015.8,50.9,69.8,60.3,60.2,38.8
1782990000,21.1,21.6,20.3,32.9,4.2,50,66.9,58.7,63,3.9,1009.5,1022.7,1016.1,53.6,71.6,63,62.9,29.9
1782993600,20.3,24.6,17.4,30.9,6.8,51.1,68,59.7,66.5,2,1009.5,1022.8,1016.1,57.9,75,66.3,66.3,24.5
1782997200,24.9,26.8,19.7,24.6,4,51.1,69.1,60.4,70.8,0.6,1009.3,1022.6,1015.9,62.6,78.8,70.4,70.4,16.7
1783000800,26.7,22.7,20.3,24.6,5.7,50,69.8,60.4,74.2,0.3,1009.5,1022.2,1015.8,64.4,82.4,73.5,73.5,9.4
1783004400,31,17,20.3,22.5,9.2,48.9,69.1,59.7,76.4,0.2,1009.2,1021.9,1015.6,64.9,84.9,75.5,75.5,6.1
1783008000,27.9,12.9,21.4,27.4,10.5,48,69.8,59.3,77.8,0.1,1008.8,1021.7,1015.3,66.9,87.1,76.8,76.8,7.3
1783011600,31.6,9.7,21.6,25.1,12.1,48.2,69.1,59.2,78.8,0.1,1009.1,1021.2,1015,68,88,77.9,77.9,3.9
1783015200,32.5,12.1,22.1,20.6,12.6,48.2,69.1,59,79.4,0.1,1008.4,1020.7,1014.6,69.1,89.1,78.5,78.5,4.3
1783018800,33.3,10.1,22.9,22.4,11.3,48,69.1,58.8,79.5,0.1,1008.5,1020.6,1014.4,69.1,89.1,78.6,78.6,5
1783022400,33,12.9,22.5,21.5,10,48.2,69.1,58.9,79.1,0.1,1007.9,1020.3,1014,69.1,88.9,78.3,78.3,7.3
1783026000,30.9,15.8,23.3,22.6,7.3,48,68.9,59.1,78.2,0.1,1008.1,1020.4,1014.2,68,88,77.3,77.3,4.9
1783029600,24.3,21.6,23.3,22.4,8.4,48,69.1,59.3,76.6,0.2,1008,1020.1,1013.9,66.9,86,75.9,75.9,6.9
1783033200,23.1,27.7,20.3,22.4,6.5,48.9,69.8,60,73.8,0.3,1008.6,1020.3,1014.4,64.9,82,73.2,73.2,13.7
1783036800,22,30.9,19.9,22.2,5,48.9,69.1,59.6,69.4,0.9,1008.7,1020.7,1014.5,60.8,77.9,69.2,69.2,23.5
1783040400,19.1,35.6,20.8,21.5,3.1,48.9,68,59.3,66.6,1.9,1009.6,1021.1,1015.2,57.9,73.9,66.4,66.4,31.8
1783044000,14.7,40.5,18.3,22.4,4.1,48.9,66.9,58.9,64.4,3,1010,1021.4,1015.4,55.4,72,64.4,64.4,43.7
1783047600,11.5,43,19.1,22.2,4.2,48.9,66.9,58.6,63.1,3.8,1010,1021.5,1015.5,54,71.1,63,63,43.4
1783051200,10.1,46.4,15.5,24,4.1,48.5,66.6,58.1,62,4.5,1009.6,1021.5,1015.4,52.5,70.4,62,62,44.7
1783054800,11.7,46,14.3,24.2,3.9,48,66.2,57.6,60.9,5.3,1009.2,1021.5,1015.3,51.1,69.8,60.9,60.9,46
1783058400,14.4,43.7,15.2,23.8,2.9,46.9,66.2,57.2,60,6,1008.9,1021.3,1015.2,50,69.1,60,60,43.5
1783062000,12,41.1,14.4,29.2,3.3,46.9,66,57,59.6,6.4,1008.6,1021.3,1015,48.9,69.1,59.6,59.5,46
1783065600,19.8,35.1,13.4,28.1,3.6,46,66,56.6,59.1,6.7,1008.8,1021.5,1015.1,48.9,68,59.1,59,45.6
1783069200,25.2,19.7,18.9,31.8,4.4,46,66,56.5,58.8,6.9,1009.2,1022,1015.5,48.2,68,58.8,58.7,44.4
1783072800,21,20.5,18.5,33.5,6.5,48.2,66.2,57.6,60.4,5.6,1009.6,1022.4,1015.7,51.1,69.1,60.4,60.3,38.1
1783076400,21.3,22.9,19.7,32.4,3.7,50,66.9,58.9,63.2,3.8,1009.5,1022.4,1016,53.6,71.6,63.1,63.1,29.9
1783080000,20.9,24.8,17.5,30.3,6.6,51.1,68.9,59.8,66.6,2,1009.4,1022.7,1016,57.9,75.2,66.5,66.5,24
1783083600,25.6,26.8,19.7,23.9,4,51.1,69.1,60.5,70.9,0.6,1009.3,1022.4,1015.8,62.6,78.8,70.5,70.5,17.1
1783087200,27.3,22.1,21.4,23.5,5.7,50,69.8,60.5,74.3,0.3,1009.2,1022.2,1015.7,64.9,82.9,73.6,73.6,9.6
1783090800,30.9,15.9,22.1,22.1,9,48.9,69.1,59.7,76.4,0.2,1009.2,1021.9,1015.5,66,86,75.6,75.6,5.9
1783094400,28.9,12.2,22.2,26.7,10,48.2,69.1,59.3,77.8,0.1,1008.8,1021.7,1015.2,66.9,87.8,76.9,76.9,6.8
1783098000,31.9,8.8,22.1,24.9,12.3,48.2,68.9,59,78.8,0.1,1008.9,1021.2,1015,68,88,77.9,77.9,2.8
1783101600,33.8,10.9,22.9,20,12.4,48.2,69.1,58.8,79.3,0.1,1008.4,1020.7,1014.6,69.1,89.1,78.5,78.5,4.3
1783105200,34.4,10,21.8,22.7,11.1,48.2,68,58.7,79.4,0.1,1008.5,1020.5,1014.3,69.1,89.1,78.5,78.5,4.5
1783108800,32.3,13.4,23,21.5,9.8,48.2,68,58.8,79.1,0.1,1007.8,1020.3,1014,69.1,88,78.3,78.3,7.3
1783112400,31.2,14.7,24.3,22.2,7.6,48.2,68,59,78.1,0.1,1008.1,1020.3,1014.1,68,88,77.4,77.4,4.7
1783116000,23.7,21.8,23.3,23,8.2,48.2,69.1,59.2,76.6,0.2,1008.1,1020.1,1014,66.9,86,75.9,75.9,7.3
1783119600,23.2,28.2,19.5,22.8,6.3,48.9,69.1,59.9,73.7,0.3,1008.6,1020.3,1014.3,64.9,82,73.2,73.2,13.5
1783123200,22.8,31.2,19.9,21.8,4.3,48.9,68,59.5,69.3,0.9,1008.7,1020.5,1014.5,61,77,69.1,69.1,23.3
1783126800,18.4,35.7,21.7,21,3.1,48.9,68,59.3,66.5,1.9,1009.6,1021.1,1015.1,57.9,73.9,66.3,66.3,32.9
1783130400,15,40.8,18.4,21.7,4.1,48.9,66.9,58.9,64.4,3,1009.8,1021.2,1015.4,55.9,72,64.4,64.4,43.6
1783134000,12.3,42.5,19.7,21.6,3.9,48.9,66.9,58.5,62.9,3.9,1009.8,1021.5,1015.5,54,71.1,62.9,62.9,41.5
1783137600,9.5,47.2,16.5,22.7,4.1,48.5,66.6,58,61.8,4.7,1009.3,1021.4,1015.4,52.5,70.4,61.8,61.8,44
1783141200,12.5,46.8,15.1,22.3,3.4,48,66.2,57.6,60.8,5.4,1008.9,1021.3,1015.2,51.1,69.8,60.8,60.8,46.6
1783144800,13.6,44.1,16.4,23,2.9,47.8,66.2,57.2,59.9,6.1,1008.9,1021.3,1015.2,50,69.1,59.9,59.9,44.2
1783148400,12.8,42.2,14.2,27,3.8,46.9,66,56.9,59.4,6.5,1008.5,1021.3,1015,48.9,68,59.4,59.3,46.7
1783152000,20.1,36.2,13.4,27.6,2.8,46,66,56.6,59,6.8,1008.7,1021.4,1015.1,48.2,68,59,58.9,45.9
1783155600,23.4,20.7,20.2,31.3,4.4,46,65.8,56.5,58.6,7,1009.1,1021.9,1015.5,48.2,68,58.6,58.5,44.7
1783159200,19.7,22.2,18.3,32.9,7,48.2,66.2,57.5,60.2,5.8,1009.4,1022.3,1015.7,51.1,69.1,60.2,60.1,38.9
1783162800,20.5,24.5,19.7,31.3,3.9,50,68,58.9,63.1,3.8,1009.4,1022.4,1016,54,71.6,63,63,29.5
1783166400,19.8,25.9,17.4,30.3,6.6,51.8,68.9,59.8,66.7,1.9,1009.3,1022.5,1016,57.9,75.2,66.5,66.5,23
1783170000,26.7,26.9,19.8,22.9,3.8,51.8,69.1,60.6,71.1,0.5,1009.2,1022.3,1015.8,63,78.8,70.6,70.6,16.7
1783173600,28.1,20.5,22.9,22.9,5.7,50,69.8,60.5,74.4,0.2,1009,1022.2,1015.8,64.9,82.9,73.7,73.7,10.1
1783177200,31,15,22.4,22.2,9.3,48.9,69.1,59.7,76.6,0.1,1008.9,1021.9,1015.5,66.2,86,75.7,75.7,5.9
1783180800,29.1,11.5,22.9,26.3,10.3,48.2,69.1,59.3,78,0.1,1008.7,1021.7,1015.2,66.9,87.1,77.1,77.1,7
1783184400,32.7,7.9,22.2,23.6,13.6,48.2,69.1,59.1,79,0.1,1008.8,1021.1,1015,68,88,78.1,78.1,3.2
1783188000,35.4,10,23.1,19.4,12.1,48.2,69.1,58.8,79.4,0.1,1008.3,1020.6,1014.6,69.8,89.1,78.6,78.6,3.8
1783191600,33.8,10,22.9,21.9,11.4,48,68,58.6,79.5,0.1,1008.1,1020.5,1014.3,69.1,89.1,78.6,78.6,4.5
1783195200,32.4,13.4,24.2,20.4,9.6,48.2,68,58.8,79.2,0.1,1007.7,1020.2,1014,69.1,88,78.5,78.5,6.6
1783198800,30.2,14.6,26.7,21.5,7.1,48.2,68,58.9,78.2,0.1,1008.1,1020.3,1014.1,68,87.8,77.4,77.4,4.4
1783202400,23.3,22.5,24,22.5,7.7,48.2,69.1,59.1,76.7,0.1,1007.9,1020.2,1014,66.9,86,76.1,76.1,6.8
1783206000,22.7,28.6,19.9,22,6.9,48.9,69.1,59.8,73.8,0.2,1008.6,1020.3,1014.3,64.9,82,73.3,73.3,13.6
1783209600,22.6,32,19.2,21.6,4.6,48.9,68,59.5,69.3,0.9,1008.7,1020.5,1014.5,61,77,69.2,69.2,23.8
1783213200,18.5,35.8,21.8,21.1,2.8,48.9,68,59.2,66.5,1.9,1009.6,1021.1,1015.1,57.9,73.9,66.3,66.3,32.4
1783216800,14.8,41.6,17.4,21.8,4.4,48.9,66.9,58.8,64.4,3,1009.8,1021.2,1015.4,55.9,72.9,64.3,64.3,43.6
1783220400,12.4,42.8,19.1,21.8,4,48.9,66.9,58.5,62.9,4,1010,1021.5,1015.5,54,71.1,62.8,62.8,42.3
1783224000,10.1,46.1,16.8,23.2,3.9,48.5,66.6,58,61.8,4.7,1009.6,1021.4,1015.4,52.5,70.4,61.8,61.8,44.5
1783227600,12.7,46.9,14,23.1,3.4,48,66.2,57.6,60.8,5.4,1009.3,1021.3,1015.3,51.1,69.8,60.7,60.7,46.7
1783231200,13.8,44.5,15.9,23.4,2.3,47.8,66.2,57.1,59.9,6.1,1008.9,1021.1,1015.2,50,69.1,59.9,59.9,44.2
1783234800,14.1,42.2,13.2,26.8,3.8,46.4,66,56.9,59.3,6.5,1008.9,1021.1,1015,48.9,68,59.3,59.2,45.7
1783238400,19.7,35.6,14.4,27.2,3.1,46,66,56.5,59,6.8,1008.9,1021.4,1015.2,48.2,68,59,58.8,47.1
1783242000,23.2,21.5,20.7,30.8,3.8,46,65.8,56.4,58.5,7.2,1009.3,1021.6,1015.5,48.2,68,58.5,58.4,45.4
1783245600,18.8,23,19,31.7,7.6,48.2,66.2,57.4,60.1,5.9,1009.7,1022.1,1015.8,51.1,68,60.1,60,39.8
1783249200,20.5,24.7,20,30.3,4.5,50,68,58.9,63,3.9,1009.9,1022,1016,54,71.6,62.9,62.9,29.1
1783252800,19.1,27.1,16.6,31.1,6.1,51.1,68.9,59.8,66.5,2,1009.4,1022.4,1016.1,57.9,75,66.4,66.4,23
1783256400,25.7,27.8,19.5,23.3,3.8,51.1,69.8,60.5,71,0.6,1009.5,1022.1,1015.9,62.6,79,70.6,70.6,16.9
1783260000,27.3,21.1,22.3,23.5,5.8,50,69.8,60.5,74.3,0.2,1009.7,1022,1015.8,64.9,82.9,73.6,73.6,10.1
1783263600,30,15.6,22.5,22.5,9.4,48.9,69.1,59.6,76.5,0.2,1009.6,1021.7,1015.6,66.2,84.9,75.7,75.7,6.4
1783267200,27.8,12.4,23.9,26.3,9.6,48.2,69.1,59.2,78.1,0.1,1009.2,1021.1,1015.3,66.9,87.1,77.1,77.1,7.1
1783270800,31.6,8.2,22.5,24.1,13.6,48.2,69.1,59,79,0.1,1009.4,1020.9,1015,68,88,78.1,78.1,3.5
1783274400,35.6,10.7,22,19.4,12.3,48.2,69.1,58.8,79.4,0.1,1008.7,1020.5,1014.6,69.8,88.9,78.6,78.6,3.8
1783278000,34.1,10.3,22.8,21.6,11.3,48.2,69.1,58.7,79.5,0.1,1008.5,1020.4,1014.4,69.1,89.1,78.7,78.7,4.8
1783281600,32,14.2,23.9,20.2,9.6,48.2,69.1,58.8,79.3,0.1,1007.9,1020.2,1014,69.1,89.1,78.6,78.6,6.1
1783285200,30.7,14.4,26.5,21,7.3,48.2,68,58.9,78.4,0.1,1008.4,1020.1,1014.2,68,87.8,77.6,77.6,5.1
1783288800,23.4,21.7,24.9,22.5,7.5,48.2,69.1,59.2,77,0.1,1008.4,1020.1,1014,68,86,76.3,76.3,6.9
1783292400,22.8,28.3,20.4,21.6,6.9,48.9,69.8,59.9,74,0.2,1008.9,1020.1,1014.3,64.9,82,73.5,73.5,12.9
1783296000,23.7,31.2,19.4,21.3,4.4,48.9,68.9,59.6,69.5,0.9,1009,1020.5,1014.5,60.8,77,69.3,69.3,24.6
1783299600,18.8,35.4,21.9,21.1,2.9,50,68,59.3,66.5,2,1009.7,1021,1015.1,57.9,74.8,66.4,66.4,33.6
1783303200,14.1,42.5,17.5,21.4,4.6,48.9,68,58.8,64.5,3,1010.1,1021.2,1015.4,55.9,72.9,64.4,64.4,44.2
1783306800,12.6,43.1,19.3,21.3,3.7,48.9,68,58.5,63,3.9,1010.2,1021.4,1015.5,54,71.1,62.9,62.9,42.1
1783310400,10.3,45.9,16.9,23.3,3.6,48.5,67.1,58,62,4.7,1009.9,1021.3,1015.4,52.9,70.4,61.8,61.8,44.3
1783314000,12.4,48.2,13.2,23.1,3.1,48.2,66.2,57.5,60.9,5.4,1009.5,1021.3,1015.3,51.8,69.8,60.8,60.8,46.5
1783317600,13.8,44.3,15.9,24,2.1,48,66.2,57.2,60,6,1009.3,1021.1,1015.2,50,69.1,60,60,44.6
1783321200,13.2,42.3,12.9,27.8,3.8,46.9,66,56.8,59.4,6.5,1009,1021.1,1015.1,48.9,68,59.4,59.4,44.7
1783324800,18.8,36.3,14.7,27.4,2.8,46,66,56.5,59.1,6.7,1009,1021.4,1015.2,48.9,68,59.1,59,46.9
1783328400,22.8,22.8,19.6,30.7,4.1,46.4,65.8,56.4,58.7,7,1009.3,1021.6,1015.5,48.2,68,58.7,58.6,44.7
1783332000,18.4,24.2,18.4,31.5,7.5,48.2,66.2,57.5,60.2,5.8,1009.6,1021.9,1015.8,51.8,69.1,60.2,60.2,40.1
1783335600,20.5,25.7,18.9,29.9,5,50,68,58.9,63.2,3.8,1009.9,1022,1016,54.9,71.6,63.1,63.1,29.1
1783339200,19,27.8,17.2,29.8,6.2,51.8,68.9,59.8,66.8,1.9,1009.5,1022.4,1016.1,57.9,75,66.6,66.6,22.5
1783342800,25.1,28.6,20,22.9,3.3,51.8,69.8,60.6,71.2,0.5,1009.5,1022,1015.9,63,79,70.7,70.7,16.7
1783346400,26.8,20.8,23.9,22.7,5.7,50,69.8,60.5,74.5,0.2,1009.7,1021.8,1015.8,64.9,82.9,73.8,73.8,9.9
1783350000,30.5,16.1,22.6,21.4,9.4,48.9,69.1,59.6,76.7,0.1,1009.7,1021.6,1015.6,66.9,84.9,75.8,75.8,6.2
1783353600,27.2,13.6,23.9,26,9.3,48.2,69.1,59.3,78.3,0.1,1009.4,1021,1015.3,68,87.1,77.4,77.4,7
1783357200,30.9,8.4,23,23.9,13.8,48.2,69.1,59.1,79.2,0.1,1009.4,1020.8,1015,69.1,88,78.3,78.3,3.2
1783360800,35.7,10.2,23.5,18.4,12.1,48.2,69.1,58.9,79.7,0.1,1008.7,1020.5,1014.7,69.8,89.1,78.8,78.8,3.6
1783364400,34.9,10.6,23.6,20,11.1,48,69.1,58.7,79.8,0.1,1008.5,1020.4,1014.4,69.1,89.1,79,79,5
1783368000,31.9,14.7,23.4,19.3,10.6,48.9,69.1,58.9,79.6,0.1,1007.8,1020.1,1014,69.1,89.1,78.8,78.8,5.4
1783371600,31.3,15.4,26.1,20.4,6.9,48.2,68,58.9,78.6,0.1,1008.4,1019.9,1014.2,68,88,77.8,77.8,4.9
1783375200,24.3,23.5,23.3,21.6,7.3,48.2,69.1,59.3,77.2,0.1,1008.3,1020,1014,68,86,76.5,76.5,6.2
1783378800,23.2,29.1,21.2,19.8,6.7,48.9,69.8,60,74.2,0.2,1008.8,1020.1,1014.3,66,82.4,73.7,73.7,12.7
1783382400,23,32.8,20.3,20,3.9,48.9,68.9,59.7,69.6,0.9,1008.9,1020.4,1014.5,60.8,78.1,69.4,69.4,26.3
1783386000,18.7,37.3,21.3,20.3,2.4,50,68,59.4,66.6,2,1009.6,1021.1,1015.2,57.9,75,66.4,66.4,35.9
1783389600,13.3,43.9,17.5,20.9,4.4,48.9,68,58.9,64.5,2.9,1010.1,1021.2,1015.4,55.9,73,64.5,64.5,43.8
1783393200,12.9,45.3,18.8,19.6,3.5,48.9,68,58.6,63,3.9,1010.2,1021.5,1015.5,53.6,71.6,62.9,62.9,42
1783396800,10.8,47.7,16.5,21.4,3.6,48.5,67.1,58,61.9,4.7,1009.9,1021.5,1015.4,52.7,70.7,61.8,61.8,45
1783400400,13.5,49.2,13,21.5,2.8,48.2,66.2,57.5,60.8,5.4,1009.6,1021.4,1015.3,51.8,69.8,60.8,60.8,48.1
1783404000,13.6,45.4,15.4,23.2,2.3,48.2,66.2,57.2,60,6,1009.5,1021.3,1015.2,50,69.1,60,60,46
1783407600,13.2,43.7,12.7,26.4,4,46.9,66,56.8,59.4,6.5,1009.2,1021.3,1015.1,48.9,68,59.4,59.3,46
1783411200,18.2,38.1,14.9,26,2.8,46.4,66,56.5,59,6.8,1009.1,1021.4,1015.2,48.9,68,59,58.9,48.1
1783414800,23.2,23.2,20.5,28.6,4.3,46.4,65.8,56.4,58.6,7.1,1009.6,1021.8,1015.6,48.9,68,58.6,58.5,45.3
1783418400,19.3,24.2,19,30,7.4,48.2,66.2,57.5,60.2,5.8,1009.7,1022.1,1015.8,51.8,69.1,60.2,60.1,40.7
1783422000,21.7,25.4,19.4,28.8,4.7,50,68,59,63.2,3.7,1009.9,1022,1016,55,71.6,63.1,63.1,28.5
1783425600,19,28.4,16.5,30.1,5.9,51.8,68.9,60,66.9,1.8,1009.6,1022.4,1016.2,59,75,66.7,66.7,23.7
1783429200,24.9,28.7,19.9,23.7,2.9,51.8,70,60.7,71.3,0.5,1009.6,1022,1015.9,63,79,70.8,70.8,17.7
1783432800,27,19.9,24.2,23,6,50,69.8,60.6,74.7,0.2,1009.8,1022,1015.8,64.9,82.9,73.9,73.9,9.9
1783436400,30.2,15.8,22.8,22.1,9.1,48.9,69.1,59.7,76.9,0.1,1009.7,1021.5,1015.6,66.9,86,76,76,6.1
1783440000,28.2,14.3,22.7,26,8.8,48.2,69.1,59.4,78.5,0.1,1009.4,1021.1,1015.3,68,87.1,77.5,77.5,6.8
1783443600,29.7,8.5,23.3,24.8,13.7,48.2,69.1,59.2,79.4,0.1,1009.5,1020.6,1015,69.1,88.9,78.5,78.5,3.5
1783447200,35.8,9.9,24,18.6,11.6,48.2,69.1,59,79.9,0.1,1008.9,1020.5,1014.7,69.8,89.6,79,79,3.3
1783450800,34.9,11.5,23.1,20.4,10.1,48.2,69.1,58.8,80,0.1,1008.5,1020.3,1014.4,69.1,89.6,79.1,79.1,5
1783454400,30.3,14.6,23.8,20.1,11.2,48.9,69.1,59,79.7,0.1,1008,1020.1,1014.1,69.1,89.1,78.9,78.9,5.9
1783458000,31,15.2,26.2,20.7,6.9,48.9,68,59.2,78.9,0.1,1008.7,1019.9,1014.2,68,88,78,78,5.1
1783461600,24.6,23.8,22.1,22.6,6.8,48.9,69.1,59.5,77.4,0.1,1008.4,1020,1014.1,68,86,76.6,76.6,5.5
1783465200,22.5,28.8,21.6,20.6,6.5,50,69.8,60.3,74.4,0.2,1008.9,1020.1,1014.4,66,82.4,73.9,73.9,14
1783468800,22.4,33.4,20.1,20.9,3.2,50,69.1,60,69.9,0.9,1009,1020.4,1014.6,61,78.1,69.6,69.6,25.1
1783472400,18,38,20.9,20.9,2.2,50,68,59.6,66.8,1.9,1009.8,1021,1015.2,57.9,75,66.7,66.7,37
1783476000,12.6,45.4,17.2,20.4,4.4,50,68,59.1,64.8,2.8,1010.1,1021.2,1015.4,55.9,73,64.7,64.7,45
1783479600,11.7,47,19.2,19.2,3,50,68,58.7,63.2,3.8,1010.2,1021.4,1015.5,53.6,71.6,63.1,63.1,42.7
1783483200,10,49.4,15.7,21.3,3.6,49.1,67.5,58.2,62.1,4.5,1010,1021.3,1015.5,52.7,70.8,62,62,45.7
1783486800,12.1,50.1,12.7,22.7,2.3,48.2,66.9,57.7,61,5.2,1009.7,1021.3,1015.4,51.8,70,61,61,48.6
1783490400,12.7,46.2,15.3,23.4,2.3,48.2,66.2,57.4,60.2,5.9,1009.6,1021.2,1015.2,50,69.1,60.2,60.2,45.5
1783494000,13,45.7,11.9,25.1,4.3,46.9,66,57,59.6,6.3,1009.3,1021.3,1015.1,50,68.9,59.6,59.5,45.7
1783497600,17.5,38,16.3,25.2,3,46.4,66,56.7,59.2,6.6,1009.2,1021.4,1015.3,48.9,68,59.2,59.1,49.8
1783501200,22.9,23.7,21,27.8,4.6,46.9,66,56.7,58.8,6.9,1009.7,1021.8,1015.6,48.9,68,58.8,58.8,46.4
1783504800,19.3,24.9,18.8,29.6,7.5,48.2,66.2,57.8,60.4,5.6,1009.7,1021.9,1015.8,51.8,69.1,60.4,60.4,40
1783508400,21.2,25.7,19.6,29.1,4.5,51.1,68,59.2,63.4,3.6,1010,1022,1016,55,72,63.3,63.3,29.1
1783512000,18,29.4,16.5,30.9,5.2,51.8,69.1,60.2,67.1,1.7,1010.1,1022.4,1016.2,59,75.2,66.9,66.9,24.7
1783515600,24,30,19.2,23.6,3.1,52,70,60.9,71.5,0.5,1010,1022,1015.9,63,79,71,71,17.2
1783519200,27.5,21.9,22.2,23.1,5.3,51.1,70,60.9,74.9,0.2,1009.7,1021.8,1015.8,66,82.9,74.2,74.2,10.2
1783522800,28.7,16.3,24.4,22.5,8.1,50,69.8,60.1,77.4,0.1,1009.7,1021.2,1015.6,68,86,76.4,76.4,6.1
1783526400,27.3,14.9,23,25.7,9.1,48.2,70,59.6,78.9,0.1,1009.4,1021.1,1015.3,68.9,87.1,77.8,77.8,6.8
1783530000,29.4,9.2,23.7,24.9,12.8,48.9,69.8,59.4,79.8,0.1,1009.5,1020.6,1015,69.1,89.1,78.8,78.8,3.7
1783533600,35.3,10.6,24.4,18.4,11.4,48.9,69.8,59.2,80.4,-777.7,1008.7,1020.5,1014.8,69.8,90,79.4,79.4,3.1
1783537200,34.1,12.1,23.2,20.5,10.1,48.9,69.1,59.1,80.4,0.1,1008.5,1020.3,1014.4,69.8,90,79.5,79.5,5.5
1783540800,28.6,15,24,20.6,11.9,48.9,69.1,59.2,80.1,0.1,1008,1020.1,1014.2,69.8,89.6,79.3,79.3,6.1
1783544400,29.6,16.2,26.5,21,6.7,48.9,68.9,59.4,79.3,0.1,1008.7,1019.9,1014.2,68.9,88,78.4,78.4,5.4
1783548000,23.8,24.3,22.8,22.8,6.4,48.9,69.8,59.7,77.8,0.1,1008.5,1020,1014.1,68,86,77,77,5.5
1783551600,21.5,28.9,22,20.8,6.7,50,69.8,60.5,74.8,0.2,1008.9,1019.9,1014.4,66,82.9,74.2,74.2,14.8
1783555200,20.6,34.2,20.6,20.9,3.7,50,69.8,60.3,70.2,0.8,1009.1,1020.3,1014.6,61.9,78.8,70,70,25.6
1783558800,17.1,38.8,21.2,20.7,2.2,50.9,69.1,60,67.2,1.7,1009.8,1020.9,1015.2,57.9,75.2,67,67,38.7
1783562400,12.9,45.6,16.7,20.4,4.4,50,68,59.5,65.1,2.6,1010.1,1021,1015.4,55.9,73,65,65,45.5
1783566000,11.9,47.5,17.7,20.1,2.7,50,68,59,63.4,3.7,1010.3,1021.3,1015.6,53.6,72,63.3,63.3,42.5
1783569600,9.8,49.4,14.2,23.3,3.4,49.5,67.5,58.5,62.3,4.3,1010,1021.3,1015.5,52.7,71,62.3,62.3,46
1783573200,11.4,49.5,13,23.8,2.3,48.9,66.9,58,61.3,5,1009.7,1021.2,1015.3,51.8,70,61.3,61.3,49.6
1783576800,12.8,45.8,15.1,23.7,2.6,48.2,66.9,57.7,60.5,5.7,1009.6,1021,1015.2,50,69.1,60.5,60.5,45.7
1783580400,13.3,44.4,12.5,25.7,4.1,48,66.2,57.3,59.9,6.1,1009.4,1021.1,1015.1,50,69.1,59.9,59.9,46.1
1783584000,18.4,37,15.9,25.6,3.1,48,66.2,57,59.5,6.4,1009.3,1021.3,1015.3,50,68,59.4,59.4,49.5
1783587600,23.2,23.4,20.4,27.8,5.2,48,66,56.9,59.1,6.7,1009.7,1021.5,1015.6,48.9,68,59.1,59.1,46.1
1783591200,19.1,25.4,18.2,29.3,8,48.9,66.9,58,60.7,5.4,1009.9,1021.6,1015.8,52,69.1,60.7,60.7,39.7
1783594800,20.8,26,19.3,29.4,4.4,51.1,68,59.5,63.7,3.4,1010.2,1021.9,1016,55,72,63.6,63.6,30
1783598400,18,29.9,17.2,30.4,4.5,52,69.1,60.5,67.3,1.6,1010.4,1022.4,1016.2,59,75.2,67.1,67.1,24
1783602000,25.2,30.5,19.1,22.5,2.7,52,70,61.2,71.8,0.4,1010,1022,1015.9,63,79.9,71.3,71.3,16.8
1783605600,28.5,22.2,22.9,21.7,4.6,51.1,70,61.1,75.4,0.2,1009.7,1021.6,1015.8,66,82.9,74.5,74.5,10.7
1783609200,28.7,16.7,24.9,21.5,8.1,50,70,60.3,77.9,0.1,1009.7,1021.3,1015.6,68,86,76.8,76.8,6.3
1783612800,27.2,15.4,23.6,24.3,9.4,48.9,70,59.8,79.3,-777.7,1009.2,1021.1,1015.3,69.1,87.8,78.2,78.2,6.4
1783616400,30,10.5,23.6,23.3,12.6,48.9,69.8,59.6,80.4,-777.7,1009.2,1020.6,1015,69.8,89.1,79.3,79.3,3.7
1783620000,35.7,10.8,25.8,17.3,10.4,48.9,69.8,59.5,80.9,-777.7,1008.7,1020.4,1014.7,70,90,79.9,79.9,2.6
1783623600,33.7,12.9,23.8,19.7,10,48.9,69.1,59.2,80.9,0.1,1008.5,1020.3,1014.5,69.8,90,79.9,79.9,5
1783627200,29.2,16.1,23.9,19,11.8,48.9,69.1,59.3,80.5,0.1,1008,1020.1,1014.2,69.8,90,79.7,79.7,5.9
1783630800,29.9,16.7,26.8,19.9,6.7,50,68.9,59.5,79.6,0.1,1008.7,1019.9,1014.2,69.1,89.1,78.7,78.7,5.4
1783634400,23.5,24.7,24.2,21.8,5.9,50,69.8,60,78.1,0.1,1008.4,1019.9,1014.1,68,86,77.3,77.3,5.3
1783638000,20.6,29.4,22.5,20.3,7.2,50,69.8,60.8,75.2,0.1,1008.9,1019.8,1014.4,66.2,82.9,74.5,74.5,14.4
1783641600,19.9,34.9,21.1,20.1,3.9,50,69.8,60.6,70.5,0.7,1009,1020.3,1014.6,62.1,79,70.2,70.2,25.8
1783645200,16.2,40.3,21,20,2.4,51.8,69.1,60.2,67.4,1.6,1009.8,1020.9,1015.2,59,75.2,67.2,67.2,38.5
1783648800,13.3,45.9,16.7,19.9,4.1,51.1,68,59.7,65.3,2.5,1010.1,1021,1015.5,57,73,65.2,65.2,46.3
1783652400,12.4,47.3,17.7,20.1,2.5,50,68,59.3,63.7,3.5,1010.2,1021.3,1015.6,54.9,72,63.6,63.6,44.1
1783656000,9.5,49.2,15.1,22.8,3.3,49.5,67.5,58.8,62.6,4.2,1010,1021.2,1015.5,53.5,71,62.5,62.5,47.4
1783659600,10.6,49.6,14,23.6,2.1,48.9,66.9,58.2,61.5,4.9,1009.9,1021.1,1015.4,52,70,61.4,61.4,50.6
1783663200,12.9,46,14.5,24,2.6,48.2,66.9,58,60.7,5.5,1009.6,1021,1015.2,51.1,69.1,60.7,60.7,46.2
1783666800,12.7,46.4,11.6,25.3,4,48.2,66.2,57.5,60,6,1009.4,1021.1,1015.1,50,69.1,60,60,48
1783670400,19,37.4,15.4,24.9,3.4,48,66,57.2,59.6,6.3,1009.5,1021.3,1015.3,50,68,59.5,59.5,50.2
1783674000,22.8,22.5,21.4,28,5.2,48,66,57.2,59.2,6.6,1009.7,1021.5,1015.7,50,68,59.2,59.2,47.4
1783677600,18.5,25.7,18.5,29.8,7.5,50,66.9,58.3,60.8,5.3,1010.1,1021.6,1015.9,52,69.1,60.8,60.8,40.5
1783681200,21.1,26.3,20.1,28.6,3.9,51.8,68,59.8,63.9,3.3,1010.4,1021.9,1016.1,55.4,72,63.8,63.8,30.5
1783684800,17.3,29.6,19.1,29.6,4.3,53.1,69.1,60.9,67.5,1.6,1010.4,1022.3,1016.2,59,75.2,67.3,67.3,25.1
1783688400,24.9,30.9,20.8,21,2.4,53.1,70,61.6,72.1,0.4,1010.2,1021.8,1016,64,79.9,71.6,71.6,17.7
1783692000,27.6,23.5,23.7,20.9,4.3,51.8,70,61.5,75.7,0.1,1009.9,1021.6,1015.9,66.2,84,74.8,74.8,10.8
1783695600,28.6,16.7,26.5,20.3,7.9,50,70,60.7,78.3,0.1,1009.7,1021.3,1015.6,69.1,87.1,77.2,77.2,6.8
1783699200,27.7,15.7,25.3,23.1,8.2,50,70,60.2,79.7,-777.7,1009.4,1021.1,1015.3,69.8,88,78.5,78.5,6.6
1783702800,30.5,10.7,24.3,22.7,11.7,48.9,69.8,60,80.8,-777.7,1009.5,1020.4,1015,70,89.6,79.7,79.7,4.4
1783706400,36.5,11.1,26.8,16.4,9.2,50,69.8,59.8,81.3,-777.7,1008.9,1020.4,1014.7,70,90,80.2,80.2,2.6
1783710000,33.8,13,23.2,19.3,10.6,48.9,69.1,59.6,81.2,0.1,1008.5,1020.2,1014.4,69.8,90.9,80.2,80.2,4.8
1783713600,30.7,16.5,22.5,18.5,11.8,50,69.1,59.6,80.8,-777.7,1008.2,1019.8,1014.2,69.8,90,80,80,5.6
1783717200,30.6,16.7,25.6,19.4,7.7,50,69.1,59.9,79.9,0.1,1008.6,1019.9,1014.2,69.8,89.1,79,79,6.1
1783720800,23.8,23.8,24.1,21.6,6.6,50,69.8,60.4,78.4,0.1,1008.4,1019.9,1014.1,68,86,77.5,77.5,5.8
1783724400,21.5,29.4,21.5,20.6,6.9,51.1,69.8,61.2,75.4,0.1,1008.8,1019.7,1014.3,66.2,82.9,74.7,74.7,14.8
1783728000,20.5,35,20.3,19.6,4.6,51.1,69.8,61,70.8,0.6,1009,1020.3,1014.6,62.6,79,70.6,70.6,26.2
1783731600,16.1,39.8,21.2,20.2,2.7,51.8,69.1,60.6,67.7,1.4,1009.7,1020.9,1015.2,59,75.2,67.5,67.5,39.8
1783735200,14.3,44.4,17,19.9,4.4,51.8,68,60.1,65.7,2.3,1010.1,1021,1015.4,57.2,73.4,65.6,65.6,46.7
1783738800,13.2,46,17.7,20.1,3,51.1,68,59.7,64.1,3.2,1010.2,1021.3,1015.5,55,72,64,64,44.9
1783742400,9.8,48.5,14.9,22.7,4.1,50.5,67.5,59.1,62.9,4,1010,1021.2,1015.4,54,71.5,62.9,62.9,47.3
1783746000,10.2,49.3,14.2,23.6,2.6,50,66.9,58.5,61.8,4.7,1009.7,1021.1,1015.3,52.9,70.9,61.7,61.7,49.8
1783749600,13.9,45.3,14.1,24.1,2.6,48.9,66.9,58.3,61,5.2,1009.6,1021,1015.2,52,69.1,61,61,45.4
1783753200,13.6,45.7,11.4,25.3,4.1,48.2,66.9,57.9,60.3,5.7,1009.4,1021,1015.1,50.9,69.1,60.3,60.3,47.4
1783756800,18.7,37.2,16.5,24.3,3.4,48.2,66.2,57.6,59.9,6,1009.4,1021.3,1015.3,50.9,69.1,59.9,59.8,50.2
1783760400,22.9,22,21.8,28.4,5,48.2,66,57.6,59.5,6.3,1009.6,1021.5,1015.6,50,68,59.5,59.5,46.2
1783764000,18.7,26.2,18.7,29.5,6.9,50,66.9,58.7,61.2,5,1009.9,1021.6,1015.8,52,69.8,61.2,61.2,41.2
1783767600,21.5,26.4,20.4,28,3.7,51.8,68,60.1,64.2,3.1,1010.2,1021.8,1016,55.4,72.9,64.1,64.1,30.9
1783771200,16.9,29.3,20.5,29,4.3,53.1,69.1,61.2,67.9,1.4,1010,1022.3,1016.2,60.1,75.9,67.7,67.7,25
1783774800,24.2,30.4,21.7,20.8,2.9,53.1,70,61.9,72.4,0.3,1009.7,1021.7,1015.9,64,80.1,71.9,71.9,18.2
1783778400,26.8,23.2,24.9,20.8,4.3,52,70,61.7,76.1,0.1,1009.7,1021.6,1015.8,66.2,84,75.1,75.1,10.3
1783782000,28.6,16.2,27,20.3,7.9,50,70,60.9,78.7,0.1,1009.5,1021.3,1015.5,69.1,87.1,77.5,77.5,6.8
1783785600,27.8,15.5,26.6,22.5,7.7,50,70,60.4,80,-777.7,1009.4,1021.3,1015.3,69.8,88,78.8,78.8,6.9
1783789200,30.1,10.3,25.1,22.2,12.4,50,69.8,60.1,81.1,-777.7,1009.2,1020.4,1015,70,89.6,80,80,4.7
1783792800,36.9,10.9,26.9,16.3,9,50,69.8,60,81.6,-777.7,1008.7,1020.4,1014.6,70,90,80.5,80.5,3.1
1783796400,34.1,12.3,23.6,18.8,11.3,50,69.1,59.7,81.4,-777.7,1008.5,1020.1,1014.4,70,90.9,80.4,80.4,4.3
1783800000,31.2,15.8,23,17.7,12.2,50,69.1,59.7,81.1,-777.7,1008.2,1019.8,1014.2,70,90,80.2,80.2,4.2
1783803600,31.4,16.8,25.9,18,7.9,50,69.1,60,80.1,-777.7,1008.5,1019.9,1014.1,69.8,89.1,79.2,79.2,5.6
1783807200,25.6,23.8,23.6,20.6,6.4,50,69.8,60.6,78.6,-777.7,1008.4,1019.9,1014.1,68,86,77.6,77.6,5.8
1783810800,23.3,28,21.4,20.2,7.1,51.1,69.8,61.4,75.6,0.1,1008.7,1019.8,1014.3,66.2,82.9,74.9,74.9,15.6
1783814400,20.3,34.2,20.5,19.8,5.1,51.8,69.8,61.2,71,0.6,1009,1020.3,1014.6,62.6,79,70.8,70.8,26.7
1783818000,16.9,38.6,21,20.8,2.7,51.8,69.1,60.7,67.9,1.4,1009.8,1020.9,1015.2,59.9,75.9,67.7,67.7,39.9
1783821600,14.9,44.8,16.6,19.5,4.1,51.8,68,60.3,65.8,2.2,1010,1020.9,1015.4,57.2,73.4,65.7,65.7,47.6
1783825200,13.5,46.4,17.2,20.2,2.7,51.1,68,59.8,64.2,3.1,1010.2,1021.2,1015.5,55,72.9,64.1,64.1,43.3
1783828800,9.3,47.8,15.8,23,4.1,50.5,67.5,59.2,63,3.8,1010,1021.2,1015.5,54,71.5,62.9,62.9,47.3
1783832400,9.8,49.6,14.8,23,2.9,50,66.9,58.6,61.9,4.6,1009.9,1021.1,1015.4,52.9,70,61.8,61.8,51.2
1783836000,13.7,44.7,15.5,23.2,2.9,48.9,66.9,58.4,61.2,5.1,1009.6,1021,1015.2,51.8,69.8,61.2,61.2,46.1
1783839600,13.4,46.2,12,24.6,3.8,48.2,66.9,58,60.4,5.7,1009.5,1021,1015.2,50,69.1,60.4,60.3,48.3
1783843200,18.9,36.3,17.2,23.9,3.7,48.2,66.2,57.7,60,5.9,1009.4,1021.3,1015.3,51.1,69.1,60,60,48.2
1783846800,22,22,22.3,28.4,5.3,48.2,66.2,57.7,59.6,6.2,1009.5,1021.4,1015.5,50,68,59.6,59.6,44.6
1783850400,18,25.8,19.4,29.4,7.5,50,66.9,58.9,61.3,4.8,1009.7,1021.5,1015.8,53.1,69.8,61.3,61.3,41
1783854000,20.9,26.1,20.4,28.7,3.9,51.8,68,60.2,64.2,3.1,1010,1021.8,1016,55.4,72.9,64.1,64.1,30.9
1783857600,17.7,29.5,19.9,28.8,4,53.1,69.1,61.4,67.9,1.4,1009.7,1022.3,1016.2,60.1,75.9,67.7,67.7,25.3
1783861200,24.8,30.1,21.2,20.7,3.1,53.1,70,62.1,72.3,0.3,1009.7,1021.7,1015.9,64.4,79.9,71.9,71.9,18.3
1783864800,27.4,22.9,24.1,21,4.5,52,70.9,61.9,76,0.1,1009.6,1021.6,1015.8,66.2,83.8,75.1,75.1,9.6
1783868400,29.6,16.2,25.8,20,8.4,50,70,61,78.6,-777.7,1009.5,1021.3,1015.6,69.1,87.1,77.5,77.5,7
1783872000,29.6,15,26,21.6,7.8,50,70,60.5,80,-777.7,1009.4,1021.1,1015.3,69.8,88,78.9,78.9,7
1783875600,31,10,24.3,22.2,12.4,50,70,60.2,81.1,-777.7,1009.2,1020.4,1015,70.9,89.1,80,80,4.4
1783879200,37.9,10,26.7,16.3,9.2,50,70,60.1,81.5,-777.7,1008.7,1020.3,1014.6,71.1,90,80.5,80.5,3.3
1783882800,34.8,11.5,24,18.5,11.3,50,69.8,59.9,81.5,-777.7,1008.4,1019.8,1014.4,70.9,90.9,80.5,80.5,3.6
1783886400,31.2,15.6,23.3,17,12.9,50,69.1,59.8,81.1,-777.7,1008.3,1019.7,1014.2,71.1,90,80.2,80.2,4
1783890000,31.2,15.6,26.6,18.2,8.4,50,69.1,60.1,80.1,-777.7,1008.5,1019.9,1014.1,69.8,89.1,79.2,79.2,5.9
1783893600,26.2,23,24.7,19.8,6.4,50.9,69.8,60.7,78.5,-777.7,1008.4,1019.6,1014.1,68,86,77.6,77.6,6.1
1783897200,24,27.4,21,20.5,7.1,51.8,70,61.6,75.5,0.1,1008.7,1019.7,1014.3,66.9,82.9,74.9,74.9,16.4
1783900800,20.1,32.6,22.5,19.6,5.1,51.8,70,61.4,70.9,0.6,1009,1020.1,1014.6,62.6,79,70.7,70.7,26.7
1783904400,16.9,38.3,21.1,20.3,3.4,52,69.1,60.9,67.8,1.4,1009.8,1020.8,1015.3,59,75.2,67.7,67.7,40.8
1783908000,14.7,44,17.6,19.3,4.3,51.8,68,60.4,65.8,2.2,1010,1020.9,1015.4,57.2,73,65.7,65.7,47.7
1783911600,13.2,45.6,17.2,20.9,3,51.8,68,60,64.2,3.1,1010.3,1021.2,1015.5,55.4,72,64.1,64.1,43.7
1783915200,9.4,47.3,15.7,23,4.7,50.9,67.5,59.4,63,3.8,1010.1,1021.2,1015.5,53.7,71,63,63,47.9
1783918800,10.6,49.1,15.1,22.8,2.4,50,66.9,58.8,61.9,4.5,1009.9,1021.1,1015.4,52,70,61.9,61.9,52
1783922400,13.8,44.3,14.6,23.9,3.4,48.9,66.9,58.6,61.2,5,1009.7,1021,1015.2,52,69.8,61.2,61.2,47.7
1783926000,13.9,44.8,11.7,24.8,4.7,48.2,66.9,58.1,60.4,5.6,1009.6,1021,1015.2,50.9,69.1,60.4,60.4,49.4
1783929600,17.6,33.5,16.9,26.9,5,48.2,66.9,57.8,60,5.9,1009.5,1020.9,1015.3,50.9,69.1,60,60,48.4
1783933200,21.3,22.2,22.2,28.9,5.3,48.2,66.9,57.8,59.6,6.2,1009.6,1021.4,1015.6,50,68.9,59.6,59.6,44.1
1783936800,18.5,26.1,18.8,29.4,7.3,50,66.9,59.1,61.4,4.8,1009.9,1021.5,1015.8,53.1,69.8,61.4,61.4,41.2
1783940400,21.8,25.5,19.9,28.9,3.9,51.8,68,60.4,64.2,3.1,1010,1021.7,1016,55.4,72,64.1,64.1,30.5
1783944000,18.2,28.6,21.5,27.6,4.1,53.1,69.1,61.5,67.8,1.4,1009.6,1022.1,1016.1,60.1,75.9,67.7,67.7,26.3
1783947600,24.3,29.1,21.9,20.9,3.8,53.1,70,62.2,72.4,0.3,1009.7,1021.7,1016,64.4,79.9,71.9,71.9,19
1783951200,27.8,21.3,25.4,20.3,5.3,52,71.1,62,76.1,0.1,1009.6,1021.5,1015.8,66.9,82.9,75.2,75.2,9.4
1783954800,30.2,15,26.1,20.2,8.6,50,70.9,61.1,78.7,-777.7,1009.6,1021.2,1015.6,69.1,86.9,77.5,77.5,7.6
1783958400,30.9,13.6,25.8,20.9,8.8,50,70,60.6,80,-777.7,1009.4,1021.1,1015.4,69.8,88,78.9,78.9,6.3
1783962000,33.1,9.5,24.3,20.7,12.4,50,69.8,60.3,81.1,-777.7,1009.2,1020.4,1015,70,89.1,80,80,3.7
1783965600,37.4,9.2,26.9,17,9.5,50,70,60.2,81.6,-777.7,1008.5,1020.1,1014.7,71.6,90,80.6,80.6,3.6
1783969200,35,11,24,18.9,11,50,69.8,60,81.5,-777.7,1008.3,1019.8,1014.4,71.1,90,80.6,80.6,3.5
1783972800,30.6,16,23.9,17,12.4,50,69.1,59.8,81,-777.7,1008.2,1019.6,1014.2,71.1,90,80.2,80.2,4
1783976400,30.6,15.1,27,18.4,8.9,50,69.1,60,80.1,-777.7,1008.5,1019.4,1014.1,69.8,88.9,79.3,79.3,5.9
1783980000,26.7,23.7,24,20,5.7,50.9,69.8,60.7,78.5,-777.7,1008.4,1019.5,1014.1,68.9,86,77.7,77.7,6.1
1783983600,23.6,26.7,22.2,21.2,6.2,51.8,70,61.6,75.4,0.1,1008.7,1019.5,1014.3,66.9,82.9,74.8,74.8,16
1783987200,18.2,32.3,23.2,20.2,6.2,51.8,70,61.4,70.8,0.6,1009,1020,1014.6,62.6,79,70.6,70.6,26.5
1783990800,15.8,38.2,20.4,21.4,4.1,52,69.1,61.1,67.9,1.3,1009.8,1020.6,1015.2,60.1,75.2,67.8,67.8,40.1
1783994400,13.9,44,17.3,20.4,4.3,51.8,68,60.4,65.8,2.2,1010,1020.7,1015.4,57.2,73,65.7,65.7,48.2
1783998000,13.6,45.7,16.9,21.1,2.7,51.8,68,60,64.2,3,1010.3,1020.8,1015.5,55.4,72,64.2,64.2,43.9
1784001600,9.8,46.9,15.7,23.2,4.4,50.9,67.5,59.4,63,3.8,1010,1020.9,1015.5,54.3,71,63,63,48.3
1784005200,10,49.5,14.7,23.4,2.4,50,66.9,58.8,61.9,4.5,1009.7,1021,1015.4,53.1,70,61.9,61.9,52.6
1784008800,13.9,43.9,14.5,23.7,3.9,50,66.9,58.7,61.3,4.9,1009.6,1020.9,1015.2,52,69.1,61.3,61.3,47.6
1784012400,13.7,43.6,12,25.1,5.6,48.2,66.9,58.2,60.5,5.5,1009.5,1020.7,1015.2,51.1,69.1,60.5,60.5,50.5
1784016000,17.1,32.5,16.6,28.6,5.3,48.2,66.2,57.9,60.1,5.8,1009.4,1020.6,1015.3,51.1,69.1,60.1,60.1,47.9
1784019600,20.5,21.3,21.1,32,5.1,48.2,66.2,57.9,59.8,6.1,1009.5,1021.2,1015.5,50,68,59.8,59.8,43.7
1784023200,18.3,24.5,17.7,32.4,7,50,66.9,59.2,61.4,4.7,1009.9,1021.4,1015.7,53.1,69.1,61.4,61.4,41.8
1784026800,22.8,23.6,19.4,30.2,3.9,51.8,68,60.4,64.2,3,1009.9,1021.5,1016,55.4,71.6,64.1,64.1,31.9
1784030400,17.9,28,22,28.3,3.8,53.1,69.1,61.6,67.8,1.3,1009.6,1021.8,1016.1,60.1,75.2,67.7,67.7,27.2
1784034000,24,28.8,20.7,21.9,4.6,53.6,70,62.3,72.3,0.3,1009.7,1021.5,1015.9,64.4,79,71.9,71.9,20.4
1784037600,26.9,20.4,26.1,21.3,5.3,52,70.9,62.1,76.1,0.1,1009.5,1021.4,1015.8,66.9,82.9,75.2,75.2,10.8
1784041200,29.9,14.9,25.4,21.3,8.5,50.9,70,61.3,78.5,-777.7,1009.6,1021.2,1015.6,69.1,86,77.4,77.4,8.5
1784044800,31.5,13.2,25.1,21.2,9,50,70,60.8,79.9,-777.7,1009.4,1020.9,1015.3,69.8,87.8,78.8,78.8,6
1784048400,33,9.7,24.5,21.1,11.6,50,69.8,60.5,80.9,-777.7,1009.2,1020.4,1014.9,71.1,89.1,80,80,4.7
1784052000,35.4,9.2,26.2,19.2,10,50,70,60.4,81.5,-777.7,1008.5,1019.9,1014.6,71.6,90,80.5,80.5,3.6
1784055600,35,11,23.1,19.3,11.7,50,69.8,60.2,81.4,-777.7,1008.3,1019.7,1014.4,71.1,90,80.5,80.5,3.8
1784059200,29.8,15.8,23.9,17.7,12.9,50,69.1,60,81,-777.7,1008.2,1019.5,1014.2,71.1,89.6,80.2,80.2,3.9
1784062800,29.8,14.9,27.2,19,9.1,50,69.1,60.2,80,-777.7,1008.5,1019.4,1014.1,70,88,79.2,79.2,6.1
1784066400,26.1,23.6,24.9,20.4,4.9,50.9,69.8,60.9,78.4,-777.7,1008.2,1019.5,1014.1,68,86,77.6,77.6,6.5
1784070000,24.2,26.8,22.6,21.6,4.8,51.8,70,61.9,75.3,0.1,1008.6,1019.5,1014.3,66.9,82.4,74.8,74.8,16.4
1784073600,17.8,31.6,24.2,20.5,5.9,51.8,70,61.6,70.8,0.5,1009,1020,1014.6,62.6,78.8,70.6,70.6,27.5
1784077200,15.9,37.3,19.8,22.4,4.6,52,69.1,61.2,67.9,1.2,1009.8,1020.3,1015.2,60.1,75.2,67.8,67.8,40.3
1784080800,13.7,43.6,16.5,21.8,4.3,51.8,68,60.6,65.9,2.1,1010,1020.5,1015.3,57.2,73,65.8,65.8,46.6
1784084400,13.8,45.7,16,22,2.5,51.8,68,60.2,64.3,2.9,1010.3,1020.8,1015.4,55.4,72,64.3,64.3,44.2
1784088000,10.7,44.9,14.5,25,4.8,50.9,67.5,59.7,63.2,3.6,1010,1020.9,1015.4,54.3,71,63.2,63.2,48.2
1784091600,11,47.2,13.6,25.5,2.6,50,66.9,59.1,62.1,4.3,1009.8,1021,1015.4,53.1,70,62.1,62.1,52.1
1784095200,14.7,42.1,13.9,25.5,3.7,50,66.9,58.9,61.5,4.7,1009.6,1020.9,1015.1,52,69.8,61.5,61.5,48.7
1784098800,14.8,41.5,12.5,25.6,5.6,48.2,66.9,58.4,60.7,5.3,1009.4,1020.8,1015.1,51.8,69.1,60.7,60.7,50.4
1784102400,17.6,31.6,15.8,29.7,5.3,48.2,66.9,58.1,60.3,5.7,1009.4,1020.6,1015.2,51.8,69.1,60.3,60.3,47.2
1784106000,20.3,21.7,19.2,33.7,5,48.2,66.2,58.1,60,5.9,1009.3,1020.9,1015.4,51.1,68.9,60,60,43.3
1784109600,19.8,24.9,15.8,32.8,6.8,50,66.9,59.3,61.6,4.5,1009.6,1021.5,1015.7,53.1,69.8,61.6,61.6,42.6
1784113200,23.3,23.6,17.8,31.4,3.9,51.8,68,60.5,64.2,2.9,1009.9,1021.6,1015.9,55.4,71.6,64.1,64.1,31.7
1784116800,19,26.8,21.5,28.6,4.1,53.1,69.8,61.6,67.8,1.3,1009.6,1021.7,1016.1,60.1,75.2,67.7,67.7,27.5
1784120400,24.5,28.1,19.5,22.1,5.8,53.1,70,62.3,72.2,0.3,1009.6,1021.5,1015.8,64,79,71.8,71.8,20.6
1784124000,28.5,20.8,24.9,21.3,4.5,52,70.9,62.1,76.1,0.1,1009.4,1021.5,1015.7,66.9,82.9,75.2,75.2,10.8
1784127600,30.7,14.8,25.5,21,8.1,50,70,61.3,78.4,-777.7,1009.5,1021.2,1015.5,69.1,86,77.4,77.4,8.3
1784131200,32.4,12.2,25.8,21.2,8.5,50,70,60.8,79.9,-777.7,1009.3,1020.9,1015.3,69.8,87.1,78.8,78.8,5.5
1784134800,34.2,8.8,24.2,21.6,11.2,50,69.8,60.4,80.8,-777.7,1009.2,1020.4,1015,71.1,89.1,79.9,79.9,4.4
1784138400,35.7,9,26,19.9,9.5,50,69.8,60.3,81.3,-777.7,1008.5,1020,1014.6,71.6,90,80.4,80.4,4.3
1784142000,34.8,11.5,22.8,19.7,11.3,50,69.1,60.2,81.3,-777.7,1008.3,1019.7,1014.3,71.6,89.6,80.4,80.4,3.8
1784145600,28.5,14.9,24.7,18.5,13.4,50,69.1,60,80.8,-777.7,1008.2,1019.5,1014.2,71.1,89.1,80.1,80.1,3.7
1784149200,29.9,15.3,26.8,19.4,8.6,50,69.1,60.2,79.9,-777.7,1008.5,1019.4,1014,70,88,79.2,79.2,6.3
1784152800,25.7,24.5,24.5,20.8,4.4,50,69.8,60.8,78.4,-777.7,1008.4,1019.4,1014,69.1,86,77.6,77.6,6.3
1784156400,23.5,27.3,23,21.1,5.2,51.8,70,61.7,75.3,0.1,1008.7,1019.5,1014.2,66.9,82.4,74.8,74.8,15.4
1784160000,16.5,33.5,23.6,20.4,5.9,51.8,69.8,61.5,70.7,0.5,1009,1020,1014.5,62.6,78.1,70.6,70.6,26.8
1784163600,15,38.8,19.4,21.6,5.1,52,69.1,61.1,67.9,1.2,1009.6,1020.5,1015.1,60.8,75,67.9,67.9,39.5
1784167200,13.2,44.5,16.7,21.1,4.5,52,68,60.6,65.8,2,1010,1020.5,1015.3,57.2,73,65.8,65.8,45.9
1784170800,12.6,46.5,16.6,22,2.2,51.8,68,60.2,64.3,2.8,1010.3,1020.8,1015.4,55.4,72,64.3,64.3,44.5
1784174400,10.2,45.8,14,25.4,4.6,50.9,67.5,59.7,63.3,3.5,1010.1,1020.9,1015.3,54.3,71,63.3,63.3,48
1784178000,11.1,47.5,12.7,26.1,2.6,50,66.9,59.1,62.2,4.2,1009.9,1021,1015.3,53.1,70,62.2,62.2,51.5
1784181600,15.1,42.4,13.3,25.5,3.7,50,66.9,58.9,61.6,4.6,1009.6,1020.7,1015.1,52,69.1,61.6,61.6,49.1
1784185200,15,42.1,11.4,26.7,4.7,48.9,66.9,58.4,60.9,5.2,1009.4,1020.8,1015.1,51.1,69.1,60.9,60.9,51.5
1784188800,17.4,32.3,14.9,30.5,4.9,48.9,66.2,58.1,60.3,5.6,1009.4,1020.6,1015.2,51.8,69.1,60.3,60.3,46.7
1784192400,19.7,22.5,18.5,34.3,5.1,48.9,66.9,58.2,60.1,5.8,1009.4,1021.2,1015.4,51.1,68.9,60.1,60.1,43.9
1784196000,20,24.5,15.2,33.8,6.5,50.9,66.9,59.4,61.7,4.5,1009.5,1021.5,1015.6,53.1,69.8,61.7,61.7,42.5
1784199600,24.1,23.6,16.8,31.2,4.2,52,68.9,60.5,64.2,2.9,1009.8,1021.6,1015.9,55.4,71.6,64.2,64.2,31.5
1784203200,20.4,26.7,20.9,28,4.1,53.6,69.8,61.6,67.8,1.3,1009.6,1021.7,1016,60.8,75.2,67.7,67.7,27.1
1784206800,25.7,27.9,18.5,21.6,6.3,53.6,70,62.4,72.2,0.3,1009.6,1021.5,1015.9,64.4,79,71.8,71.8,19.2
1784210400,28.9,20.8,24.1,21.2,5,52,70.9,62.2,76,0.1,1009.4,1021.5,1015.7,66.9,82.9,75.2,75.2,10.4
1784214000,31.7,14.3,24.8,21.2,7.9,50.9,70,61.3,78.3,-777.7,1009.6,1021.3,1015.6,69.1,86,77.3,77.3,8.5
1784217600,32.4,12.2,25.6,21.5,8.3,50,70,60.8,79.7,-777.7,1009.4,1020.9,1015.3,69.8,87.1,78.7,78.7,5.8
1784221200,33.8,9,24,21.4,11.7,50,69.8,60.6,80.7,-777.7,1009.2,1020.4,1015,71.1,89.1,79.8,79.8,4.4
1784224800,36,9.2,25.1,19.8,9.9,50,69.8,60.4,81.2,-777.7,1008.5,1019.9,1014.6,71.6,90,80.3,80.3,4.3
1784228400,33.9,12,22.6,20.4,11.1,50,69.1,60.2,81.1,-777.7,1008.3,1019.8,1014.3,71.6,89.1,80.3,80.3,4
1784232000,27.8,14.8,24.9,18.7,13.9,50,69.1,60.1,80.6,-777.7,1008.4,1019.5,1014.2,71.1,89.1,79.9,79.9,3.5
1784235600,28.8,15.3,26.6,19.9,9.4,50,69.1,60.2,79.8,-777.7,1008.5,1019.5,1014.1,70,87.8,79.1,79.1,5.9
1784239200,26.4,24.1,24.1,20.4,4.9,50.9,69.8,60.8,78.3,-777.7,1008.4,1019.5,1014.1,69.1,86,77.5,77.5,6.3
1784242800,23.3,26.7,23.3,21,5.7,51.8,70,61.7,75.2,0.1,1008.6,1019.6,1014.3,66.9,82,74.8,74.8,14.3
1784246400,15.6,32.8,24.2,21.2,6.2,51.8,69.8,61.4,70.7,0.5,1009,1020,1014.6,63,78.1,70.6,70.6,26.5
1784250000,13.6,38.7,19.9,22.5,5.3,52,69.1,61.1,67.8,1.2,1009.8,1020.6,1015.2,60.1,75,67.8,67.8,38.2
1784253600,12.7,44.6,16.1,22.1,4.6,52,68,60.6,65.8,2.1,1010.3,1020.8,1015.4,57.2,73,65.7,65.7,45.3
1784257200,12.4,46.4,16.1,22.6,2.5,51.8,68,60.2,64.2,2.9,1010.4,1021.2,1015.5,55.4,72,64.2,64.2,44.5
1784260800,10.3,46.3,12.6,25.9,4.8,50.9,67.5,59.6,63.2,3.7,1010.2,1021.2,1015.5,54.3,71,63.2,63.2,47.9
1784264400,11.3,48,11.8,26.5,2.4,50,66.9,59,62.1,4.4,1010,1021.2,1015.5,53.1,70,62.1,62.1,51.2
1784268000,14.9,43.2,13,25.5,3.4,50,66.9,58.8,61.4,4.8,1009.8,1021,1015.3,52,69.1,61.4,61.4,50.1
1784271600,14.7,42.2,11.1,26.9,5,48.9,66.9,58.4,60.8,5.3,1009.5,1021.1,1015.3,51.8,69.1,60.8,60.8,50.4
1784275200,18,34.3,16.3,27.7,3.7,48.9,66.2,58.1,60.2,5.7,1009.5,1021.3,1015.4,51.8,69.1,60.2,60.2,46.4
1784278800,20.4,22.7,17.6,34.5,4.8,48.9,66.2,58.1,59.9,5.9,1009.4,1021.5,1015.6,51.1,68,59.9,59.9,42.5
1784282400,20.6,25.1,14.9,33.8,5.6,51.1,66.9,59.3,61.5,4.6,1009.7,1021.7,1015.8,53.1,69.8,61.5,61.5,43
1784286000,24.3,24.3,16.4,30.1,5,51.8,68,60.4,64.1,3,1010.2,1021.9,1016.2,55.4,71.6,64,64,31.3
1784289600,21.1,27.5,20.1,27.2,4.1,53.6,69.1,61.5,67.6,1.3,1010,1022.1,1016.2,60.8,75,67.6,67.6,26.6
1784293200,24.7,29.3,17.9,21.8,6.3,53.6,70,62.2,72,0.3,1009.7,1022.1,1016.1,64.4,79,71.7,71.7,19.9
1784296800,29.1,21.6,23.8,20.7,4.8,53.1,70.9,62.1,75.8,0.1,1009.7,1021.6,1015.9,66.9,82.9,75.1,75.1,10.9
1784300400,30.9,15.2,25.4,20.9,7.6,50.9,70,61.2,78.2,-777.7,1009.8,1021.5,1015.8,69.1,86,77.2,77.2,7.8
1784304000,32.3,13,24.9,21.3,8.6,50,70,60.7,79.5,-777.7,1009.7,1021.2,1015.5,69.8,87.1,78.6,78.6,5.5
1784307600,34,10,23.3,21,11.7,50,69.8,60.4,80.6,-777.7,1009.3,1020.6,1015.2,71.1,88.9,79.7,79.7,5.4
1784311200,35.2,9.7,25.7,19.7,9.7,50,69.8,60.2,81.1,-777.7,1008.7,1020.4,1014.8,71.6,89.6,80.3,80.3,4.5
1784314800,33.9,12.7,22.1,19.7,11.5,50,69.1,60.1,81.1,-777.7,1008.4,1020.2,1014.6,71.6,89.1,80.3,80.3,3.6
1784318400,28.5,15.6,24.2,18.5,13.2,50,69.1,60,80.6,-777.7,1008.5,1020,1014.5,71.1,89.1,79.9,79.9,3.7
1784322000,27.9,16.3,25.7,20.2,9.9,50,69.1,60.2,79.8,-777.7,1008.7,1019.9,1014.4,70,88,79,79,5.7
1784325600,25.3,25.3,24.8,20.1,4.4,51.1,69.8,60.7,78.2,-777.7,1008.5,1019.7,1014.3,69.1,86,77.4,77.4,6.5
1784329200,22.5,27,24.2,20.8,5.5,51.8,70,61.6,75.1,0.1,1008.8,1020,1014.6,66.9,82,74.7,74.7,14.2
1784332800,14.6,33.6,23.7,22,6.2,51.8,69.8,61.4,70.6,0.5,1009.1,1020.2,1014.8,62.6,78.1,70.5,70.5,26.8
1784336400,12.4,39.3,19.9,23.3,5.1,52,69.1,61.1,67.7,1.2,1009.9,1020.9,1015.5,60.1,75,67.7,67.7,39
1784340000,12.4,45.2,15.6,23,3.8,52,68,60.5,65.7,2.1,1010.5,1021,1015.7,57.2,73,65.7,65.7,45.2
1784343600,11.9,46.2,16,23.5,2.5,51.8,68,60.1,64.2,2.9,1010.6,1021.3,1015.8,55.4,72,64.2,64.2,46.1
1784347200,10.3,46.1,12,27.1,4.5,50.9,67.5,59.5,63.1,3.7,1010.4,1021.3,1015.8,54.3,71,63.1,63.1,49.2
1784350800,10.8,48.5,11.3,26.9,2.4,50,66.9,58.9,62,4.4,1010.1,1021.4,1015.8,53.1,70,62,62,52.2
1784354400,13.9,44.1,11.8,26.7,3.5,50,66.9,58.8,61.4,4.8,1009.9,1021.3,1015.5,52,69.1,61.4,61.4,52.7
1784358000,14.7,42.8,9.7,27.8,5,48.9,66.9,58.4,60.8,5.3,1009.7,1021.3,1015.5,51.8,69.1,60.8,60.8,51.8
1784361600,17,32.8,13.3,31.9,5.2,48.9,66.2,58.1,60.2,5.7,1009.6,1021.5,1015.6,51.8,69.1,60.2,60.2,47.3
1784365200,19.3,22.7,16.8,35.9,5.3,48.9,66.2,58.1,60,5.9,1009.5,1021.8,1015.9,51.1,68.9,60,60,44.7
1784368800,20.7,24.9,14.2,34.8,5.4,51.1,66.9,59.3,61.5,4.6,1009.8,1022.2,1016,53.1,69.8,61.5,61.5,45.3
1784372400,24.1,23.3,15.9,31.3,5.3,52,68,60.4,64,3,1010.3,1022.6,1016.4,55.4,72,64,64,31.3
1784376000,23.4,27,18.8,26.7,4.1,53.6,69.1,61.5,67.6,1.3,1010.1,1022.4,1016.4,60.1,75.2,67.6,67.6,27.1
1784379600,24.5,29.1,17.7,22.5,6.3,53.6,70,62.4,72,0.3,1010.1,1022.4,1016.3,64.4,79,71.6,71.6,21.1
1784383200,29.1,21.4,23.8,20.9,4.8,53.1,70.9,62.3,75.8,0.1,1010,1022,1016.1,66.9,82.4,75.1,75.1,11.6
1784386800,31.3,15,24.8,20.8,8.1,51.8,70,61.5,78.4,-777.7,1010.1,1021.6,1016,69.8,84.9,77.3,77.3,7.9
1784390400,32.4,12.5,25.1,21.1,8.8,51.1,70,60.9,79.7,-777.7,1009.9,1021.4,1015.7,69.8,87.1,78.7,78.7,5.5
1784394000,34.6,10,23.6,20.3,11.5,51.1,69.8,60.7,80.7,-777.7,1009.5,1021.1,1015.4,71.1,88.9,79.8,79.8,5.9
1784397600,35.3,9.2,26,19.5,10,50.9,69.8,60.5,81.2,-777.7,1009,1020.8,1015,71.6,89.6,80.4,80.4,4.3
1784401200,33.8,12.2,23.3,19.4,11.3,51.1,69.1,60.4,81.3,-777.7,1008.4,1020.5,1014.8,71.6,89.1,80.4,80.4,3.6
1784404800,29.8,15.1,22.8,18.5,13.7,50,69.1,60.3,80.7,-777.7,1008.7,1020.3,1014.7,71.1,89.1,79.9,79.9,3.7
1784408400,27.3,16.1,26.1,20.4,10.1,51.1,69.1,60.5,79.9,-777.7,1008.7,1020,1014.6,71.1,87.8,79.1,79.1,5.6
1784412000,25.7,24.7,24.9,20,4.7,51.8,69.8,61,78.2,-777.7,1008.6,1020,1014.5,69.8,86,77.4,77.4,6.5
1784415600,22.7,27,23.2,21.3,5.7,52,70,61.8,75.2,0.1,1008.9,1020.4,1014.8,66.9,82,74.7,74.7,14.4
1784419200,14.8,32.3,24,22.7,6.2,52,69.8,61.6,70.7,0.4,1009.3,1020.4,1015,63,78.1,70.6,70.6,27.4
1784422800,12.4,38.1,20.9,23.5,5.1,52.9,69.1,61.3,67.9,1.1,1010,1021,1015.6,60.1,75,67.9,67.9,38.4
1784426400,12.4,44.7,15.3,23.4,4.1,52.9,68,60.7,65.8,2,1010.6,1021.5,1015.9,57.9,73,65.8,65.8,44.5
1784430000,12.4,45.5,15.8,23.3,3,51.8,68,60.3,64.4,2.7,1010.6,1021.5,1015.9,55.4,72,64.4,64.4,48
1784433600,10.8,46,10.8,28.3,4.3,50.9,67.5,59.8,63.4,3.4,1010.4,1021.5,1015.9,54.5,71,63.4,63.4,49.6
1784437200,10.6,47.8,10.6,28.8,2.4,50,66.9,59.2,62.3,4.1,1010.2,1021.5,1015.9,53.6,70,62.3,62.3,51.2
1784440800,14.4,43,11,27.5,4,50,66.9,59.1,61.8,4.5,1009.9,1021.4,1015.6,53.1,70,61.8,61.8,52.8
1784444400,13.9,41.5,10.3,29.5,4.7,50,66.9,58.7,61.1,5,1009.7,1021.4,1015.6,52,69.8,61.1,61.1,51.6
1784448000,16.4,31.8,13.3,33.3,5.2,48.9,66.9,58.4,60.6,5.4,1009.6,1021.6,1015.7,51.8,69.1,60.6,60.6,47.8
1784451600,18.9,22,16.4,37,5.6,48.9,66.9,58.4,60.3,5.6,1009.5,1021.9,1015.9,51.8,69.1,60.3,60.3,44.6
1784455200,22,23.4,14.1,35.6,4.8,51.1,66.9,59.6,61.8,4.4,1010,1022.2,1016.1,53.6,69.8,61.8,61.8,45.6
1784458800,23.5,22.4,15.6,33.5,5,52,68,60.6,64.2,2.8,1010.4,1022.6,1016.5,55.4,72,64.2,64.2,31.8
1784462400,23.4,26.4,18.5,27.9,3.8,53.6,69.1,61.8,67.7,1.3,1010.6,1022.5,1016.5,60.8,75.2,67.7,67.7,27.5
1784466000,23.8,28.6,16.3,24.8,6.6,54,70,62.5,72,0.3,1010.3,1022.5,1016.4,64.4,79,71.6,71.6,22.1
1784469600,29.3,22.1,22.4,21.6,4.6,53.1,70.9,62.5,75.8,0.1,1010.2,1022,1016.2,66.9,82.4,75.1,75.1,11.8
1784473200,31.3,15.5,23.6,21.2,8.4,51.8,70,61.8,78.3,-777.7,1010.2,1021.8,1016.1,69.1,84.9,77.3,77.3,7.7
1784476800,31.9,12.6,24.8,21.8,8.9,51.8,70,61.2,79.6,-777.7,1010,1021.5,1015.8,69.8,87.1,78.7,78.7,5.3
1784480400,34.8,9.8,24,21.2,10.2,51.8,69.8,60.9,80.7,-777.7,1009.6,1021.2,1015.5,71.1,88.9,79.7,79.7,5.8
1784484000,34.6,9.3,26.1,20,10,51.1,69.8,60.7,81.3,-777.7,1009,1020.9,1015,71.6,89.6,80.4,80.4,4.3
1784487600,34.1,11.8,23,20.1,11,51.1,69.1,60.6,81.3,-777.7,1008.7,1020.5,1014.8,71.6,89.1,80.4,80.4,3.6
1784491200,29.2,15.5,22.2,19.8,13.3,50,69.1,60.5,80.6,-777.7,1008.7,1020.3,1014.7,71.1,89.1,79.9,79.9,4
1784494800,27.9,15.9,25.2,21.2,9.9,51.8,69.1,60.8,79.8,-777.7,1008.8,1020,1014.6,70,87.8,79.1,79.1,5.5
1784498400,24.8,24.6,24.6,21.3,4.7,51.8,69.8,61.2,78.2,-777.7,1008.7,1020,1014.5,69.1,86,77.4,77.4,7
1784502000,23.2,26.8,22.5,22.2,5.3,52,70,62,75.1,0.1,1009.1,1020.4,1014.8,66.9,82,74.7,74.7,14.1
1784505600,15.8,31.9,23.5,23,5.7,53.1,69.8,61.8,70.7,0.4,1009.3,1020.5,1015,63,78.1,70.6,70.6,27.6
1784509200,12.4,37.9,20.9,23.8,5.1,53.1,69.1,61.5,68,1.1,1010,1021.4,1015.6,60.8,75,68,68,38
1784512800,12.9,43.4,16,23.9,3.8,53.1,68,60.9,66,1.8,1010.6,1021.5,1015.9,57.9,73,66,66,43.6
1784516400,12.8,44.2,17,23.2,2.7,51.8,68,60.6,64.6,2.6,1010.6,1021.6,1015.9,55.9,72,64.6,64.6,47.7
1784520000,11.2,45.4,10.5,28.9,4,50.9,68,60,63.6,3.3,1010.4,1021.5,1015.9,54.8,71,63.6,63.6,48.4
1784523600,11.1,47,11.3,28.2,2.4,50,68,59.5,62.6,3.9,1010.2,1021.5,1015.9,53.6,70,62.6,62.6,49
1784527200,15,42.2,10.4,28.3,4,50,66.9,59.4,62,4.3,1009.9,1021.5,1015.6,53.1,70,62,62,51.3
1784530800,12.8,40.7,11.4,30.4,4.7,50,66.9,59,61.4,4.8,1009.7,1021.4,1015.6,52,69.8,61.4,61.4,52.3
1784534400,15.8,30.8,13.6,34.5,5.2,50,66.9,58.6,60.8,5.2,1009.6,1021.7,1015.7,51.8,69.1,60.8,60.8,47.5
1784538000,18.9,20.9,15.8,38.7,5.6,50,66.9,58.7,60.6,5.3,1009.5,1022,1015.9,51.8,69.1,60.6,60.6,44.6
1784541600,22.4,21.9,13.6,37.2,4.8,51.8,66.9,59.8,62,4.2,1009.8,1022.3,1016.1,53.6,69.8,62,62,45.5
1784545200,23.7,21.4,15,34.8,5,53.6,68,60.8,64.4,2.8,1010.4,1022.6,1016.4,55.4,72,64.3,64.3,31.7
1784548800,24.6,25.6,18,27.9,3.8,54,69.1,62,67.9,1.2,1010.2,1022.7,1016.4,60.8,75.9,67.8,67.8,27.8
1784552400,24.8,27.5,16.3,25.1,6.3,55,70,62.7,72,0.3,1010.3,1022.6,1016.4,64.4,79,71.7,71.7,21.7
1784556000,29.7,20.6,22.8,21.8,5,53.6,70.9,62.7,75.8,0.1,1010.2,1022,1016.2,66.9,82.4,75.1,75.1,12.3
1784559600,31.8,14.5,23,21.9,8.8,52,70,62,78.3,-777.7,1010.1,1022,1016.1,69.8,84.9,77.3,77.3,7.6
1784563200,31.9,12.3,24,22.7,9.1,51.8,70,61.3,79.4,-777.7,1009.8,1021.5,1015.8,69.8,87.1,78.5,78.5,5.6
1784566800,34.3,9.3,24.3,21.7,10.5,51.8,69.8,61.1,80.5,-777.7,1009.5,1021.3,1015.5,70.9,88,79.6,79.6,5.8
1784570400,33.3,8.5,26.5,20.9,10.7,51.1,69.8,60.8,81.2,-777.7,1009,1021,1015.1,71.6,89.6,80.3,80.3,4.4
1784574000,33.7,12,23,20.8,10.5,51.1,69.1,60.7,81.2,-777.7,1008.6,1020.7,1014.9,71.6,89.1,80.4,80.4,3.3
1784577600,29.2,14.9,22.4,20.2,13.3,50,69.1,60.6,80.6,-777.7,1008.7,1020.3,1014.8,71.1,89.1,79.8,79.8,4
1784581200,27.8,16.1,25.4,21.3,9.4,51.8,69.1,60.8,79.7,-777.7,1008.7,1020.2,1014.7,70,87.1,79,79,5.2
1784584800,25,24.8,24,21.3,5,52,69.8,61.3,77.9,-777.7,1008.7,1020.2,1014.5,69.1,86,77.2,77.2,7.2
1784588400,23.7,26.4,22.3,22.1,5.5,52,69.8,62,75,0.1,1009.1,1020.5,1014.9,66.9,82,74.5,74.5,14.5
1784592000,15.6,32.1,23.7,22.7,5.9,53.1,69.1,61.8,70.6,0.4,1009.4,1020.7,1015.1,63,78.1,70.5,70.5,27.2
1784595600,11.6,36.6,21.2,24.8,5.8,53.1,69.1,61.6,68,1,1010,1021.5,1015.7,61,75,68,68,37.6
1784599200,12.6,42,17.1,24.5,3.8,53.1,68,61,66,1.8,1010.6,1021.7,1015.9,59,73,66,66,42.4
1784602800,12.1,44.8,17,22.7,3.4,52,68,60.6,64.6,2.6,1010.6,1021.6,1016,56.8,72,64.6,64.6,47.2
1784606400,11.7,45.4,10.7,28.4,3.7,51.5,68,60.1,63.5,3.3,1010.4,1021.6,1016,55.4,71,63.5,63.5,49
1784610000,11.8,45.8,12.6,27,2.9,50.9,68,59.6,62.5,4,1010.2,1021.6,1016,54,70,62.5,62.5,50.7
1784613600,15.2,42.1,10.7,27.2,4.8,50,66.9,59.4,62,4.3,1010,1021.6,1015.7,53.1,70,62,62,51.9
1784617200,13.4,40.7,12,28.4,5.6,50,66.9,59.1,61.3,4.8,1009.9,1021.6,1015.7,52,69.1,61.3,61.3,53.4
1784620800,16.7,29.9,14.3,33.5,5.7,50,66.9,58.8,60.7,5.2,1009.8,1021.8,1015.7,51.8,69.1,60.7,60.7,48.2
1784624400,20,19.1,16.6,38.6,5.7,50,66.9,58.7,60.6,5.3,1009.8,1022.1,1016,51.8,68.9,60.6,60.6,45
1784628000,22.4,19.6,16.1,36.9,5,51.8,66.9,59.8,61.9,4.3,1010.1,1022.4,1016.2,53.6,69.8,61.9,61.9,45.9
1784631600,24.8,20,15.7,35.2,4.3,53.6,68,60.9,64.2,2.8,1010.5,1022.7,1016.5,55.4,72,64.2,64.2,31.8
1784635200,25.8,24,18.1,28.3,3.8,53.6,69.1,62,67.6,1.3,1010.5,1022.8,1016.5,60.1,75.2,67.6,67.6,28.2
1784638800,25.7,26.4,16.1,24.7,7.1,55,70,62.8,71.9,0.3,1010.4,1023,1016.5,64.4,79,71.6,71.6,22.1
1784642400,29.3,21.2,21.4,22.8,5.3,53.6,70.9,62.8,75.7,0.1,1010.2,1022.2,1016.3,66.9,82.4,75,75,12.1
1784646000,31.4,13.3,24.2,22.1,9,52,71.1,62.1,78.3,-777.7,1010.2,1022,1016.2,69.1,84.9,77.3,77.3,7.4
1784649600,33.2,10.9,24,22.3,9.7,51.8,70,61.4,79.3,-777.7,1010,1021.7,1015.9,69.8,87.1,78.4,78.4,5.1
1784653200,35.4,9.3,24.4,21.3,9.6,51.8,69.8,61.1,80.4,-777.7,1009.6,1021.6,1015.6,70.9,88,79.6,79.6,5.6
1784656800,33.6,8.8,25.8,21.2,10.7,51.1,69.1,60.7,81,-777.7,1009,1021.1,1015.1,71.6,89.6,80.2,80.2,4.6
1784660400,32.2,11.1,23.3,22.1,11.3,51.1,69.1,60.7,81.1,-777.7,1008.8,1020.8,1015,71.1,89.1,80.2,80.2,2.8
1784664000,29.1,14.5,22.5,21.3,12.6,50.9,69.1,60.5,80.4,-777.7,1009,1020.5,1014.9,70,89.1,79.7,79.7,4
1784667600,27.5,15.8,25.8,21.3,9.6,51.8,69.1,60.9,79.6,-777.7,1009,1020.3,1014.7,70,87.1,78.9,78.9,4.9
1784671200,24.5,24.5,24.8,21.3,5,52,69.8,61.3,77.8,-777.7,1008.9,1020.3,1014.6,68.9,84.9,77.1,77.1,8
1784674800,23.8,26,21.9,22.6,5.8,53.1,69.8,62,74.9,0.1,1009.3,1020.6,1015,66.9,82,74.4,74.4,15
1784678400,16,31.6,23.2,23,6.2,53.1,69.8,61.8,70.5,0.4,1009.7,1020.8,1015.1,63,78.1,70.5,70.5,26
1784682000,11.8,36.3,21.2,25,5.8,53.1,69.1,61.6,68,1,1010.1,1021.5,1015.8,61,75,68,68,37.5
1784685600,13.1,41.2,17.6,24.3,3.8,53.1,68,61.1,66,1.8,1010.6,1021.6,1016,57.9,73,66,66,41.5
1784689200,11.6,44.4,17.3,23.5,3.2,52,68,60.8,64.7,2.6,1010.6,1021.5,1016,56.8,72,64.7,64.7,47.8
1784692800,10.9,45.4,10.7,29.3,3.7,51.5,68,60.3,63.7,3.3,1010.4,1021.6,1016,55.4,71,63.7,63.7,48.5
1784696400,10.8,46.2,12.9,27,3.1,50.9,68,59.7,62.6,3.9,1010.2,1021.7,1016.1,54,70,62.6,62.6,49.3
1784700000,15.3,42.4,10.7,26.3,5.4,50,68,59.5,62.1,4.3,1010,1021.6,1015.7,53.1,70,62.1,62.1,50.7
1784703600,13.5,40,12.4,28.5,5.6,50,66.9,59.2,61.4,4.7,1009.9,1021.6,1015.8,52,69.8,61.4,61.4,52.7
1784707200,16.1,35.3,12.9,30.3,5.4,50,66.9,58.9,60.9,5.1,1009.8,1021.7,1015.8,51.8,69.1,60.9,60.9,47.1
1784710800,18.6,30.6,13.4,32.1,5.3,50,66.9,58.9,60.7,5.2,1009.8,1022,1016.1,51.8,69.1,60.7,60.7,44.1
1784714400,21.2,25.8,13.9,34,5.1,51.8,66.9,59.9,61.9,4.2,1010.2,1022.4,1016.3,53.6,69.8,61.9,61.9,46.6
1784718000,23.8,21.1,14.4,35.8,4.9,53.1,68,60.9,64.3,2.8,1010.5,1022.6,1016.6,55.4,72,64.2,64.2,32.1
1784721600,26,23.5,18.8,27.8,3.9,53.6,69.1,62.1,67.6,1.3,1010.3,1022.7,1016.6,60.1,75.9,67.6,67.6,26.6
1784725200,26.5,26,16.2,24.5,6.9,55,70,62.8,71.8,0.3,1010.3,1022.8,1016.6,64.4,79,71.5,71.5,21.9
1784728800,29.6,21.9,21.4,21.9,5.3,53.6,70.9,62.8,75.7,0.1,1010.3,1022.2,1016.4,66.9,82.4,75,75,12.1
1784732400,31.6,12.8,25.2,21.1,9.3,52,71.1,62.1,78.2,0.1,1010.2,1022,1016.3,69.1,84.9,77.2,77.2,7.4
1784736000,32.3,10.4,25.4,22.1,9.7,51.8,70,61.4,79.3,-777.7,1010,1021.6,1016,69.8,86.9,78.4,78.4,5.4
1784739600,36.5,9.4,23.5,20.6,10.1,51.8,69.8,61.1,80.4,-777.7,1009.7,1021.6,1015.7,71.1,88,79.5,79.5,5.4
1784743200,33.7,8.8,25.4,20.2,12,51.1,69.1,60.7,80.9,-777.7,1009.1,1021.1,1015.2,71.6,89.1,80.1,80.1,5.3
1784746800,33.3,10.6,22.9,21,12.1,51.1,69.1,60.7,81.1,-777.7,1008.9,1021.3,1015.1,71.6,89.1,80.3,80.3,3.6
1784750400,30.9,14.5,22.7,19.8,12.1,51.1,69.1,60.5,80.6,-777.7,1009,1020.5,1014.9,71.1,89.1,79.8,79.8,3.8
1784754000,27,16.2,26.5,20.3,10,51.8,69.1,60.8,79.7,-777.7,1009,1020.5,1014.8,70,87.1,79,79,4.5
1784757600,24.4,24.7,25.2,20,5.7,52,69.1,61.2,77.9,-777.7,1008.9,1020.3,1014.7,69.1,84.9,77.3,77.2,8.2
1784761200,23.9,26.7,21.4,21.9,6,53.1,70,61.9,74.9,0.1,1009.3,1020.6,1015,66.9,82,74.4,74.4,14.3
1784764800,15.6,31.7,23,23,6.7,53.6,69.1,61.7,70.5,0.4,1009.5,1020.8,1015.2,64,78.1,70.4,70.4,26.8
1784768400,11.5,37.7,20.7,24.5,5.5,53.6,69.1,61.6,68,1,1010,1021.6,1015.8,61,75,68,68,38.2
1784772000,13.3,40.8,17.5,24.2,4.3,53.1,68,61.1,66,1.8,1010.6,1021.9,1016,57.9,73,66,66,41.1
1784775600,11.8,43.8,17,23.4,3.9,52.9,68,60.8,64.7,2.5,1010.6,1021.6,1016.1,57,72,64.7,64.7,50.5
1784779200,10.9,44.8,11.2,29.6,3.5,52,68,60.3,63.7,3.2,1010.4,1021.8,1016.2,55.5,71,63.7,63.7,50
1784782800,10.9,45.3,13,27.1,3.6,51.1,68,59.7,62.6,3.9,1010.2,1021.9,1016.2,54,70,62.6,62.6,49.4
1784786400,14.4,42.4,10.7,27.5,5.1,50,68,59.5,62.1,4.3,1010,1021.7,1015.8,53.1,70,62.1,62.1,51.6
1784790000,13.4,39,12.3,29.2,6.1,50,66.9,59.3,61.4,4.7,1009.7,1021.7,1015.9,52,69.8,61.4,61.4,52.8
1784793600,15.9,34.6,12.6,30.9,6,50,66.9,58.9,60.9,5.1,1009.8,1021.8,1015.9,51.8,69.1,60.9,60.9,47
1784797200,18.4,30.1,12.9,32.6,5.9,50,66.9,58.8,60.7,5.2,1009.8,1022,1016.2,52,69.1,60.7,60.7,44.3
1784800800,21,25.7,13.1,34.4,5.8,51.8,66.9,59.8,61.8,4.3,1010.2,1022.4,1016.4,53.6,69.8,61.8,61.8,47.6
1784804400,23.5,21.3,13.4,36.1,5.7,53.1,68,60.9,64.2,2.8,1010.5,1022.8,1016.8,55.4,72,64.1,64.1,32.7
1784808000,26.3,23,18.2,28.4,4.1,54,69.1,62,67.5,1.3,1010.6,1022.8,1016.7,60.1,75.2,67.5,67.5,26
1784811600,27.3,24.6,15.4,25.4,7.3,55.4,69.8,62.9,71.7,0.3,1010.4,1023,1016.7,64.4,79,71.4,71.4,22.8
1784815200,30.1,20.5,21.5,22.4,5.5,53.6,70,62.8,75.6,0.1,1010.4,1022.3,1016.5,66.9,82.4,74.9,74.9,12
1784818800,33.7,12.8,23.5,20.9,9,52,70,62.1,78,-777.7,1010.2,1022.1,1016.4,69.1,84.9,77,77,7.4
1784822400,32.6,10.4,24.9,22.9,9.2,51.8,70,61.4,79.2,-777.7,1010,1021.9,1016.1,69.8,86.9,78.3,78.3,4.6
1784826000,36.1,9.3,23.7,21.3,9.6,51.8,69.8,61,80.2,-777.7,1009.9,1021.9,1015.9,71.1,88,79.4,79.4,5.4
1784829600,33.3,9,25.5,20.7,11.4,51.1,69.1,60.6,80.7,-777.7,1009.4,1021.3,1015.4,71.6,89.1,79.9,79.9,5.5
1784833200,33.3,10.1,23.4,21,12.3,51.1,68.9,60.7,80.9,-777.7,1009.1,1021.4,1015.3,71.6,89.1,80.1,80.1,3.6
1784836800,33,13.7,22.2,19.8,11.3,51.1,69.1,60.6,80.4,-777.7,1009.1,1020.9,1015,71.1,88.9,79.7,79.7,3.3
1784840400,27.4,15.5,26,20.8,10.3,52,69.1,60.8,79.5,-777.7,1009.1,1020.8,1015,70,87.1,78.8,78.8,4.2
1784844000,25,24,24.5,20.5,5.9,52.9,69.1,61.2,77.8,-777.7,1009,1020.5,1014.8,69.1,84.9,77.1,77.1,8
1784847600,25.1,26.8,20.3,21.5,6.3,53.6,70,62,74.7,0.1,1009.2,1020.9,1015.1,66.9,82,74.3,74.3,13.9
1784851200,18,31.5,22.4,22.4,5.7,53.6,69.8,61.8,70.3,0.4,1009.7,1021.3,1015.4,63.9,77,70.3,70.3,27.3
1784854800,12.9,37.1,20.1,23.7,6.2,53.6,69.1,61.6,68,1,1010.1,1021.9,1016,61,75,68,68,37
1784858400,14.5,40,17.3,24.2,4,53.1,68,61.1,66,1.8,1010.6,1022.2,1016.1,59,73,66,66,40.4
1784862000,12,43.1,17.2,23.5,4.2,53.1,68,60.8,64.7,2.5,1010.6,1022.1,1016.2,57,72,64.7,64.7,50
1784865600,12.6,43.1,11.4,29.5,3.5,52.1,68,60.3,63.7,3.1,1010.4,1022.2,1016.3,55.5,71,63.7,63.7,49.3
1784869200,11.2,44.7,12.5,27.8,3.9,51.1,68,59.8,62.6,3.8,1010.2,1022.3,1016.3,54,70,62.6,62.6,48.5
1784872800,14.9,41.1,10.7,28.3,5.1,51.1,66.9,59.6,62.1,4.2,1010,1022,1016,53.6,70,62.1,62.1,51.7
1784876400,13.4,38.9,11.2,30.3,6.2,50.9,66.9,59.3,61.5,4.6,1010,1021.9,1016,53.6,69.1,61.5,61.5,53.1
1784880000,16.1,34.2,11.6,32,6.1,50,66.9,59.1,61,4.9,1010,1022.3,1016,52,69.1,61,61,46.7
1784883600,18.7,29.5,11.9,33.8,6,50,66.9,58.9,60.8,5.1,1010,1022.5,1016.3,52,69.1,60.8,60.8,44.7
1784887200,21.4,24.9,12.3,35.5,5.9,51.8,66.9,59.9,61.9,4.2,1010.3,1022.6,1016.5,53.6,69.8,61.9,61.9,47.2
1784890800,24,20.2,12.7,37.3,5.8,53.6,68,60.9,64.1,2.8,1010.5,1023.2,1016.9,55.4,71.6,64.1,64.1,32.5
1784894400,27.2,22.9,16.7,28.8,4.4,55,69.1,62,67.3,1.3,1010.8,1023.1,1016.8,59.9,75,67.3,67.3,28
1784898000,27,24.1,15.3,26.5,7.1,55.4,69.8,62.9,71.4,0.3,1010.5,1023.1,1016.7,64.4,78.8,71.2,71.2,24.4
1784901600,29.5,20.7,20.2,23.8,5.7,53.6,70,62.9,75.3,0.1,1010.5,1022.7,1016.6,66.9,82.4,74.7,74.7,12
1784905200,33.2,12.9,23.4,21.5,9.1,53.1,70,62.2,77.8,-777.7,1010.3,1022.6,1016.5,68.9,84.2,76.9,76.9,7.5
1784908800,31.7,10.1,25.2,23.8,9.2,52,70,61.5,79.1,-777.7,1010.2,1022.1,1016.2,69.8,86,78.2,78.2,5.1
1784912400,34.8,9,24.5,22.6,9,52,69.8,61.1,80.1,-777.7,1010,1022.1,1015.9,70.9,87.8,79.2,79.2,5.8
1784916000,32.2,9.8,25.1,21.5,11.5,51.8,69.1,60.7,80.5,-777.7,1009.6,1021.6,1015.4,71.6,89.1,79.8,79.8,6.3
1784919600,32.5,9.6,23.6,21.6,12.7,51.8,69.1,60.8,80.8,-777.7,1009.3,1021.4,1015.3,71.6,89.1,80,80,3.8
1784923200,32.2,14.2,22.1,20.7,10.8,51.1,69.1,60.7,80.3,-777.7,1009.2,1021,1015.1,71.1,88,79.6,79.6,3.5
1784926800,27,16.5,25.1,21,10.5,52,69.1,60.9,79.4,-777.7,1009.1,1020.9,1015,70,87.1,78.7,78.7,4.2
1784930400,25.8,25.3,22.6,20.1,6.2,53.1,69.1,61.3,77.7,-777.7,1009,1020.7,1014.8,69.1,84.9,77,77,8.2
1784934000,25.5,27,19.2,22.1,6.1,54,70,62.1,74.5,0.1,1009.3,1020.9,1015.1,66.9,81,74.1,74.1,14.5
1784937600,18,32.3,21.7,22.4,5.7,54,69.8,61.9,70.2,0.4,1009.7,1021.3,1015.4,63,77,70.2,70.2,27.9
1784941200,12.6,37.4,19.5,24.5,6,53.6,69.1,61.7,67.9,1,1010.1,1022,1016,61,74.8,67.9,67.9,37.6
1784944800,14.3,40.5,16.4,24.8,4,53.6,68,61.2,65.9,1.8,1010.7,1022.3,1016.2,59,73,65.9,65.9,39
1784948400,12.5,43,16.1,24.2,4.2,53.1,68,60.9,64.6,2.5,1010.6,1022.1,1016.2,57,72,64.6,64.6,49.5
1784952000,12.8,43.2,11.1,29.6,3.2,52.1,68,60.3,63.6,3.1,1010.4,1022.2,1016.3,55.5,71,63.6,63.6,48.8
1784955600,11.5,44.3,12,28.1,4.2,51.1,68,59.8,62.6,3.8,1010.2,1022.3,1016.3,54,70,62.6,62.6,48.1
1784959200,14.5,41,10.7,28.7,5.1,51.1,68,59.7,62.2,4.1,1010,1022.3,1016,53.6,70,62.2,62.2,50
1784962800,14,37.4,12.6,30.1,5.9,50.9,66.9,59.4,61.6,4.5,1009.9,1022.3,1016,53.1,69.1,61.6,61.6,51.8
1784966400,16.5,33.1,12.6,31.9,5.9,50,66.9,59.2,61.1,4.8,1010,1022.3,1016,52,69.1,61.1,61.1,47
1784970000,19,28.9,12.6,33.7,5.8,50,66.9,59.1,60.9,5,1009.9,1022.5,1016.4,52,69.1,60.9,60.9,44.5
1784973600,21.5,24.6,12.5,35.5,5.8,51.8,66.9,59.9,61.9,4.2,1010.3,1022.6,1016.5,53.6,69.8,61.9,61.9,47.1
1784977200,24,20.3,12.5,37.3,5.8,53.6,68,60.9,64,2.9,1010.5,1023.3,1016.9,55.4,71.6,64,64,33
1784980800,27.7,22.4,16.5,29.3,4.1,55,69.1,62,67.2,1.4,1010.8,1023.1,1016.8,59.9,75,67.2,67.2,26.9
1784984400,26.7,24,15,26.9,7.3,55,69.8,62.9,71.3,0.3,1010.6,1023.1,1016.8,64.4,78.8,71.1,71.1,23.7
1784988000,29.2,20,20.2,24.9,5.7,53.6,70,62.7,75.2,0.1,1010.5,1022.8,1016.7,66.9,82,74.6,74.6,12.7
1784991600,34,13.2,22,22,8.9,52,70,62.1,77.7,-777.7,1010.4,1022.6,1016.6,68,84.2,76.8,76.8,7.2
1784995200,32.3,9.6,24.9,23.7,9.4,52,70,61.3,79.1,-777.7,1010.2,1022.1,1016.2,69.8,86,78.2,78.2,5.5
1784998800,34.4,9.1,23.9,22.7,10,51.8,69.8,61,80,-777.7,1010,1022.1,1016,70.9,87.8,79.2,79.2,5.6
1785002400,32,9,25.2,22.1,11.7,51.1,69.1,60.5,80.5,-777.7,1009.6,1021.7,1015.5,71.6,88,79.8,79.8,5.8
1785006000,32.1,9.8,23.5,21.8,12.7,51.8,69.1,60.7,80.9,-777.7,1009.5,1021.7,1015.3,71.6,89.1,80.1,80.1,3.8
1785009600,30.7,13.5,22.9,21,11.8,51.1,69.1,60.6,80.4,-777.7,1009.4,1021,1015.1,70,88,79.6,79.6,4.3
1785013200,26.5,16.5,26,20.8,10.3,51.8,69.1,60.8,79.4,-777.7,1009.4,1021.1,1015.1,70,87.1,78.7,78.7,3.3
1785016800,25.4,26.2,22.5,20.5,5.4,52,69.1,61.1,77.8,-777.7,1009.2,1020.7,1014.9,69.1,84.9,77.1,77.1,7.5
1785020400,25,27.4,19.9,21.8,5.8,53.6,69.8,62,74.5,0.1,1009.3,1020.9,1015.3,66.9,81,74.1,74.1,14.7
1785024000,17.5,32.5,22.9,22.2,4.9,54,69.8,61.8,70.1,0.4,1009.8,1021.3,1015.5,63,77,70.1,70.1,27.8
1785027600,12.6,38.2,19.8,23.6,5.7,53.6,68,61.5,67.8,1,1010.2,1022,1016.1,61,74.8,67.8,67.8,37.3
1785031200,14.6,41.1,16.5,23.6,4.3,53.1,68,61,65.8,1.8,1010.8,1022.3,1016.3,59,73,65.8,65.8,40
1785034800,11.8,45.1,15.5,23.2,4.4,53.1,68,60.7,64.5,2.6,1010.7,1022.2,1016.3,56.8,72,64.5,64.5,49.4
1785038400,13.4,43.7,11.2,29,2.7,52.1,68,60.2,63.5,3.3,1010.5,1022.4,1016.3,55.2,71,63.5,63.5,49.6
1785042000,11.5,45.8,11.8,27.2,3.7,51.1,68,59.7,62.4,4,1010.4,1022.5,1016.4,53.6,70,62.4,62.4,49.8
1785045600,13.7,42.7,9.9,28.2,5.4,50.9,66.9,59.6,62,4.3,1010.2,1022,1016.1,53.6,69.8,62,62,51
1785049200,13.5,38,13.2,29.3,5.9,50,66.9,59.2,61.4,4.7,1010.1,1022,1016.1,53.1,69.1,61.4,61.4,52.7
1785052800,15.9,33.8,13,31.4,5.8,50,66.9,59.1,61,4.9,1010,1022.3,1016.1,52,68.9,61,61,47.6
1785056400,18.3,29.6,12.8,33.5,5.8,50,66.9,58.9,60.7,5.2,1010,1022.5,1016.5,52,68,60.7,60.7,45.5
1785060000,20.6,25.5,12.6,35.5,5.7,51.8,66.9,59.8,61.7,4.4,1010.3,1022.6,1016.7,53.6,69.1,61.7,61.7,47.1
1785063600,23,21.3,12.4,37.6,5.6,53.6,68,60.9,63.8,3,1010.5,1023.3,1017,55.4,71.1,63.8,63.8,32.6
1785067200,27.8,23,15.7,29.6,3.8,54.9,69.1,62,67.1,1.4,1010.9,1023.1,1017,59.9,74.8,67,67,27.4
1785070800,27,24.8,14.7,26.5,7.1,55.4,69.8,62.8,71.2,0.3,1010.7,1023.2,1016.9,64.4,78.1,71,71,24.1
1785074400,29.2,20.1,19.9,25.1,5.7,53.6,70,62.7,75.1,0.1,1010.7,1022.8,1016.8,66.9,82,74.5,74.5,14
1785078000,34.1,13.7,21.4,22.4,8.4,52,70,62.1,77.6,-777.7,1010.6,1022.6,1016.6,68,84.2,76.7,76.7,7.5
1785081600,31.9,10.1,23.6,24.1,10.3,52,70,61.4,79.1,-777.7,1010.2,1022.2,1016.3,69.8,86,78.3,78.3,5.5
1785085200,34.7,9.6,22.7,23.4,9.6,51.8,69.8,61.1,80,-777.7,1009.9,1022.2,1016.1,71.1,87.8,79.2,79.2,5.1
1785088800,31.9,9.2,23.9,22.9,12.1,51.1,69.1,60.6,80.6,-777.7,1009.6,1021.9,1015.6,71.6,88,79.8,79.8,5
1785092400,32.5,9.9,22.2,22.7,12.8,51.8,69.1,60.8,80.9,-777.7,1009.4,1021.8,1015.4,71.6,89.1,80.1,80.1,3.6
1785096000,29.5,13,23.9,21.7,11.8,51.8,69.1,60.7,80.4,-777.7,1009.2,1021.1,1015.1,71.1,88,79.7,79.7,4
1785099600,26,16,27.1,21,10,52,69.8,61,79.4,-777.7,1009.3,1021.2,1015.2,70.9,87.1,78.7,78.7,3.5
1785103200,24.6,26.6,21.2,21.4,6.2,52.9,69.1,61.2,77.7,-777.7,1009.2,1021,1015.1,69.8,84.9,77.1,77.1,7.2
1785106800,24.1,28.8,18.5,22.2,6.3,53.6,69.8,62,74.3,0.1,1009.3,1021.1,1015.3,66.9,81,74,74,13.5
1785110400,17.4,33.4,21.6,22.9,4.7,54,69.1,61.8,70.1,0.4,1009.7,1021.6,1015.6,63,77,70,70,26.6
1785114000,13.1,38.9,19.3,23.2,5.5,53.6,68,61.6,67.8,1,1010.2,1022.2,1016.2,61,73.9,67.8,67.8,37.2
1785117600,14.3,40.1,16.2,24.6,4.8,53.6,68,61.1,65.8,1.8,1010.8,1022.4,1016.4,59,73,65.8,65.8,38.9
1785121200,11.4,44.9,16,23.2,4.4,53.1,68,60.7,64.5,2.6,1010.6,1022.4,1016.4,56.8,72,64.5,64.5,49.3
1785124800,13.4,44.3,10.9,29,2.5,52.1,68,60.3,63.5,3.3,1010.5,1022.6,1016.5,55.2,71,63.5,63.5,49
1785128400,11.8,46.1,11.8,26.7,3.7,51.1,68,59.8,62.5,3.9,1010.3,1022.8,1016.5,53.6,70,62.5,62.5,48.6
1785132000,13.4,43.4,9.1,28.4,5.6,50.9,66.9,59.6,62,4.3,1010.1,1022.5,1016.2,53.6,69.8,62,62,50.5
1785135600,13.6,38,13,29.2,6.2,50.9,66.9,59.3,61.4,4.7,1010.1,1022.4,1016.2,53.1,69.1,61.4,61.4,52.9
1785139200,15.8,34.1,12.8,31.3,6,50,66.9,59.1,61,4.9,1010,1022.5,1016.2,52,68,61,61,48.4
1785142800,18.1,30.1,12.7,33.3,5.8,50,66.9,59,60.8,5.1,1010.2,1022.6,1016.6,52,68,60.8,60.8,45.8
1785146400,20.4,26.2,12.5,35.4,5.6,51.8,66.9,59.8,61.7,4.3,1010.4,1022.9,1016.8,53.6,69.1,61.7,61.7,47.1
1785150000,22.6,22.3,12.3,37.4,5.4,53.6,68,60.9,63.8,3,1010.7,1023.4,1017.1,55.4,71.1,63.8,63.8,31.6
1785153600,26.6,22.8,15.9,30.4,4.3,54.9,69.1,62,67.1,1.4,1011,1023.5,1017.1,59.9,75,67,67,27.6
1785157200,26.2,24.9,15.4,26.4,7.1,55.4,69.8,62.8,71.2,0.3,1010.9,1023.4,1017,64.4,78.1,71,71,23.9
1785160800,28.9,20.8,19.6,25.1,5.5,53.6,70.9,62.8,75.2,0.1,1010.9,1023,1016.9,66.9,82,74.6,74.6,14.5
1785164400,32.8,14,22.4,22.7,8.2,52,70,62.2,77.8,-777.7,1010.6,1022.8,1016.7,68.9,84.2,76.9,76.9,7.7
1785168000,31.5,10.3,24,24,10.3,51.8,70,61.4,79.2,-777.7,1010.2,1022.3,1016.4,69.8,86,78.3,78.3,6.2
1785171600,34.9,9.6,22.6,23.1,9.9,51.8,69.8,61.1,80.1,-777.7,1009.9,1022.3,1016.2,71.1,87.8,79.3,79.3,4.9
1785175200,30.9,9.7,24.6,22.9,11.8,51.8,69.1,60.6,80.6,-777.7,1009.7,1022,1015.7,71.6,89.1,79.9,79.9,5
1785178800,32.2,10.6,22.1,22.4,12.7,51.1,69.1,60.7,80.9,-777.7,1009.5,1021.9,1015.5,71.6,89.1,80.1,80.1,4
1785182400,29.5,13.3,24.2,21.5,11.4,51.8,69.1,60.7,80.5,-777.7,1009.5,1021.4,1015.3,71.1,88.9,79.8,79.8,4.7
1785186000,25.9,17.1,26.6,20.4,10,52,69.1,60.9,79.4,-777.7,1009.5,1021.3,1015.3,70.9,87.8,78.7,78.7,4
1785189600,23.2,27.2,21,22.2,6.4,52.9,69.1,61.1,77.7,-777.7,1009.2,1021.1,1015.2,69.8,84.9,77.1,77.1,7.9
1785193200,24.5,28.9,18.9,21.4,6.3,53.6,69.1,61.9,74.4,0.1,1009.3,1021.6,1015.4,66.9,81,74,74,13.4
1785196800,18.1,34.5,19.6,23.2,4.6,54,69.1,61.7,70.1,0.4,1009.7,1021.9,1015.7,63,77,70,70,28
1785200400,13.4,40.2,17.9,23.4,5,53.6,68,61.6,67.8,1,1010.1,1022.5,1016.3,61,73.9,67.8,67.8,37.1
1785204000,15.3,40.8,15.1,24,4.8,53.6,68,61,65.9,1.8,1010.7,1022.4,1016.4,59,73,65.9,65.9,39.7
1785207600,12,45.9,15.7,21.9,4.5,53.1,68,60.7,64.5,2.5,1010.6,1022.7,1016.4,56.8,72,64.5,64.5,49
1785211200,14.3,44.7,10.9,28.1,2,52.1,68,60.3,63.5,3.2,1010.5,1022.8,1016.5,55.4,71,63.5,63.5,48
1785214800,12,46.3,11.5,26.4,3.7,51.1,68,59.8,62.5,3.9,1010.3,1022.8,1016.5,54,70,62.5,62.5,46.9
1785218400,14.9,44,8.8,26.9,5.3,51.1,66.9,59.6,62,4.3,1010.1,1022.6,1016.3,53.6,70,62,62,49.2
1785222000,14.8,38.9,12.6,28,5.6,51.1,66.9,59.3,61.4,4.7,1009.9,1022.6,1016.3,53.1,69.1,61.4,61.4,52.6
1785225600,17.1,35.9,13,28.6,5.3,50,66.9,59.1,61,4.9,1010,1022.6,1016.2,53.1,68,61,61,48.5
1785229200,19.5,32.8,13.4,29.2,5,50,66.9,58.9,60.7,5.1,1010.2,1022.8,1016.6,52,68,60.7,60.7,46.5
1785232800,21.8,29.8,13.9,29.9,4.7,51.8,66.9,59.7,61.6,4.4,1010.5,1023.2,1016.8,53.6,69.1,61.5,61.5,47.3
1785236400,24.2,26.7,14.3,30.5,4.4,53.6,68,60.9,63.8,3,1010.9,1023.7,1017.2,55.4,71.1,63.8,63.8,33.4
1785240000,26.5,23.7,14.7,31.1,4.1,55,69.1,62,67.1,1.4,1011,1023.6,1017.2,59.9,75,67,67,28
1785243600,25.2,25.9,15.3,27.4,6.2,55.4,69.8,62.8,71.2,0.3,1011,1023.4,1017.1,64.4,78.1,70.9,70.9,24.9
1785247200,28.3,21.8,19.2,25.4,5.3,53.6,70,62.8,75.1,0.1,1010.9,1023.1,1017,66.9,82,74.6,74.6,15.4
1785250800,32.5,14.6,22.1,22.6,8.3,52,70,62.2,77.8,-777.7,1010.6,1022.8,1016.8,69.1,84.2,76.9,76.9,7.6
1785254400,31.4,11.5,23.8,23.6,9.6,52,70,61.3,79.3,-777.7,1010.2,1022.5,1016.4,69.8,86,78.4,78.4,6.7
1785258000,34.1,10.3,22.6,23.1,9.9,51.8,69.8,61,80.1,-777.7,1009.9,1022.4,1016.2,70.9,88,79.3,79.3,5.6
1785261600,31.3,10,24,22.6,12.1,51.8,69.1,60.5,80.7,-777.7,1009.7,1022.1,1015.7,71.1,89.1,79.9,79.9,4.8
1785265200,32.5,10.4,21.9,21.7,13.5,51.1,69.1,60.7,80.9,-777.7,1009.5,1021.9,1015.5,71.6,89.6,80.2,80.2,4
1785268800,29.5,12.3,24.2,22,11.9,52,69.1,60.8,80.5,-777.7,1009.4,1021.5,1015.2,70,89.1,79.8,79.8,5
1785272400,26.9,16.8,26.4,20.4,9.6,52,69.1,60.9,79.5,-777.7,1009.4,1021.5,1015.3,70,87.8,78.8,78.8,4
1785276000,22.8,27.5,21,22.3,6.4,53.1,69.1,61.2,77.7,-777.7,1009.2,1021.4,1015.2,69.8,84.9,77.1,77.1,7.7
1785279600,24.2,29.8,17.9,21.8,6.3,53.6,69.8,62,74.4,0.1,1009.2,1021.6,1015.5,66.9,81,74,74,14.8
1785283200,18.9,35.3,19.1,23,3.7,54,69.1,61.8,70.1,0.4,1009.6,1021.9,1015.7,63,77,70,70,29.1
1785286800,13.8,40.6,18.4,22.7,4.5,53.6,68.9,61.6,67.8,1,1010,1022.5,1016.2,61,73.9,67.7,67.7,38.6
1785290400,15.6,40.3,15.6,24,4.6,53.6,68,61.2,65.9,1.8,1010.5,1022.5,1016.4,59,73,65.9,65.9,38.4
1785294000,11.8,45.3,15.8,22.8,4.5,53.1,68,60.8,64.6,2.5,1010.4,1022.9,1016.4,57,72,64.6,64.6,49.1
1785297600,14.4,43.9,10.9,28.5,2.2,52.5,68,60.3,63.6,3.2,1010.2,1022.9,1016.5,55.5,71,63.6,63.6,48
1785301200,12.3,44.5,12.6,26.7,3.9,51.8,68,59.9,62.6,3.9,1010,1022.9,1016.5,54,70,62.6,62.6,46.9
1785304800,15,43.6,8.8,27.5,5.1,51.8,68,59.8,62.1,4.3,1009.8,1022.7,1016.2,53.6,70,62.1,62.1,49
1785308400,15.6,38.3,13.1,28.2,4.7,51.8,66.9,59.5,61.5,4.6,1009.5,1022.6,1016.2,53.1,69.1,61.5,61.5,50.5
1785312000,17.9,35.1,13.5,28.8,4.6,50,66.9,59.2,61.2,4.8,1009.8,1022.6,1016.2,52.9,69.1,61.2,61.2,47.8
1785315600,20.2,32,13.9,29.3,4.5,50,66.9,59.1,60.8,5.1,1010,1022.8,1016.6,52,69.1,60.8,60.8,48
1785319200,22.5,28.8,14.4,29.9,4.3,51.8,66.9,59.7,61.6,4.4,1010.6,1023.3,1016.8,53.6,69.1,61.6,61.5,47.8
1785322800,24.8,25.7,14.8,30.4,4.2,53.6,68,60.9,63.8,3,1010.9,1023.7,1017.2,55.4,71.6,63.8,63.8,32.9
1785326400,27.1,22.5,15.2,31,4.1,55,69.1,62,67,1.5,1011,1023.7,1017.2,59.9,75,67,67,27.9
1785330000,25.6,25.9,14.9,27.6,6,55.4,69.8,62.7,71,0.3,1010.9,1023.7,1017.1,64.4,78.1,70.8,70.8,24.1
1785333600,28.9,21.8,18.9,25.4,5,53.6,70,62.6,74.9,0.1,1010.9,1023.3,1017,66.9,82,74.4,74.4,14.4
1785337200,32.8,14.1,22.4,22.1,8.5,52,70,62,77.7,0.1,1010.6,1023.1,1016.9,68.9,84.2,76.8,76.8,6.9
1785340800,31.9,11.8,23.6,23.6,9.1,51.8,70,61.1,79.1,0.1,1010.1,1022.5,1016.4,69.8,86,78.2,78.2,6.9
1785344400,34.4,11.1,22.1,22.6,9.9,51.8,69.8,60.8,80.1,0.1,1009.9,1022.6,1016.2,70.9,88,79.3,79.3,5.4
1785348000,32.4,10.5,24.6,21.2,11.4,51.1,69.1,60.3,80.6,-777.7,1009.7,1022.2,1015.8,71.1,89.1,79.8,79.8,4.8
1785351600,32.5,11.1,21.7,21.4,13.3,51.1,69.1,60.5,80.9,-777.7,1009.5,1021.9,1015.6,71.6,89.6,80.1,80.1,4.3
1785355200,29.5,12.3,24.6,22,11.6,51.8,69.1,60.5,80.4,-777.7,1009.4,1021.6,1015.3,70,89.1,79.7,79.7,5
1785358800,27.7,16.9,26.5,19.6,9.3,51.8,69.1,60.6,79.4,-777.7,1009.4,1021.6,1015.4,70,87.8,78.7,78.7,4
1785362400,23.8,27.2,20,21.8,7.2,52,69.1,61,77.6,-777.7,1009.2,1021.4,1015.3,69.8,84.9,77,77,7.5
1785366000,24.9,30.5,16.5,21.8,6.3,53.6,69.1,61.7,74.3,0.1,1009.3,1021.8,1015.5,66.9,81,73.9,73.9,14.2
1785369600,18.3,36.2,18.8,23,3.7,53.6,69.1,61.5,69.9,0.5,1009.7,1022,1015.8,62.6,77,69.9,69.8,28.9
1785373200,14.1,41.1,18.9,22,4.1,53.6,68.9,61.4,67.6,1.2,1010.1,1022.7,1016.3,60.1,74.8,67.6,67.6,38.9
1785376800,16.4,40,15.9,22.9,4.8,53.1,68,61,65.8,1.9,1010.5,1022.8,1016.5,59,73,65.8,65.8,39.3
1785380400,12.3,44.1,16.3,22.6,4.8,52.9,68,60.6,64.4,2.7,1010.3,1022.9,1016.5,55.9,72,64.4,64.4,49.1
1785384000,14.2,44.8,11.2,27.9,2,52,68,60.2,63.5,3.4,1010.1,1022.8,1016.5,54.8,71.5,63.5,63.5,48
1785387600,11.6,45.4,13.5,25.9,3.7,51.1,68,59.8,62.5,4,1010,1022.8,1016.5,53.6,70.9,62.5,62.5,46.9
1785391200,14.2,44.5,9.7,26.5,5.1,50,66.9,59.5,61.8,4.5,1009.8,1022.7,1016.3,53.1,70,61.8,61.8,49
1785394800,14.6,39.3,12.6,28.7,4.8,50.9,66.9,59.2,61.3,4.8,1009.5,1022.6,1016.3,52,69.1,61.3,61.3,51.1
1785398400,16.9,35.8,13.2,29.5,4.7,50,66.9,59.1,61,5,1009.8,1022.8,1016.3,52,69.1,61,61,48.1
1785402000,19.2,32.3,13.8,30.2,4.6,50,66.9,58.9,60.7,5.3,1009.8,1023,1016.7,51.8,69.1,60.7,60.7,47.4
1785405600,21.4,28.8,14.4,31,4.4,51.8,66.9,59.5,61.4,4.6,1010.6,1023.3,1016.9,53.6,69.1,61.4,61.3,47.9
1785409200,23.7,25.3,15,31.7,4.3,52,68,60.7,63.6,3.2,1010.8,1023.7,1017.2,55.4,71.6,63.6,63.6,32.7
1785412800,26,21.8,15.6,32.5,4.2,54.9,69.1,61.9,66.8,1.6,1011,1023.7,1017.3,59,73.9,66.7,66.7,27.8
1785416400,24.9,26.1,15.2,28.9,5,55.4,69.8,62.6,70.8,0.4,1010.8,1023.6,1017.2,64.4,78.1,70.6,70.6,23.8
1785420000,27.8,20.9,19.4,26.6,5.3,53.6,70,62.4,74.7,0.1,1010.9,1023.5,1017.1,66.9,81,74.2,74.2,13.5
1785423600,31.6,14.1,22.3,23.5,8.5,52,70,61.9,77.6,0.1,1010.5,1023.1,1016.9,68,84.2,76.7,76.7,6.7
1785427200,30.9,12.3,21.8,25,10,51.8,70,60.9,78.9,0.1,1010.1,1022.6,1016.5,69.8,86,78.1,78.1,7.1
1785430800,33.3,11.3,21.6,23.3,10.6,51.1,69.8,60.6,79.9,0.1,1009.9,1022.5,1016.2,70,87.8,79.2,79.2,5.4
1785434400,31.6,10.4,24.8,21.8,11.4,51.1,69.1,60.1,80.5,0.1,1009.7,1022.2,1015.8,71.1,89.1,79.8,79.8,4.1
1785438000,31.7,11,22.1,21.6,13.7,50,68.9,60.2,80.8,-777.7,1009.5,1021.9,1015.6,71.1,89.6,80.1,80.1,4
1785441600,29.9,13,24.1,21.7,11.3,51.8,69.1,60.4,80.3,-777.7,1009.4,1021.6,1015.3,70,89.1,79.7,79.7,5
1785445200,26.3,17,27.5,19.9,9.3,51.8,69.1,60.5,79.3,-777.7,1009.3,1021.6,1015.4,70,87.8,78.6,78.6,3.5
1785448800,23,26.5,20.8,21.8,7.9,52,68.9,60.9,77.5,0.1,1009.2,1021.6,1015.4,69.1,84.9,76.9,76.9,7.5
1785452400,25.9,30,16.2,21.8,6.1,53.1,69.1,61.6,74.2,0.1,1009.3,1021.8,1015.6,66.9,81,73.8,73.7,14.4
1785456000,19,35,19.5,23.2,3.4,53.6,69.1,61.4,69.8,0.6,1009.8,1022.1,1015.9,62.6,77,69.8,69.7,29
1785459600,14.1,40.3,19.3,22.7,3.6,53.6,68,61.3,67.4,1.2,1010.1,1022.7,1016.4,60.1,74.8,67.4,67.4,40.6
1785463200,16.2,40.1,15.9,23.2,4.6,53.1,68,60.9,65.7,1.9,1010.5,1022.6,1016.5,57.9,73,65.7,65.7,40
1785466800,12.8,43.8,15.6,22.9,4.8,52.9,68,60.5,64.3,2.8,1010.3,1022.9,1016.5,55.9,72,64.3,64.3,48.8
1785470400,14.9,44.3,11.2,27.9,1.7,52,68,60.1,63.3,3.4,1010.1,1022.9,1016.5,54.8,71,63.3,63.3,47.2
1785474000,11.3,45.4,14.4,25.5,3.4,51.1,68,59.7,62.4,4.1,1010,1022.9,1016.6,53.6,70,62.4,62.4,45.6
1785477600,13.9,44.5,9.9,26.5,5.1,50,66.9,59.4,61.7,4.6,1009.8,1022.8,1016.3,52,70,61.7,61.7,49.2
1785481200,14,39.3,13.2,28.4,5.1,50.9,66.9,59.1,61.2,4.9,1009.7,1022.7,1016.3,52,69.1,61.2,61.1,50.7
1785484800,16.2,36,13.8,29,5,50,66.9,59,60.9,5.1,1009.8,1022.8,1016.3,52,69.1,60.9,60.9,47.8
1785488400,18.3,32.7,14.5,29.7,4.8,50,66.9,58.8,60.5,5.3,1009.8,1023,1016.7,51.8,68.9,60.5,60.5,47
1785492000,20.5,29.3,15.1,30.3,4.7,51.8,66.9,59.4,61.3,4.7,1010.7,1023.4,1017,53.6,69.1,61.2,61.2,47.4
1785495600,22.6,26,15.8,31,4.5,52,68,60.6,63.4,3.3,1010.9,1024,1017.3,55.4,71.1,63.4,63.4,34
1785499200,24.8,22.7,16.4,31.6,4.4,54,68.9,61.7,66.6,1.7,1011,1023.7,1017.3,59,73.9,66.5,66.5,28.6
1785502800,23.6,26.3,16.5,28.8,4.8,54.9,69.8,62.4,70.6,0.4,1010.9,1023.7,1017.3,64.4,78.1,70.5,70.5,26
1785506400,26.9,20.4,20.6,26.9,5.3,53.1,70,62.3,74.6,0.1,1010.9,1023.5,1017.2,66.9,81,74.1,74.1,13.5
1785510000,29.6,14.1,23.8,24,8.5,52,70,61.8,77.5,0.1,1010.4,1023.2,1016.9,68.9,84.2,76.6,76.6,6.7
1785513600,31.1,12.7,22,24.2,10,51.1,70,60.8,78.9,0.1,1010.1,1022.9,1016.6,70,86,78.1,78.1,6.7
1785517200,33.3,11.8,21.1,23,10.8,50.9,69.8,60.4,79.9,0.1,1009.9,1022.6,1016.3,70,87.8,79.1,79.1,5.8
1785520800,31.6,10.7,24.6,21.2,11.9,50.9,69.1,60.1,80.6,0.1,1009.8,1022.2,1015.9,71.1,89.1,79.8,79.8,3.8
1785524400,32.9,11.1,21.9,20.2,13.9,50,68.9,60.1,80.9,-777.7,1009.6,1022,1015.7,71.6,89.6,80.2,80.2,3.5
1785528000,31.5,13,24,21.6,9.9,51.8,69.1,60.3,80.4,0.1,1009.4,1021.6,1015.4,70,89.1,79.7,79.7,4.7
1785531600,27,17,28.2,19.1,8.6,51.8,69.1,60.4,79.4,-777.7,1009.3,1021.6,1015.4,70,87.8,78.7,78.7,3.5
1785535200,22.2,26.9,21.5,21.2,8.1,52,68.9,60.7,77.6,-777.7,1009.2,1021.8,1015.5,69.1,84.9,77,77,7.7
1785538800,26.4,30.8,16.2,21.5,5.1,53.1,69.1,61.6,74.2,0.1,1009.4,1021.8,1015.7,66.9,81,73.8,73.7,14.1
1785542400,19.1,35.4,19.3,23.3,3,53.6,69.1,61.5,69.8,0.6,1009.8,1022.1,1015.9,62.6,77,69.7,69.7,29
1785546000,14.1,40.6,19.6,22.4,3.3,53.6,68,61.3,67.5,1.2,1010.2,1022.7,1016.4,60.1,73.9,67.4,67.4,40.9
1785549600,16.9,39.6,16.2,22.2,5.1,53.1,68,60.9,65.7,2,1010.4,1022.8,1016.5,57.9,73,65.6,65.6,40.3
1785553200,13.1,43.6,15.1,22.9,5.3,53.1,68,60.6,64.3,2.8,1010.3,1022.8,1016.6,55.4,72,64.3,64.3,48.5
1785556800,16.2,43.6,11.2,26.9,2,52.1,68,60.2,63.3,3.4,1010.1,1022.8,1016.6,54.5,71,63.3,63.3,47.9
1785560400,12,45.8,14.4,24.3,3.4,51.1,68,59.7,62.4,4.1,1010,1022.9,1016.6,53.6,70,62.3,62.3,47.3
1785564000,14.7,44.8,10.5,25.2,4.8,50,66.9,59.5,61.7,4.6,1009.6,1022.7,1016.3,52,70,61.7,61.7,49.3
1785567600,14.1,40.3,13.5,27.6,4.5,50,66.9,59.1,61.1,5,1009.4,1022.7,1016.3,52,69.1,61.1,61,50.6
1785571200,16.4,36.8,14.2,28.2,4.5,50,66.9,59,60.8,5.1,1009.5,1022.8,1016.3,51.8,69.1,60.8,60.8,47.7
1785574800,18.7,33.2,14.9,28.8,4.5,50,66.9,58.7,60.5,5.4,1009.6,1023,1016.7,51.8,68.9,60.5,60.4,48.3
1785578400,20.9,29.7,15.5,29.4,4.4,51.8,66.9,59.4,61.3,4.7,1010.6,1023.4,1017,53.1,69.1,61.2,61.1,47.7
1785582000,23.2,26.1,16.2,30,4.4,52,68,60.6,63.4,3.3,1010.5,1024,1017.3,55,71.1,63.4,63.4,34.7
1785585600,25.5,22.6,16.9,30.6,4.4,54,68.9,61.8,66.6,1.7,1010.9,1023.9,1017.3,59,73.9,66.5,66.5,28.5
1785589200,24.6,26.1,16.5,28.3,4.5,55.4,69.8,62.5,70.8,0.4,1010.7,1023.8,1017.2,64.4,78.1,70.6,70.6,26.6
1785592800,27.1,19.5,20.7,26.8,5.9,53.1,71.1,62.3,74.7,0.1,1010.7,1023.6,1017.2,66.9,81,74.2,74.2,13.2
1785596400,30,13.3,23.2,24,9.4,51.8,70,61.9,77.6,0.1,1010.2,1023.2,1016.9,69.1,84.2,76.6,76.6,6.4
1785600000,32.9,12.2,21.2,23.2,10.5,50.9,70,60.8,79,0.1,1009.9,1022.9,1016.5,70,86,78.2,78.2,6.7
1785603600,34.4,11.3,20.7,22.6,11.1,50,69.8,60.4,79.9,0.1,1009.7,1022.6,1016.3,70.9,88,79.2,79.2,4.9
1785607200,32.9,9.9,24.2,20.6,12.3,50.9,69.1,60.1,80.6,0.1,1009.7,1022.2,1015.9,71.1,89.1,79.8,79.8,3.8
1785610800,32.5,11.6,22.2,20.5,13.3,50,68.9,60.1,80.9,-777.7,1009.5,1021.9,1015.6,71.6,89.6,80.2,80.2,3.3
1785614400,30.7,13.2,24.9,21.6,9.6,51.8,69.1,60.3,80.4,0.1,1009.2,1021.6,1015.3,70,88.9,79.7,79.7,5.2
1785618000,26.8,17,29.2,18.7,8.4,51.1,69.1,60.4,79.4,-777.7,1009.2,1021.6,1015.4,70,87.8,78.7,78.7,4.2
1785621600,22,27,21.5,21.3,8.2,51.8,68,60.7,77.7,-777.7,1009.2,1021.8,1015.4,69.8,84.9,77.1,77.1,7.2
1785625200,25.1,31.3,16.4,22.4,4.8,53.1,69.1,61.6,74.2,0.1,1009.3,1021.8,1015.6,66.9,81,73.7,73.7,14.3
1785628800,19.2,35.9,18.5,23.2,3.2,53.6,69.1,61.5,69.9,0.6,1009.8,1022.1,1015.9,62.6,77,69.8,69.8,28.7
1785632400,14.5,40.2,18.8,23.1,3.3,53.6,68,61.3,67.5,1.3,1010,1022.6,1016.4,60.1,73.9,67.4,67.4,40.7
1785636000,17.7,38.6,15.8,22.6,5.3,53.1,68,61,65.7,2,1010.3,1022.5,1016.4,57.9,73,65.7,65.7,40.5
1785639600,13.6,42.9,14.4,23.7,5.3,53.1,68,60.7,64.3,2.8,1010.2,1022.7,1016.4,55.9,72,64.3,64.2,47.5
1785643200,16.2,43,11.4,27.1,2.2,52.1,67.5,60.3,63.3,3.5,1010.1,1022.8,1016.5,54.8,71,63.3,63.3,46.5
1785646800,13,44.2,14.3,24.7,3.9,51.1,66.9,59.8,62.3,4.2,1010,1022.9,1016.5,53.6,70,62.3,62.3,45.6
1785650400,14.9,43.9,11.2,25.3,4.8,50,66.9,59.4,61.7,4.6,1009.8,1022.7,1016.3,52,70,61.7,61.7,48.1
1785654000,14.4,38.3,15.2,27.6,4.5,50,66.9,59.1,61.1,5,1009.5,1022.7,1016.3,52,69.1,61.1,61,49.9
1785657600,16.2,35.2,15.7,28.4,4.5,50,66.9,59,60.8,5.1,1009.7,1022.8,1016.2,51.8,69.1,60.8,60.8,47.7
1785661200,18,32.2,16.1,29.2,4.5,50,66.9,58.8,60.5,5.4,1009.7,1023,1016.6,51.1,68.9,60.4,60.4,46.3
1785664800,19.7,29.1,16.6,30.1,4.5,50,66.2,59.4,61.2,4.8,1010.5,1023.6,1016.9,52,69.1,61.1,61,45.9
1785668400,21.5,26.1,17,30.9,4.5,52,68,60.6,63.4,3.3,1010.5,1024.2,1017.2,55,71.1,63.4,63.3,35.6
1785672000,23.3,23,17.5,31.7,4.5,54,68,61.8,66.5,1.8,1010.9,1024.1,1017.3,59,73.9,66.4,66.4,29.4
1785675600,24.2,26.2,16.1,28.7,4.8,55,69.8,62.6,70.7,0.4,1010.7,1023.9,1017.1,64,78.1,70.6,70.6,26.4
1785679200,26.3,20.6,19.2,28,5.9,53.1,71.1,62.3,74.6,0.1,1010.7,1023.7,1017.2,66.9,81,74.1,74.1,13.8
1785682800,29.6,13.9,23.6,24.3,8.7,51.8,70,61.9,77.5,0.1,1010.2,1023.3,1016.8,68.9,84.2,76.6,76.6,7.3
1785686400,32,12.8,21.1,23.7,10.4,50,70,60.8,79,0.1,1009.9,1022.9,1016.4,70,86,78.2,78.2,7.3
1785690000,33.3,10.8,20.5,23.6,11.8,50,69.8,60.3,79.8,0.1,1009.8,1022.6,1016.2,70,88,79.1,79.1,4.7
1785693600,33.1,10.5,23.4,21.4,11.7,50.9,69.1,60.1,80.5,0.1,1009.7,1022.1,1015.7,71.1,89.1,79.7,79.7,3.6
1785697200,31.6,12.1,21.7,21.3,13.3,50,69.1,60.1,80.8,-777.7,1009.4,1021.8,1015.5,71.1,89.6,80,80,3.5
1785700800,29.3,13.9,24.5,22.3,10.1,51.1,69.1,60.3,80.3,0.1,1009.2,1021.5,1015.2,69.8,88,79.6,79.6,5.6
1785704400,26.8,17.9,27.8,19.4,8.1,50,69.1,60.3,79.3,-777.7,1009,1021.5,1015.3,70,87.1,78.6,78.6,4.5
1785708000,22.3,27.5,20.6,21.3,8.2,51.1,68.9,60.7,77.7,-777.7,1009.1,1021.7,1015.3,69.8,84.9,77.1,77.1,6.7
1785711600,23.5,31.4,16.8,23.5,4.8,53.1,69.1,61.5,74,0.1,1009.3,1021.8,1015.5,66.2,80.6,73.6,73.6,14.7
1785715200,18.2,36.9,17.5,24.2,3.2,53.6,69.1,61.5,69.9,0.6,1009.8,1022.1,1015.8,62.6,77,69.7,69.7,28.5
1785718800,13.7,40.8,18,24.2,3.4,53.6,68,61.3,67.5,1.3,1010,1022.5,1016.2,60.1,73.9,67.4,67.4,41
1785722400,18.5,38.4,15.1,22.9,5.1,53.1,68,60.9,65.6,2.1,1010.1,1022.4,1016.3,57.9,73,65.6,65.6,42.4
1785726000,13.4,43.4,14.1,24,5.1,52.9,68,60.6,64.2,2.9,1010.1,1022.6,1016.3,55.4,72,64.2,64.1,46.8
1785729600,15.7,42,12.4,27.4,2.5,52,68,60.2,63.2,3.6,1010,1022.7,1016.3,54.3,71,63.2,63.1,46.8
1785733200,12.9,43.7,14.7,24.8,3.9,51.1,68,59.7,62.2,4.3,1010,1022.8,1016.4,53.1,70,62.2,62.2,46.9
1785736800,14.6,43.9,11.4,25.9,4.2,50,66.9,59.4,61.6,4.7,1009.8,1022.7,1016.2,52,70,61.6,61.6,49.6
1785740400,14.8,38.7,14.3,28,4.2,50,66.9,59,61,5.1,1009.5,1022.7,1016.2,52,69.1,61,60.9,50.5
1785744000,16.6,35.5,14.9,28.6,4.4,50,66.9,59,60.8,5.2,1009.7,1022.8,1016.2,51.8,69.1,60.7,60.7,47.3
1785747600,18.4,32.3,15.5,29.2,4.5,50,66.9,58.8,60.4,5.5,1009.7,1023,1016.5,51.1,69.1,60.4,60.3,46.9
1785751200,20.3,29,16.2,29.9,4.7,50,66.2,59.3,61.1,4.8,1010.4,1023.5,1016.8,52,69.1,61.1,60.9,45.9
1785754800,22.1,25.8,16.8,30.5,4.8,52,68,60.5,63.2,3.4,1010.7,1024.1,1017.2,54,71.1,63.2,63.2,36.1
1785758400,23.9,22.6,17.4,31.1,5,53.6,68.9,61.7,66.4,1.8,1010.9,1024,1017.2,59,73.9,66.3,66.3,30.1
1785762000,24.8,26.1,16.8,27.1,5.3,55,69.8,62.5,70.6,0.4,1010.8,1023.8,1017,64,77.9,70.5,70.5,26.3
1785765600,26.6,20.4,19,27.6,6.4,53.1,71.1,62.3,74.5,0.1,1010.9,1023.7,1017.1,66.9,81,74.1,74.1,13.6
1785769200,29.9,13.5,24.3,23.4,8.9,51.8,70.9,61.8,77.6,0.1,1010.5,1023.2,1016.8,68.9,84.2,76.6,76.6,7.3
1785772800,32.2,12.7,20.2,24,10.8,50,70,60.7,79,0.1,1010,1022.9,1016.4,70,86,78.2,78.2,7.1
1785776400,33.6,11.5,19.2,23.5,12.2,50,69.8,60.2,79.9,0.1,1009.9,1022.6,1016.2,70,88,79.1,79.1,4.2
1785780000,33.3,11.2,22.9,21.2,11.4,50,69.1,60,80.5,0.1,1009.9,1022.1,1015.7,71.1,89.1,79.7,79.7,3.8
1785783600,32,13.1,20.8,20.8,13.3,50,69.1,60.1,80.9,-777.7,1009.5,1021.7,1015.4,71.1,89.6,80.1,80.1,3.3
1785787200,29.6,13.2,24.8,22.6,9.9,51.1,69.1,60.2,80.4,0.1,1009.4,1021.5,1015.2,70,88,79.7,79.7,5.2
1785790800,26.5,18.1,27.7,19.1,8.6,50,69.1,60.2,79.3,-777.7,1009.4,1021.5,1015.3,70,87.8,78.7,78.7,4.9
1785794400,23,27.5,20.8,20.3,8.4,51.1,68.9,60.7,77.7,-777.7,1009.3,1021.6,1015.3,69.8,84.9,77.1,77.1,6.7
1785798000,23.3,30.9,17.5,22.8,5.5,53.1,69.8,61.5,74,0.1,1009.4,1021.8,1015.5,66.2,80.6,73.6,73.6,15.2
1785801600,17.7,36.1,18.2,24.6,3.5,53.1,69.1,61.4,69.9,0.6,1009.8,1022.1,1015.8,62.6,77,69.8,69.8,28.3
1785805200,12.9,40.3,17.7,24.9,4.1,53.1,68,61.2,67.5,1.3,1010,1022.5,1016.2,60.1,73.9,67.4,67.4,41.6
1785808800,19.2,38.6,14.8,22.1,5.3,53.1,68,60.9,65.6,2.1,1010.1,1022.4,1016.3,57.9,73,65.6,65.6,43.1
1785812400,13.4,43.1,13.9,24.7,5,53.1,68,60.6,64.2,2.9,1010.1,1022.6,1016.3,55.4,72,64.2,64.1,46.9
1785816000,15.7,41.4,12.7,27.2,3,52.5,67.5,60.1,63.2,3.6,1010,1022.7,1016.3,54.5,71,63.2,63.1,47.8
1785819600,13,42.7,14.6,26,3.6,51.8,66.9,59.6,62.2,4.3,1010,1022.8,1016.4,53.6,70,62.1,62.1,48.7
1785823200,15.2,42.2,11.2,27.3,4,50.9,66.9,59.4,61.6,4.7,1009.6,1022.6,1016.1,52.9,70,61.6,61.6,51.4
1785826800,15.3,36.5,13.6,29.7,4.8,50.9,66.9,59,61,5.1,1009.6,1022.7,1016.2,52,69.8,61,60.9,50.4
1785830400,17.1,33.6,14.4,30.1,4.8,50,66.9,59,60.8,5.2,1009.7,1022.7,1016.2,51.8,69.1,60.8,60.7,46.9
1785834000,19,30.6,15.1,30.5,4.8,50,66.9,58.8,60.4,5.5,1009.7,1023,1016.5,51.8,69.1,60.4,60.3,45.8
1785837600,20.8,27.7,15.9,30.8,4.7,51.1,66.2,59.3,61.1,4.8,1010.4,1023.5,1016.9,52,69.1,61.1,60.9,46.3
1785841200,22.7,24.7,16.6,31.2,4.7,52,68,60.4,63.2,3.4,1010.5,1024.1,1017.2,55,71.1,63.2,63.2,36.3
1785844800,24.5,21.8,17.4,31.6,4.7,54,68.9,61.6,66.3,1.8,1010.9,1024,1017.2,59,73.9,66.2,66.2,31.1
1785848400,25.1,25.4,16.6,27.4,5.5,54.9,70,62.5,70.6,0.4,1010.8,1023.8,1017.1,63.9,77.9,70.4,70.4,27.1
1785852000,28,19.9,19,27,6.2,53.1,71.1,62.3,74.5,0.1,1011,1023.7,1017.1,66.9,81,74,74,13.9
1785855600,29.9,13.3,24.1,23.6,9.2,51.8,70.9,61.8,77.6,0.1,1010.6,1023.1,1016.8,68,84.2,76.6,76.6,6.7
1785859200,32.9,12.2,19.7,24.2,11,50,70,60.8,79,0.1,1010.1,1022.7,1016.4,70,86,78.2,78.2,7.5
1785862800,34.4,11.9,17.7,23.2,12.9,50,69.8,60.2,79.9,0.1,1010.1,1022.6,1016.2,70,88,79.1,79.1,4.4
1785866400,34.5,11.2,22.9,20.7,10.7,50,69.1,60.1,80.5,0.1,1009.9,1022.1,1015.7,70,89.1,79.7,79.7,3.6
1785870000,32.8,12.4,20.9,20.6,13.3,50,69.1,60.1,80.9,-777.7,1009.6,1021.7,1015.4,71.6,89.6,80.1,80.1,3.6
1785873600,29.9,13.3,24.8,22.4,9.6,51.1,69.1,60.2,80.3,0.1,1009.5,1021.4,1015.2,70,88,79.6,79.6,4.9
1785877200,25.8,18.4,28.2,18.9,8.6,50,69.1,60.2,79.3,-777.7,1009.5,1021.5,1015.3,70,87.8,78.7,78.7,4.2
1785880800,24.1,26.9,21.4,19.4,8.2,51.1,68.9,60.6,77.7,-777.7,1009.4,1021.4,1015.3,69.8,84.9,77.1,77.1,6.5
1785884400,22.8,31.2,17.5,22.3,6.2,53.1,69.1,61.5,73.9,0.1,1009.5,1021.6,1015.5,66.2,80.6,73.5,73.5,15.7
1785888000,18,35.7,18.5,24.4,3.5,53.1,69.1,61.4,69.8,0.6,1009.8,1022,1015.8,62.6,77,69.7,69.7,27.9
1785891600,13.7,41.6,17.5,23.8,3.4,53.1,68,61.2,67.3,1.4,1010,1022.5,1016.3,60.1,73.9,67.2,67.2,42.5
1785895200,19.5,39.4,13.9,22.4,4.9,53.1,68,60.8,65.5,2.2,1010.1,1022.4,1016.4,57.2,73,65.5,65.5,43.6
1785898800,14.1,42.2,13.8,25.4,4.5,52.9,68,60.6,64.1,2.9,1010,1022.6,1016.4,55.4,72,64.1,64,47.4
1785902400,15.4,41,12.4,28.1,3,52,67.5,60.1,63.1,3.6,1010,1022.7,1016.5,54.3,71,63,63,47.2
1785906000,12.9,42.8,13.6,27.6,3.1,51.1,66.9,59.6,62.1,4.3,1009.9,1022.7,1016.5,53.1,70,62,62,47
1785909600,15.3,41.9,10.8,28,4,51.1,66.9,59.4,61.6,4.7,1009.5,1022.6,1016.2,52.9,70,61.6,61.5,51.1
1785913200,15.3,35.1,13.3,32,4.2,50,66.9,59,60.9,5.1,1009.6,1022.6,1016.3,52,69.8,60.9,60.9,50.1
1785916800,16.9,32.5,14,32.1,4.4,50,66.9,59,60.8,5.3,1009.6,1022.7,1016.4,51.8,69.8,60.7,60.6,46.2
1785920400,18.6,29.9,14.7,32.2,4.5,50,66.9,58.8,60.4,5.5,1009.7,1022.9,1016.6,51.8,69.1,60.4,60.2,45.2
1785924000,20.2,27.4,15.5,32.3,4.7,51.1,66.9,59.4,61.2,4.8,1010.3,1023.4,1016.9,52,69.1,61.1,60.9,44.9
1785927600,21.9,24.8,16.2,32.4,4.8,52,68,60.4,63.2,3.5,1010.5,1024,1017.3,55,71.1,63.1,63.1,35.3
1785931200,23.5,22.2,16.9,32.5,5,54,68.9,61.7,66.3,1.9,1010.9,1023.9,1017.3,59,73.9,66.2,66.2,31.4
1785934800,24.6,25.6,16.8,28.1,4.8,54.9,70,62.5,70.5,0.5,1010.8,1023.7,1017.2,63,78.1,70.3,70.3,26.7
1785938400,28,19.2,19.2,27.3,6.2,53.6,71.1,62.3,74.4,0.1,1011,1023.7,1017.3,66.2,81,73.9,73.9,14.6
1785942000,30.3,13.7,23.3,24,8.7,51.8,70.9,61.8,77.4,0.1,1010.6,1023,1016.9,68,84.2,76.4,76.4,6.9
1785945600,32.6,12.9,18.5,25.4,10.6,50,70,60.8,78.9,0.1,1010.1,1022.6,1016.5,69.8,86,78.1,78.1,7.8
1785949200,34.5,11.7,16.9,23.3,13.6,50,69.8,60.2,79.8,0.1,1010.1,1022.6,1016.3,69.8,88,79,79,4.7
1785952800,35.2,11,21.8,21,11,50,69.1,60,80.4,0.1,1009.8,1022.1,1015.8,71.1,89.1,79.6,79.6,3.8
1785956400,33.7,13.6,19.1,20.3,13.3,50,69.1,60.1,80.8,-777.7,1009.5,1021.7,1015.6,71.1,89.6,80,80,4
1785960000,30,14.2,24,21.9,9.9,51.1,69.1,60.2,80.2,0.1,1009.4,1021.4,1015.3,70,88,79.6,79.5,5.6
1785963600,25.4,18.9,27,19.9,8.9,50,69.1,60.1,79.3,-777.7,1009.5,1021.5,1015.4,70,87.8,78.6,78.6,4.7
1785967200,24.4,26.1,21.1,20.1,8.2,51.1,69.1,60.6,77.6,0.1,1009.4,1021.4,1015.5,69.1,84.9,76.9,76.9,6.5
1785970800,22.5,30.7,18,22.5,6.2,52,69.1,61.4,73.7,0.2,1009.7,1021.6,1015.7,66,80.1,73.3,73.3,15.9
1785974400,18.9,34.6,18.2,24.6,3.7,53.1,69.1,61.4,69.7,0.7,1009.9,1022,1016,62.1,77,69.6,69.6,28.9
1785978000,14,40.7,18.1,24.1,3.1,53.1,68,61.2,67.2,1.5,1010.2,1022.5,1016.5,59,73.9,67.1,67.1,40.7
1785981600,19.5,38.9,13.9,23.1,4.6,52,68,60.8,65.4,2.2,1010.4,1022.5,1016.6,57,72,65.4,65.3,45.3
1785985200,15,41.9,13,25.6,4.5,52,68,60.5,64,3,1010.2,1022.7,1016.6,55.4,71.6,64,63.9,46.4
1785988800,14.7,39.6,13.7,28.9,3.2,51.5,67.5,60,63,3.7,1010.1,1022.7,1016.6,54.3,70.7,63,62.9,47
1785992400,12.8,42,13.8,28.5,2.9,50.9,66.9,59.6,62,4.4,1010,1022.7,1016.6,53.1,69.8,61.9,61.9,47.6
1785996000,14.4,41.1,11.5,29.3,3.7,50,66.9,59.3,61.5,4.8,1009.8,1022.6,1016.4,52,69.8,61.4,61.4,52.8
1785999600,14.7,35.6,13,33.1,3.7,50,66.9,58.9,60.8,5.2,1009.7,1022.6,1016.4,51.1,69.1,60.8,60.7,50.1
1786003200,14.3,32.3,13.1,36,4.3,50,66.9,58.9,60.6,5.4,1009.9,1022.7,1016.5,51.1,69.1,60.6,60.4,46.9
1786006800,16.4,29.5,13.9,35.5,4.7,50,66.9,58.7,60.3,5.6,1009.9,1023,1016.7,51.1,69.1,60.2,60.1,46.4
1786010400,18.4,26.8,14.7,35.1,5,50,66.9,59.3,61,5,1010.6,1023.4,1017,51.8,69.1,60.9,60.7,44.1
1786014000,20.4,24,15.5,34.7,5.3,52,68,60.4,63,3.6,1010.8,1024,1017.5,54,71.1,63,62.9,36.4
1786017600,22.5,21.2,16.3,34.2,5.7,53.6,69.8,61.6,66.2,2,1011,1024,1017.4,57.9,73.4,66,66,33
1786021200,23.9,25.1,18.1,27.9,5,54.9,70,62.5,70.4,0.5,1010.9,1023.7,1017.3,63,77.9,70.1,70.1,27
1786024800,27.6,19.3,19.3,27.4,6.4,53.6,71.1,62.5,74.3,0.1,1011.1,1023.7,1017.4,66,81,73.8,73.8,14.6
1786028400,29.6,14.5,23.4,24.8,7.7,51.8,71.1,61.9,77.4,0.1,1010.7,1023.1,1017,68,84.2,76.4,76.4,6.6
1786032000,32.6,12.9,18.5,25.4,10.6,50,70,60.9,79,0.1,1010.2,1022.6,1016.6,69.8,86.9,78.1,78.1,7.8
1786035600,32.6,11.8,18,24.1,13.5,50,69.8,60.3,79.8,0.1,1010.2,1022.6,1016.4,69.8,88,79,79,4.4
1786039200,35.1,10.7,22,22.7,9.5,50,69.1,60.1,80.4,0.1,1009.9,1022.1,1015.9,71.1,89.1,79.6,79.6,3.1
1786042800,32.6,13.8,19.3,21.3,13,50,69.1,60.1,80.7,0.1,1009.6,1021.7,1015.6,71.1,89.1,79.9,79.9,4
1786046400,29.2,15.3,23.4,23,9.1,51.1,69.1,60.2,80.2,0.1,1009.5,1021.4,1015.4,70,88,79.5,79.5,6
1786050000,26.4,19.2,26,20.2,8.2,50,69.8,60.2,79.2,-777.7,1009.7,1021.6,1015.5,70,87.8,78.5,78.5,5
1786053600,24.2,26.4,20.7,20.9,7.7,51.1,69.1,60.8,77.5,0.1,1009.6,1021.5,1015.5,69.1,84.2,76.8,76.8,7.5
1786057200,22.2,30.5,17.7,23.4,6.2,52,69.8,61.5,73.6,0.2,1009.8,1021.6,1015.8,66,80.1,73.2,73.2,16.1
1786060800,20.6,34.3,17.9,23.9,3.2,52.9,69.1,61.4,69.6,0.7,1010,1022,1016.1,62.1,77,69.5,69.4,29.1
1786064400,14.9,38.8,19,23.9,3.4,52.9,68.9,61.2,67.1,1.5,1010.5,1022.5,1016.6,59,73.9,67,67,40.3
1786068000,18.8,38.1,14.7,24,4.4,52,68,60.8,65.4,2.3,1010.6,1022.5,1016.7,57,73,65.3,65.3,46.1
1786071600,15.3,42.1,12.5,26.3,3.8,52,68,60.5,64,3.1,1010.3,1022.8,1016.7,55,71.6,63.9,63.8,44.9
1786075200,15.3,39.3,13,29.3,3.3,51.5,67.5,60,63,3.8,1010.3,1022.8,1016.7,54,70.8,62.9,62.8,45.8
1786078800,13.6,41.5,13.9,28.6,2.4,50.9,66.9,59.6,62,4.4,1010.3,1022.7,1016.7,52.9,70,61.9,61.9,46.8
1786082400,15.8,39,12.3,29.1,3.7,50,66.9,59.4,61.5,4.8,1009.9,1022.6,1016.5,52,70,61.5,61.4,52.4
1786086000,15.7,35.4,12.9,33.1,2.9,50,66.9,58.9,60.7,5.3,1009.8,1022.6,1016.5,51.1,69.1,60.7,60.6,49
1786089600,17.2,32.4,13.6,33.3,3.4,50,66.9,58.9,60.6,5.4,1010.2,1022.7,1016.6,50.9,69.1,60.5,60.4,45.8
1786093200,18.8,29.5,14.3,33.5,3.9,50,66.9,58.8,60.3,5.7,1010,1023,1016.8,50,69.1,60.2,60.1,46.9
1786096800,20.3,26.5,15,33.7,4.5,50,66.9,59.3,61,5.1,1010.6,1023.4,1017.1,51.8,69.1,60.8,60.7,44
1786100400,21.9,23.6,15.7,33.9,5,52,68,60.3,62.9,3.8,1010.9,1024,1017.5,54,71.1,62.9,62.8,37.3
1786104000,23.4,20.6,16.4,34.1,5.5,53.6,69.8,61.6,66,2.1,1011,1023.9,1017.5,57.2,73.4,65.9,65.9,33.7
1786107600,23.9,24.9,18.6,27.7,4.8,54,70,62.5,70.3,0.6,1011,1023.7,1017.4,63,77.9,70.1,70.1,28
1786111200,27.4,19.3,19.8,26.9,6.7,53.6,71.1,62.5,74.3,0.2,1011.1,1023.7,1017.4,66,81,73.8,73.8,16
1786114800,28.5,14.7,23.4,25.1,8.2,51.8,71.1,61.9,77.4,0.2,1010.7,1023.1,1017.1,68,84.2,76.4,76.4,7.4
1786118400,32.5,13,18,25.7,10.8,50,70.9,61,79,0.1,1010.5,1022.5,1016.6,69.1,86.9,78.1,78.1,8.3
1786122000,33.1,11.8,17.3,24.3,13.5,50,70,60.3,79.9,0.1,1010.4,1022.6,1016.4,69.8,88,79,79,4.6
1786125600,35.4,10.1,22.4,22.9,9.3,50,69.8,60.2,80.5,0.1,1010,1022,1015.9,70,89.1,79.6,79.6,3.1
1786129200,32.4,14.3,18.6,21.7,13,50,69.1,60,80.7,0.1,1009.6,1021.7,1015.7,71.1,89.6,79.9,79.9,3.8
1786132800,28.3,15.3,24,23,9.4,50.9,69.1,60.1,80.3,0.1,1009.8,1021.4,1015.4,69.8,89.1,79.5,79.5,6.7
1786136400,26.3,19.6,26.1,20.5,7.5,50,69.8,60,79.3,-777.7,1009.7,1021.6,1015.5,69.8,87.8,78.6,78.6,5.2
1786140000,24.5,26.7,20.3,20.8,7.7,51.1,69.1,60.7,77.5,0.1,1009.9,1021.5,1015.6,69.1,84.9,76.8,76.8,7.9
1786143600,22.6,30,17.9,24,5.5,52,69.8,61.4,73.6,0.2,1009.8,1021.6,1015.8,66,80.6,73.2,73.2,16.7
1786147200,19,34.8,17.5,25.1,3.5,52,69.1,61.3,69.6,0.8,1010,1022,1016.1,61.9,77,69.4,69.4,28.7
1786150800,13.6,39.2,19.1,25.2,2.9,52,69.1,61.1,67,1.6,1010.6,1022.5,1016.6,59,73.9,66.9,66.9,40.3
1786154400,17.7,38.3,15.2,24.1,4.7,52,68,60.7,65.3,2.4,1010.7,1022.5,1016.7,57,72.9,65.2,65.2,46.1
1786158000,15.9,41.8,12.8,25.9,3.5,51.8,68,60.4,63.9,3.2,1010.4,1022.6,1016.7,55,71.6,63.8,63.7,45
1786161600,14.1,40.6,13.6,28.5,3.3,51.3,68,60,62.9,3.9,1010.4,1022.6,1016.7,53.5,70.8,62.8,62.7,45.7
1786165200,13.2,40.9,14.8,27.4,3.7,50.9,68,59.5,61.9,4.5,1010.4,1022.6,1016.7,52,70,61.8,61.7,46.4
1786168800,14.7,39.9,12.6,29,3.8,50,66.9,59.2,61.4,4.9,1010,1022.6,1016.4,51.8,70,61.3,61.3,51.3
1786172400,16,36.5,13.6,29.9,4,50,66.9,58.8,60.7,5.4,1009.8,1022.6,1016.5,51.1,69.8,60.6,60.5,49.4
1786176000,17.3,33.1,14.6,30.8,4.3,50,66.9,58.8,60.5,5.5,1010.2,1022.7,1016.6,50,69.1,60.4,60.3,46.4
1786179600,18.5,29.7,15.6,31.7,4.5,50,66.9,58.7,60.3,5.7,1010.2,1022.8,1016.7,50,69.1,60.2,60,47.5
1786183200,19.8,26.3,16.5,32.6,4.7,50,66.9,59.2,60.9,5.2,1010.7,1023.4,1017.1,51.8,69.1,60.7,60.5,44.2
1786186800,21.1,22.9,17.5,33.5,5,51.8,68,60.2,62.8,3.8,1010.9,1023.7,1017.5,53.6,71.1,62.7,62.6,37.9
1786190400,22.4,19.5,18.5,34.4,5.2,53.6,69.8,61.5,65.9,2.2,1011.1,1023.9,1017.5,57.2,73.4,65.8,65.8,33.2
1786194000,23.2,24.7,19.4,26.7,6,54,70,62.4,70.3,0.6,1011.1,1023.7,1017.5,62.6,77.9,70.1,70.1,28.4
1786197600,26.8,18.7,21.5,26.3,6.7,53.1,71.1,62.3,74.3,0.2,1011.2,1023.7,1017.5,66,81,73.8,73.8,16.1
1786201200,29.1,14.7,23.6,25,7.7,51.8,71.1,61.9,77.5,0.2,1010.8,1023.1,1017.1,68,84.9,76.5,76.5,7.8
1786204800,33.1,12.6,18.6,25.1,10.6,50,70.9,60.9,79,0.1,1010.5,1022.4,1016.7,69.8,87.1,78.1,78.1,8.1
1786208400,34,11.4,16.6,24.2,13.8,50,69.8,60.2,79.8,0.1,1010.4,1022.5,1016.4,69.8,88,79,79,4.9
1786212000,36.6,9.8,21.9,22.1,9.6,50,69.8,60.1,80.5,0.1,1010.1,1021.8,1016,70,89.1,79.6,79.6,3.6
1786215600,33,14.6,17.7,21.8,12.9,50,69.1,59.9,80.7,0.1,1009.7,1021.6,1015.7,71.1,89.1,79.9,79.9,3.8
1786219200,28.2,14.7,24.1,23.6,9.4,50.9,69.1,60.1,80.3,0.1,1009.8,1021.4,1015.5,70,88,79.5,79.5,7
1786222800,28.3,18.4,26.3,20,7,50,69.1,60,79.3,-777.7,1009.8,1021.6,1015.5,69.8,87.8,78.6,78.6,5
1786226400,24.6,25.1,21.2,21.4,7.6,51.1,69.1,60.7,77.5,0.1,1009.9,1021.5,1015.6,69.1,84.2,76.8,76.8,8.2
1786230000,22.5,29.1,19.1,23.6,5.7,52,69.8,61.4,73.5,0.2,1009.8,1021.6,1015.8,66,80.1,73.1,73.1,16.6
1786233600,19.3,34.1,17.5,25.3,3.8,52,69.1,61.2,69.6,0.8,1010,1022,1016.1,61.9,77,69.4,69.4,27.9
1786237200,14.5,38,19.1,25.2,3.1,52,68,61.1,67,1.6,1010.6,1022.5,1016.6,59,73.9,66.9,66.9,41
1786240800,17.6,37.7,15.9,24.3,4.4,52,68,60.7,65.3,2.4,1010.7,1022.5,1016.7,57,73,65.3,65.2,46.8
1786244400,15.7,41.4,13.9,25.8,3.3,51.8,68,60.4,63.9,3.2,1010.5,1022.6,1016.7,54.9,71.6,63.9,63.8,45.5
1786248000,13.9,39.9,13.4,29.5,3.3,50.9,68,60,62.9,3.9,1010.5,1022.6,1016.7,53.5,70.8,62.8,62.8,46.8
1786251600,12.7,41.7,14.5,27.2,4,50,68,59.5,61.9,4.5,1010.4,1022.6,1016.7,52,70,61.8,61.8,48
1786255200,15.1,40.6,12.1,28.5,3.8,50,66.9,59.2,61.4,4.9,1010,1022.6,1016.4,51.8,70,61.3,61.3,53.4
1786258800,15.1,34.6,14,33.1,3.1,50,68,58.9,60.7,5.4,1009.8,1022.6,1016.4,51.1,69.8,60.6,60.5,48.7
1786262400,16.6,31.6,14.7,33.5,3.6,50,66.9,58.8,60.5,5.5,1010.2,1022.7,1016.6,50,69.1,60.4,60.3,45.8
1786266000,18,28.6,15.4,34,4.1,50,66.9,58.6,60.3,5.7,1010.3,1022.8,1016.7,50,69.1,60.2,60.1,46.6
1786269600,19.5,25.5,16,34.4,4.5,50,66.9,59.1,60.8,5.2,1010.8,1023.4,1017.1,51.8,69.1,60.6,60.5,43.3
1786273200,20.9,22.5,16.7,34.9,5,51.8,68,60.2,62.8,3.8,1010.9,1023.7,1017.5,53.6,71.1,62.8,62.7,37.7
1786276800,22.4,19.5,17.4,35.3,5.5,53.6,69.8,61.5,65.9,2.2,1011.2,1023.9,1017.5,57,73.4,65.8,65.7,34.2
1786280400,23.6,24.4,18.8,27.2,6.1,54,70,62.4,70.2,0.7,1011.1,1023.7,1017.5,62.6,77,69.9,69.9,28.7
1786284000,27.4,19.3,20.8,26,6.4,53.6,71.1,62.5,74.3,0.2,1011.2,1023.6,1017.5,66,81,73.7,73.7,16.3
1786287600,29.3,14.4,22.8,25.4,8.2,51.8,71.6,62,77.5,0.2,1010.8,1023.1,1017.1,68,84.2,76.4,76.4,7.5
1786291200,33.9,13.6,16.5,25.7,10.4,50,70.9,61,78.9,0.1,1010.5,1022.3,1016.6,69.1,86.9,78,78,7.4
1786294800,35.5,11.8,15.6,24.4,12.6,50,69.8,60.3,79.7,0.1,1010.4,1022.3,1016.4,69.8,88,78.9,78.9,4.9
1786298400,37.4,10.3,20.9,21.9,9.4,50,69.8,60.2,80.4,0.1,1010,1021.9,1015.9,70,88,79.5,79.5,3.6
1786302000,34.5,14.6,16.7,21.8,12.4,50,69.1,60,80.6,0.1,1009.7,1021.6,1015.7,71.1,88.9,79.8,79.8,3.8
1786305600,30.4,14.4,23,23.7,8.6,51.1,69.1,60.1,80.1,0.1,1009.5,1021.4,1015.5,70,88,79.4,79.4,6.3
1786309200,29.4,17.8,25.1,21,6.7,50,69.1,60,79.1,-777.7,1009.8,1021.5,1015.5,69.8,87.1,78.4,78.4,5
1786312800,25.1,23.9,21.9,20.9,8.1,51.1,69.1,60.7,77.3,0.1,1009.9,1021.4,1015.6,69.1,84.2,76.7,76.7,8.4
1786316400,23.5,28.7,18.5,23.5,5.9,52,69.8,61.3,73.4,0.2,1009.9,1021.6,1015.8,65.8,80.1,73,73,15.7
1786320000,19.3,33.5,17.5,26.3,3.5,52,69.1,61.2,69.5,0.8,1010.1,1021.9,1016.2,62.1,77,69.4,69.3,27
1786323600,15.2,37.9,17.9,25.8,3.1,52.9,68.9,61.1,67,1.6,1010.6,1022.4,1016.6,59,73.9,66.9,66.9,40
1786327200,17.6,37.5,15.9,25,3.9,52,68,60.7,65.3,2.4,1010.8,1022.5,1016.7,57,73,65.2,65.2,46.2
1786330800,15.9,40.4,14.1,27,2.5,51.8,68,60.3,63.9,3.2,1010.6,1022.5,1016.7,55,71.6,63.9,63.8,45
1786334400,14.3,39.9,13.3,29.4,3,51.3,68,59.9,62.9,3.9,1010.5,1022.5,1016.7,54,70.8,62.9,62.8,45.9
1786338000,13.3,41.1,13.8,27.9,3.9,50.9,68,59.5,61.9,4.5,1010.5,1022.5,1016.7,52.9,70,61.9,61.8,46.8
1786341600,14.9,39.7,12.4,29.2,3.8,50,66.9,59.2,61.4,4.9,1010,1022.5,1016.4,52,70,61.4,61.3,52.5
1786345200,16.3,36.2,13.3,30.2,4,50,68,58.8,60.6,5.4,1009.9,1022.6,1016.4,51.1,69.8,60.6,60.5,48.1
1786348800,17.6,32.8,14.1,31.3,4.2,50,66.9,58.7,60.5,5.6,1010.3,1022.6,1016.6,50.9,69.1,60.4,60.3,44.3
1786352400,19,29.3,15,32.3,4.4,50,66.9,58.6,60.2,5.7,1010.4,1022.7,1016.7,51.1,69.1,60.2,60.1,46.3
1786356000,20.4,25.8,15.9,33.3,4.7,50,66.9,59,60.7,5.3,1011,1023.4,1017.1,51.8,69.1,60.6,60.4,42.7
1786359600,21.7,22.4,16.7,34.4,4.9,52,68,60.1,62.7,3.8,1011,1023.7,1017.5,54,71.1,62.7,62.6,37.8
1786363200,23.1,18.9,17.6,35.4,5.1,53.6,69.8,61.3,65.7,2.2,1011.4,1023.9,1017.5,57,73.4,65.6,65.6,33.8
1786366800,23.9,23.4,18.6,28.2,5.9,54,70,62.3,70,0.7,1011.4,1023.7,1017.5,62.6,77,69.7,69.7,28.3
1786370400,27.3,19.4,20.4,26.6,6.2,53.6,71.1,62.4,74.1,0.2,1011.2,1023.7,1017.5,66,81,73.6,73.6,15.4
1786374000,28.4,14,23.1,26,8.4,51.8,71.1,61.8,77.2,0.2,1010.9,1023.1,1017.2,68,84.2,76.2,76.2,7.3
1786377600,33.7,13.4,16.8,26.1,10,50,70,60.9,78.6,0.1,1010.5,1022.3,1016.6,69.1,86,77.8,77.8,7
1786381200,35.5,12.4,16,23.6,12.6,50,69.8,60.1,79.5,0.1,1010.4,1022.3,1016.4,69.8,88,78.8,78.8,4.9
1786384800,36.5,10.6,21.7,21.5,9.6,50,69.8,59.9,80.2,0.1,1010,1021.8,1015.9,70,88,79.3,79.3,3.9
1786388400,33.4,15,18.4,21.8,11.4,50,69.1,59.7,80.4,0.1,1009.7,1021.5,1015.6,70.9,88.9,79.7,79.7,4.1
1786392000,29.9,15.1,22.5,23.9,8.6,50,68.9,59.8,79.8,0.1,1009.5,1021.4,1015.5,69.8,88,79.2,79.2,6.5
1786395600,29.8,18.2,24.2,21.3,6.5,50,68,59.7,78.9,-777.7,1009.7,1021.5,1015.5,69.8,87.1,78.3,78.3,4.3
1786399200,25.9,24,22.2,20.5,7.4,50.9,69.1,60.4,77.2,0.1,1009.9,1021.4,1015.6,69.1,84.2,76.6,76.6,8.7
1786402800,23.2,28,19.2,23.9,5.7,52,69.8,61.2,73.2,0.2,1010,1021.6,1015.8,65.8,80.1,72.9,72.9,15.7
1786406400,19.5,33,18,25.5,4,52,69.1,61,69.3,0.8,1010.2,1021.9,1016.1,61.9,77,69.2,69.1,28
1786410000,14.5,38.9,17.6,25.8,3.1,52.9,68,60.9,66.8,1.7,1010.6,1022.4,1016.6,59,73.9,66.7,66.7,39.3
1786413600,18.2,38.1,16.2,24.6,2.9,52,68,60.5,65.1,2.5,1010.8,1022.4,1016.7,56.8,73,65,65,46.5
1786417200,16.9,40.8,12.8,27,2.5,51.8,68,60.2,63.7,3.3,1010.8,1022.5,1016.7,55,71.6,63.7,63.6,45.2
1786420800,14,40.5,12.5,30.3,2.8,50.9,67.5,59.7,62.7,3.9,1010.6,1022.5,1016.7,53.5,70.8,62.7,62.6,46.2
1786424400,13.4,41.1,13.6,28.3,3.6,50,66.9,59.2,61.7,4.6,1010.5,1022.5,1016.7,52,70,61.7,61.6,47.1
1786428000,14.5,40.5,12.3,29.5,3.2,50,66.9,58.9,61.2,5.1,1010.1,1022.4,1016.4,51.8,70,61.2,61.1,52.4
1786431600,15.5,34.9,14.4,32.1,3.1,48.9,66.9,58.6,60.5,5.5,1009.9,1022.4,1016.4,50,69.8,60.5,60.3,47.3
1786435200,17.1,31.9,15.1,32.6,3.4,48.9,66.9,58.5,60.3,5.7,1010.2,1022.6,1016.6,50,69.1,60.3,60.1,43.6
1786438800,18.7,28.8,15.8,33,3.7,50,66.9,58.4,60,5.9,1010.4,1022.7,1016.7,50,69.1,60,59.9,45.9
1786442400,20.4,25.8,16.4,33.5,3.9,50,66.2,58.7,60.5,5.5,1011,1023.2,1017.1,51.8,68.9,60.3,60.2,42.3
1786446000,22,22.7,17.1,33.9,4.2,51.8,68,59.8,62.5,4,1011,1023.7,1017.5,53.6,71.1,62.5,62.4,38.3
1786449600,23.6,19.7,17.8,34.4,4.5,53.1,69.1,61,65.5,2.3,1011.3,1023.7,1017.5,57,73.4,65.4,65.4,33.3
1786453200,24.3,24,17.6,28.1,5.9,53.6,70,62,69.7,0.8,1011.4,1023.7,1017.5,62.1,77,69.5,69.5,28.2
1786456800,28.6,19.5,20.2,25.5,6.3,53.6,71.1,62.1,73.7,0.2,1011.2,1023.7,1017.5,66,80.6,73.3,73.3,15.9
1786460400,29.3,14.3,22.8,24.9,8.7,51.8,71.1,61.5,76.9,0.2,1011,1023.1,1017.2,68,84,76,76,7.6
1786464000,32.8,14.2,17.4,25.5,10,50,70,60.6,78.4,0.1,1010.6,1022.1,1016.6,69.1,86,77.6,77.6,6
1786467600,34.3,12.9,17.1,23.6,12.1,50,69.8,59.8,79.3,0.1,1010.5,1022.3,1016.4,69.8,87.8,78.6,78.6,5.2
1786471200,36.4,11.1,22.3,20.5,9.7,50,69.1,59.6,80,0.1,1010.2,1021.7,1015.9,70,88,79.2,79.2,3.6
1786474800,33.6,15.1,19,21.4,10.9,50,69.1,59.4,80.2,0.1,1009.8,1021.5,1015.6,70,88,79.5,79.5,4.3
1786478400,30,15,22.4,23.8,8.8,50,68,59.5,79.6,0.1,1009.8,1021.4,1015.5,69.8,88,79,79,5.8
1786482000,29.2,16.9,26.5,21.2,6.3,50,68,59.4,78.7,-777.7,1010,1021.6,1015.5,69.8,86,78.1,78.1,3.8
1786485600,26,24.5,22.5,20.3,6.6,50.9,69.1,60.1,76.9,0.1,1010,1021.4,1015.6,68.9,84,76.3,76.3,7.7
1786489200,22,29.1,19.1,24.6,5.3,52,69.1,60.9,72.9,0.2,1010.1,1021.6,1015.8,64.9,80.1,72.6,72.6,16.1
1786492800,19.2,34.1,18.4,24.7,3.5,51.8,69.1,60.7,69,0.9,1010.3,1021.8,1016.1,61,77,68.9,68.9,27.5
1786496400,14.2,38.6,18.3,25.5,3.4,52,68,60.6,66.6,1.8,1010.8,1022.3,1016.6,57.9,73.9,66.5,66.5,39
1786500000,17.4,38.1,16.9,24.9,2.7,51.8,68,60.2,64.8,2.7,1011,1022.4,1016.7,55.9,72.9,64.8,64.7,46.2
1786503600,16,40.3,14,27,2.8,51.1,68,59.8,63.4,3.5,1011,1022.5,1016.8,54.9,71.6,63.4,63.3,44.7
1786507200,13.5,40.9,12.7,30.2,2.7,50.5,67.5,59.3,62.5,4.2,1010.8,1022.5,1016.8,53.5,70.7,62.4,62.3,46.4
1786510800,12.2,41.5,14,28.5,3.8,50,66.9,58.9,61.5,4.8,1010.6,1022.5,1016.8,52,69.8,61.4,61.4,48.1
1786514400,13.7,40.2,12.6,30,3.5,50,66.9,58.7,61,5.2,1010.3,1022.4,1016.4,51.8,69.8,61,60.9,51.7
1786518000,14.4,34.9,14.9,33,2.8,48.9,66.9,58.3,60.2,5.7,1010.2,1022.4,1016.5,50,69.1,60.2,60.1,47.6
1786521600,16.2,31.7,15.6,33.5,3,48.2,66.2,58.2,60.1,5.9,1010.5,1022.6,1016.7,50,69.1,60,59.9,44.4
1786525200,18,28.5,16.3,34,3.3,48.9,66.9,58.2,59.8,6,1010.5,1022.7,1016.8,50,68.9,59.8,59.7,45.2
1786528800,19.9,25.2,16.9,34.4,3.5,50,66.2,58.5,60.2,5.7,1011.1,1023.2,1017.2,51.1,68,60.1,60,42.3
1786532400,21.7,22,17.6,34.9,3.8,51.8,66.9,59.5,62.2,4.2,1011,1023.8,1017.6,53.1,70,62.2,62.1,36.6
1786536000,23.5,18.8,18.3,35.4,4,52,68.9,60.7,65.2,2.5,1011.4,1023.8,1017.5,55.9,73,65.1,65.1,32.5
1786539600,24.6,22.8,18.4,27.9,6.4,53.6,70,61.7,69.3,0.9,1011.4,1023.7,1017.5,61,77,69.2,69.1,28.2
1786543200,27.7,18.8,20.7,26.5,6.3,53.1,71.1,61.9,73.4,0.2,1011.3,1023.7,1017.6,66,80.6,72.9,72.9,16.2
1786546800,29,14.3,22.5,26.1,8.2,51.8,70.9,61.3,76.5,0.2,1011.1,1023.1,1017.2,68,84,75.7,75.7,7.1
1786550400,33.1,13.5,18.1,26,9.3,50,69.8,60.3,78.1,0.1,1010.7,1022.2,1016.7,69.1,86,77.3,77.3,6.2
1786554000,34.3,12.7,17.3,23.7,12,48.9,69.8,59.5,79,0.1,1010.5,1022.5,1016.5,69.8,87.8,78.3,78.3,4.8
1786557600,36,11.6,23.2,20.5,8.6,50,69.1,59.4,79.6,0.1,1010.2,1021.6,1016,69.8,88,78.9,78.9,3.6
1786561200,32.9,15.1,20.2,21.2,10.5,48.9,68,59.1,79.8,0.1,1010,1021.5,1015.7,70,88,79.2,79.2,4.6
1786564800,30.4,15.6,22.7,23.2,8.1,50,68,59.3,79.3,0.1,1010,1021.6,1015.6,69.8,87.1,78.7,78.7,5.8
1786568400,29.2,17.5,26.8,20.1,6.5,50,68,59.2,78.3,-777.7,1010.3,1021.6,1015.6,69.1,86,77.8,77.8,4.3
1786572000,26.5,24.3,22.8,20.1,6.4,50,68.9,59.9,76.6,0.1,1010,1021.4,1015.6,68,84,76.1,76.1,8.4
1786575600,22.2,28.2,20.1,23.9,5.5,51.8,69.1,60.6,72.5,0.3,1010.3,1021.6,1016,64.4,79.9,72.3,72.3,16.4
1786579200,19.2,33.4,19,24.8,3.5,51.8,68.9,60.5,68.7,1,1010.6,1021.8,1016.3,60.8,77,68.7,68.6,26.4
1786582800,14,37.8,18.6,26.2,3.4,52,68,60.3,66.4,2,1010.9,1022.3,1016.7,57.2,73.9,66.3,66.3,39
1786586400,17.8,37.7,16.9,24.7,2.9,51.8,68,59.9,64.5,2.8,1011.4,1022.5,1016.8,55.9,72,64.5,64.5,47.7
1786590000,15.8,40.1,14,27.1,3,51.1,66.9,59.5,63.2,3.6,1011.3,1022.5,1016.9,54,71.1,63.1,63.1,45.4
1786593600,14,41.1,12.2,29.9,2.7,50.5,66.6,59,62.2,4.3,1011.1,1022.5,1016.9,53,70.4,62.1,62.1,46.6
1786597200,12.8,41.6,13,29.1,3.6,50,66.2,58.6,61.2,5,1011,1022.5,1016.9,52,69.8,61.1,61.1,47.9
1786600800,13.3,41,12,30.6,3.2,48.9,66.2,58.4,60.7,5.4,1010.5,1022.5,1016.6,51.1,69.1,60.7,60.6,52.8
1786604400,14.2,34.9,13.4,34.4,3.1,48.2,66.2,58,59.9,5.9,1010.4,1022.5,1016.6,50,68,59.9,59.7,49.5
1786608000,15.8,31.8,14.2,34.7,3.5,48.2,66.2,57.9,59.8,6.1,1010.6,1022.7,1016.8,50,68.9,59.7,59.5,45
1786611600,17.5,28.7,15,34.9,3.9,48.2,66.2,57.8,59.5,6.2,1010.9,1022.7,1016.9,50,68,59.5,59.3,44.6
1786615200,19.1,25.7,15.7,35.2,4.3,48.9,66,58.2,59.9,5.9,1011.1,1023.2,1017.3,50.9,68,59.9,59.6,42.6
1786618800,20.8,22.6,16.5,35.4,4.7,50,66.9,59.2,61.9,4.4,1011.3,1024,1017.7,53.1,70,61.9,61.8,37.1
1786622400,22.4,19.5,17.3,35.7,5.1,51.8,68,60.5,64.9,2.6,1011.4,1024,1017.7,55.9,73,64.9,64.8,32.4
1786626000,24.9,22.4,18.8,27.5,6.4,53.1,69.8,61.5,69.1,1,1011.4,1023.8,1017.6,60.8,77,69,69,28.4
1786629600,27.4,19.1,20.1,26.6,6.8,52,70,61.8,73.2,0.2,1011.3,1023.8,1017.7,64.9,80.1,72.8,72.8,16.6
1786633200,28.7,13.8,22.7,26.1,8.7,51.1,70,61.2,76.3,0.2,1011.2,1023.4,1017.3,66.9,84,75.5,75.5,7.1
1786636800,33.2,14.3,17.9,25.6,9.1,50,69.8,60.2,78,0.1,1010.9,1022.5,1016.8,68.9,86,77.2,77.2,5.3
1786640400,34.8,12.7,17.5,23.3,11.8,48.9,69.1,59.5,78.8,0.1,1010.5,1022.6,1016.6,69.1,87.1,78.1,78.1,4.5
1786644000,36.3,11.6,23.5,19.8,8.9,50,69.1,59.3,79.4,0.1,1010.2,1021.9,1016,69.8,87.8,78.7,78.7,3.4
1786647600,32.5,14.7,21,21,10.8,48.9,68,59,79.6,0.1,1009.9,1021.7,1015.8,69.8,88,79,79,4.1
1786651200,30.1,16,23,23,7.9,50,68,59.2,79.1,0.1,1010,1021.6,1015.7,69.8,87.1,78.5,78.5,5.8
1786654800,28.6,18.5,26.4,20,6.5,50,68,59.2,78.2,0.1,1010.2,1021.7,1015.7,69.1,86,77.7,77.7,3.8
1786658400,25.4,24.6,24.1,20,5.9,50,68.9,59.9,76.4,0.1,1010,1021.6,1015.7,68,84,75.9,75.9,8.1
1786662000,21.6,28.4,20.4,23.8,5.8,51.8,68.9,60.5,72.3,0.3,1010.3,1021.9,1016,64.4,79,72,72,16.4
1786665600,20.4,32.8,18.3,25.2,3.3,51.8,68.9,60.4,68.6,1.1,1010.6,1022,1016.4,60.8,77,68.5,68.5,25.1
1786669200,14.1,38.1,17.5,26.9,3.4,51.8,68,60.2,66.3,2,1010.9,1022.5,1016.8,57.2,73.9,66.2,66.2,37.8
1786672800,17.1,37.6,16.6,25.9,2.9,51.8,68,59.8,64.4,2.9,1011.3,1022.6,1016.9,55.9,72,64.4,64.3,45.5
1786676400,15.3,40.5,13.8,27.8,2.8,51.1,66.9,59.4,63.1,3.7,1011.1,1022.9,1016.9,54,71.1,63,62.9,44.3
1786680000,13.7,41.4,11.7,30.7,2.5,50.5,66.6,58.9,62,4.4,1011,1022.8,1016.9,53,70.4,62,61.9,45.8
1786683600,12.4,41.4,12.9,29.8,3.5,50,66.2,58.4,61,5.1,1011,1022.7,1016.9,52,69.8,61,60.9,47.2
1786687200,13.8,39.5,12.2,31.3,3.2,50,66.2,58.2,60.6,5.4,1010.6,1022.6,1016.7,51.8,69.8,60.6,60.5,53.2
1786690800,14.7,33.6,13.6,34.4,3.6,48.2,66.2,57.9,59.8,6,1010.4,1022.7,1016.7,50,68,59.8,59.7,50.6
1786694400,16.5,30.8,11.1,38.2,3.4,48.2,66.2,57.8,59.6,6.2,1010.7,1023,1016.9,50,68.9,59.5,59.4,45.1
1786698000,17.9,28.1,12.6,37.6,3.8,48.2,66.2,57.7,59.4,6.3,1010.9,1022.9,1017,50,68,59.3,59.2,45
1786701600,19.3,25.4,14.1,37,4.3,50,66,58,59.8,6,1011.1,1023.4,1017.3,50.9,68,59.7,59.4,42.4
1786705200,20.7,22.7,15.6,36.3,4.7,50.9,66.9,59,61.8,4.5,1011.4,1024,1017.8,53.1,70,61.7,61.6,37.1
1786708800,22.1,20,17.1,35.7,5.1,51.8,68.9,60.4,64.7,2.7,1011.4,1024.1,1017.7,55.9,73,64.7,64.7,32.5
1786712400,24.6,23,18.7,27.6,6.1,53.1,69.8,61.3,68.9,1.2,1011.6,1023.8,1017.7,60.1,77,68.7,68.7,30.6
1786716000,26.6,20.5,19.3,27.1,6.5,53.1,70,61.7,73,0.3,1011.5,1024,1017.7,64.9,80.1,72.5,72.5,18
1786719600,28.2,14.2,22.7,26.5,8.4,51.8,70,61.1,76,0.2,1011.3,1023.5,1017.4,66.9,82.9,75.3,75.3,8.2
1786723200,33.3,15,18.5,24.9,8.4,50,69.8,60.2,77.6,0.1,1010.9,1022.7,1016.9,68,86,76.9,76.9,5.3
1786726800,34.1,13.7,18.3,22.8,11.1,50,68.9,59.4,78.6,0.1,1010.7,1023,1016.7,68.9,87.1,77.9,77.9,5
1786730400,35.6,13.4,23.5,19.3,8.2,50,69.1,59.2,79.1,0.1,1010.2,1022.1,1016.2,69.1,87.8,78.5,78.5,3.6
1786734000,32.3,15.6,20.3,21.5,10.3,48.9,68,58.9,79.3,0.1,1010.2,1021.9,1016,69.1,88,78.7,78.7,4.4
1786737600,28.7,17,23,23.9,7.4,50,68,59,78.9,0.1,1010.1,1021.8,1015.8,69.1,87.1,78.3,78.3,6.1
1786741200,28.2,18.8,26.7,20,6.3,50,68,59,77.9,0.1,1010.3,1021.7,1015.8,68,86,77.4,77.4,4.3
1786744800,25.2,25.9,24,19.8,5.1,50.9,69.1,59.8,76.2,0.2,1010,1021.7,1015.8,66.9,84,75.7,75.7,8.4
1786748400,19.7,29.6,21.2,24.3,5.3,51.8,68.9,60.3,72,0.4,1010.4,1021.9,1016.1,64,79,71.7,71.7,17.1
1786752000,19,33.9,18.5,25.3,3.3,51.8,68.9,60.3,68.3,1.2,1010.8,1022,1016.5,60.1,75.9,68.3,68.3,26.1
1786755600,13.9,39,17.1,26.6,3.4,51.8,68,60,66,2.2,1011,1022.5,1016.9,57,73.9,65.9,65.9,36.8
1786759200,16.8,38.8,15.9,25.9,2.7,51.1,68,59.5,64.1,3.1,1011.4,1022.6,1017,55.4,72,64.1,64,47
1786762800,15,41,13.8,27.5,2.8,50.9,66.9,59.2,62.8,3.9,1011.1,1022.9,1017.1,53.6,71.1,62.7,62.6,45
1786766400,13,41.6,12,30.4,3,49.9,66.6,58.7,61.8,4.5,1011,1022.8,1017,52.7,70.4,61.8,61.7,46.8
1786770000,12.9,40.6,11.9,31,3.6,48.9,66.2,58.2,60.9,5.2,1011,1022.8,1017,51.8,69.8,60.8,60.7,48.5
1786773600,13.8,38.3,12.2,32.4,3.2,48.9,66.2,58.1,60.4,5.6,1010.8,1022.6,1016.8,51.1,69.8,60.4,60.3,52.1
1786777200,15,32.5,13.6,35.3,3.6,48.2,66.2,57.7,59.7,6.2,1010.7,1022.7,1016.8,50,69.1,59.6,59.5,48.3
1786780800,16.6,29.8,14.1,35.6,3.9,48,66.2,57.6,59.4,6.4,1010.8,1023,1017,50,68.9,59.3,59.1,44.6
1786784400,18.2,27.2,14.6,35.9,4.2,48.2,66,57.5,59.2,6.5,1011.1,1023,1017.1,50,68,59.1,58.9,44
1786788000,19.7,24.5,15,36.2,4.5,48.9,66,57.8,59.5,6.2,1011.1,1023.4,1017.4,50,68,59.4,59.2,41.7
1786791600,21.3,21.9,15.5,36.5,4.8,50,66.9,58.8,61.5,4.7,1011.4,1024.2,1017.9,52,69.8,61.5,61.3,35.7
1786795200,22.9,19.2,16,36.8,5.1,51.8,68,60.2,64.4,2.9,1011.4,1024.2,1017.8,55.4,73,64.4,64.3,32.1
1786798800,24.9,23.2,17,28.5,6.4,53.1,69.8,61.2,68.5,1.3,1011.6,1024,1017.7,60.1,77,68.4,68.3,30.4
1786802400,26.3,21,19.3,27.2,6.3,53.1,70,61.6,72.7,0.3,1011.5,1024.1,1017.8,64.4,80.1,72.3,72.3,19
1786806000,28.2,14.7,21.9,26.3,8.9,51.8,70,61,75.8,0.2,1011.4,1023.7,1017.5,66.2,82.9,75.1,75.1,8.3
1786809600,32.5,14.8,18.2,25.9,8.6,50,69.8,60.1,77.4,0.1,1010.9,1023.1,1017,68,86,76.7,76.7,5.5
1786813200,33.2,14.2,18,23.8,10.8,50,68,59.4,78.4,0.1,1010.6,1023,1016.7,68.9,87.1,77.8,77.8,4.5
1786816800,35.1,13.6,23.7,20.2,7.4,50,68,59.1,78.9,0.1,1010.2,1022.4,1016.3,69.1,87.8,78.3,78.3,4.1
1786820400,31.5,15.9,20,22.5,10,50,68,58.8,79.1,0.1,1010.1,1021.9,1016,69.1,87.1,78.5,78.5,4.6
1786824000,27.7,17.2,22.2,24.8,8.1,50,68,58.8,78.6,0.1,1010.1,1021.8,1015.9,69.1,86.9,78.1,78.1,6.3
1786827600,26.9,18.8,25.5,21.9,7,50,68,58.9,77.7,0.1,1010.3,1021.9,1015.9,68,86,77.2,77.2,4.2
1786831200,25.1,25.3,23.6,21.2,4.9,50.9,68.9,59.7,75.8,0.2,1010.2,1021.7,1015.8,66.9,82.9,75.4,75.4,8.4
1786834800,19.4,29.3,21.1,24.7,5.5,51.1,68,60.1,71.6,0.4,1010.6,1022,1016.2,63.9,79,71.4,71.4,17.9
1786838400,19.9,33.8,17.7,25,3.5,51.8,68,60,68,1.3,1011,1022.2,1016.6,59,75.9,68,68,26.8
1786842000,14,39.2,16.7,27,3.2,51.1,68,59.8,65.8,2.2,1011.4,1022.5,1017,57,73.9,65.7,65.7,37.1
1786845600,16.8,38.9,15.6,26.3,2.4,51.1,68,59.3,63.9,3.2,1011.4,1022.6,1017.1,55.4,72,63.9,63.9,47.4
1786849200,15.5,40.8,13.8,28,2,50,66.9,58.9,62.6,4,1011.3,1022.9,1017.2,53.6,71.1,62.6,62.5,45.4
1786852800,10.9,42.2,12.2,31.5,3.2,49.5,66.6,58.5,61.7,4.7,1011.2,1022.7,1017.1,51.8,70.1,61.7,61.5,46.3
1786856400,12.2,39.9,12.5,31.8,3.6,48.9,66.2,58,60.7,5.3,1011.1,1022.5,1017,50,69.1,60.7,60.6,47.3
1786860000,12.7,37.8,12.7,33.6,3.2,48.9,66.2,57.9,60.3,5.7,1010.9,1022.6,1016.9,50.9,69.1,60.3,60.2,51.8
1786863600,14.9,32.3,14.1,35.1,3.6,48.2,66.2,57.5,59.5,6.3,1010.8,1022.6,1016.9,48.9,68,59.5,59.3,49.5
1786867200,16.3,29.4,14.6,35.8,3.9,48,66.2,57.3,59.2,6.5,1011.1,1022.8,1017.1,48.9,68.9,59.2,59,45.6
1786870800,17.7,26.6,15.1,36.4,4.2,48,66,57.3,59.1,6.6,1011.2,1022.9,1017.2,48.9,68,59,58.9,44.1
1786874400,19,23.7,15.7,37.1,4.5,48.2,65.8,57.5,59.3,6.4,1011.3,1023.4,1017.5,50,68,59.3,59,42.1
1786878000,20.4,20.9,16.2,37.7,4.8,50,66.2,58.6,61.3,4.9,1011.7,1023.9,1018,52,69.8,61.2,61.1,35.3
1786881600,21.8,18,16.7,38.4,5.1,51.8,68,59.9,64.1,3.1,1011.6,1024.1,1017.9,55,73,64.1,64,33.1
1786885200,25.6,22.8,16.5,28.6,6.6,53.1,69.1,60.9,68.1,1.4,1011.7,1023.9,1017.8,59,75.9,68,68,29.4
1786888800,25.7,21.6,19.2,27.9,5.6,53.1,69.8,61.4,72.4,0.3,1011.8,1024,1017.8,64.4,79.9,72,72,19.2
1786892400,27.5,15.5,21.5,27.3,8.2,51.8,69.8,60.8,75.5,0.2,1011.6,1023.5,1017.5,66.2,82.9,74.8,74.8,8.8
1786896000,30.8,15.3,18.2,27.8,7.9,50,69.8,60,77.3,0.1,1011.1,1022.9,1017.1,68,84.9,76.6,76.6,6.5
1786899600,31.2,15,18.2,24.9,10.7,50,68,59.4,78.2,0.1,1010.7,1022.7,1016.8,68,87.1,77.6,77.6,4.8
1786903200,34.2,14.1,23.5,21.5,6.7,50,68,59,78.7,0.1,1010.5,1022.2,1016.4,69.1,87.1,78.1,78.1,4.6
1786906800,32,15.2,20.8,22.2,9.8,48.9,68,58.6,78.8,0.1,1010.4,1021.8,1016.1,69.1,87.1,78.2,78.2,4.6
1786910400,27.6,16.9,21.7,25.5,8.3,50,68,58.7,78.3,0.1,1010.1,1021.8,1016,68,86,77.8,77.8,5.9
1786914000,26.4,18.7,24.7,23.3,7,48.9,68,58.7,77.3,0.1,1010.4,1021.9,1016,66.9,84.9,76.9,76.9,4
1786917600,24.3,25.1,23.1,22.4,5.1,50.9,68.9,59.6,75.5,0.2,1010.3,1021.7,1015.9,66.2,82.9,75,75,9.1
1786921200,19.7,29.1,20.2,25,6,51.1,68,60,71.3,0.4,1011,1022,1016.3,63.9,78.8,71.1,71.1,18.2
1786924800,21.3,33.3,17.5,25,3,51.8,68,59.9,67.7,1.3,1011.2,1022.2,1016.7,59,75.2,67.6,67.6,27
1786928400,14.2,39.5,16.7,26.7,2.9,51.1,68,59.7,65.5,2.3,1011.6,1022.6,1017.1,57,73.9,65.4,65.4,37.7
1786932000,16.7,38.7,16,26.4,2.2,51.1,66.9,59.1,63.7,3.3,1011.5,1022.7,1017.2,55.4,72,63.7,63.6,48
1786935600,15.5,40.4,14,28.4,1.7,50,66.9,58.7,62.4,4.1,1011.5,1023,1017.3,53.6,70.9,62.4,62.4,45.7
1786939200,11.2,41.9,12,32.2,2.7,49.5,66.6,58.3,61.5,4.8,1011.4,1022.8,1017.2,51.8,70,61.5,61.5,46.5
1786942800,12.9,39.6,11.9,32.5,3,48.9,66.2,57.9,60.6,5.4,1011.2,1022.5,1017.1,50,69.1,60.6,60.5,47.3
1786946400,12.8,37.3,11.7,34.7,3.5,48.9,66.2,57.7,60.1,5.8,1010.8,1022.6,1017,50.9,69.1,60.1,60,51
1786950000,14.8,31.9,12.6,36.8,3.8,48.2,66,57.3,59.4,6.4,1010.8,1022.6,1017,50,68,59.4,59.2,48.9
1786953600,16.3,29.1,13.4,37.2,4,48,66,57.2,59.1,6.7,1011.2,1022.8,1017.2,48.9,68,59,58.8,45.5
1786957200,17.8,26.2,14.1,37.6,4.2,48,66,57.2,59,6.7,1011.3,1022.8,1017.3,48.9,68,58.9,58.7,44.4
1786960800,19.3,23.4,14.9,38.1,4.4,48.2,65.8,57.3,59.2,6.5,1011.8,1023.4,1017.6,50,68,59.1,58.9,41.2
1786964400,20.8,20.5,15.6,38.5,4.6,50,66.2,58.4,61.1,5,1011.7,1024,1018,52,69.8,61.1,60.9,34.8
1786968000,22.3,17.7,16.4,38.9,4.8,51.8,68,59.7,64,3.1,1011.8,1024,1018,55,72,64,64,32.7
1786971600,26.8,22,16.9,28.3,6.1,53.1,69.1,60.7,67.9,1.4,1011.8,1023.9,1018,59,75.9,67.8,67.8,30
1786975200,26.5,20.7,19.7,27.7,5.4,52,69.8,61.2,72.1,0.3,1011.8,1024.1,1018,64.4,79,71.8,71.8,17.8
1786978800,28,15.3,20.4,27.5,8.8,51.8,69.8,60.7,75.2,0.2,1011.6,1023.6,1017.6,66.2,82.4,74.6,74.6,7.6
1786982400,33,14.8,17.5,27.3,7.4,50,69.1,59.8,77,0.1,1011.1,1023.1,1017.2,68,84.9,76.3,76.3,5.8
1786986000,31.6,15.5,18.1,24.9,9.9,50,68,59.2,78.1,0.1,1010.7,1023,1016.9,68,86,77.4,77.4,4.8
1786989600,33.3,14.5,23.9,21.7,6.7,50,68,58.8,78.5,0.1,1010.5,1022.4,1016.5,69.1,87.1,77.9,77.9,4.8
1786993200,31.5,15.4,20.8,22.7,9.5,48.9,68,58.5,78.6,0.1,1010.6,1021.9,1016.3,69.1,87.1,78.1,78.1,4.9
1786996800,28,16.4,23.3,24.9,7.4,50,68,58.5,78.1,0.1,1010.5,1021.8,1016.1,68,86,77.6,77.6,5.4
1787000400,26,18.5,25.5,23.3,6.7,48.9,68,58.5,77.1,0.1,1010.5,1021.9,1016.2,68,84.9,76.7,76.7,4.5
1787004000,23.6,26,22.9,22.9,4.6,50.9,68.9,59.5,75.2,0.2,1010.5,1021.7,1016.1,66.2,82.9,74.8,74.8,9.4
1787007600,20.3,30,20,23.7,6,51.1,68,59.8,71,0.4,1011,1022,1016.5,63,78.1,70.8,70.8,18.1
1787011200,22.1,33.2,18.1,23.6,3,51.1,68,59.7,67.4,1.4,1011.2,1022.4,1016.9,59,75.2,67.4,67.4,27.9
1787014800,14.9,39.8,16.6,25.9,2.9,51.1,66.9,59.4,65.2,2.5,1011.7,1022.8,1017.3,56.8,73.4,65.2,65.2,38.6
1787018400,15.2,39.8,16.4,26.3,2.4,50.9,66.9,58.9,63.5,3.5,1011.7,1022.9,1017.4,55,72,63.5,63.4,46.4
1787022000,14,41.3,14,29.3,1.5,50,66.2,58.5,62.2,4.3,1011.6,1023.2,1017.5,53.6,70.9,62.2,62.2,45.3
1787025600,11.6,42.2,11.3,32.2,2.8,49.1,66.2,58.1,61.3,4.9,1011.4,1023.2,1017.4,51.8,70,61.3,61.2,46
1787029200,12.8,39.5,11.8,32.8,3.1,48.2,66.2,57.7,60.3,5.6,1011.2,1023.1,1017.3,50,69.1,60.3,60.2,46.8
1787032800,12.1,37.6,11.3,35.5,3.5,48.2,66.2,57.5,59.9,6,1011,1022.9,1017.2,50,69.1,59.9,59.8,49.5
1787036400,14.1,32,12.7,37,4.1,46.9,66,57.1,59.2,6.5,1010.8,1023,1017.2,48.9,68,59.2,59,47.6
1787040000,15.9,29.2,13.4,37.3,4.1,46.9,66,56.9,58.9,6.8,1011.1,1023.1,1017.3,48.2,68,58.8,58.6,44.8
1787043600,17.7,26.4,14.1,37.6,4.2,48,65.8,56.9,58.7,6.9,1011.3,1023.3,1017.4,48.2,68,58.7,58.5,43
1787047200,19.4,23.5,14.9,37.9,4.2,48,64.9,57.1,59,6.6,1011.8,1023.8,1017.8,50,66.9,58.9,58.7,41.1
1787050800,21.2,20.7,15.6,38.2,4.3,50,66.2,58.2,60.9,5.1,1011.7,1024.2,1018.2,51.8,69.8,60.9,60.8,34.1
1787054400,23,17.9,16.3,38.5,4.3,51.8,68,59.5,63.8,3.2,1011.8,1024.1,1018.2,55,72,63.8,63.8,32.4
1787058000,26.8,22,17,28.6,5.6,53.1,69.1,60.5,67.8,1.5,1011.7,1024.1,1018.2,59,75.2,67.7,67.7,28.8
1787061600,27.3,21,19.5,27.3,4.9,52,69.8,61,71.9,0.3,1011.8,1024.4,1018.1,64,79,71.6,71.6,18
1787065200,28.5,16.3,19.5,27.6,8,51.8,69.8,60.6,75,0.2,1011.5,1023.8,1017.8,66.2,82.4,74.4,74.4,8.4
1787068800,33.5,15,17.7,27.1,6.7,50,69.1,59.6,76.8,0.1,1011,1023.3,1017.4,68,84.2,76.1,76.1,5.6
1787072400,31.4,16.1,18.7,24.3,9.5,50,68,59,77.8,0.1,1010.7,1023.1,1017,68,86,77.3,77.3,5.1
1787076000,32.4,13.8,23.8,21.6,8.4,48.9,68,58.6,78.4,0.1,1010.5,1022.6,1016.7,68.9,87.1,77.8,77.8,5.1
1787079600,31.3,15.3,21.8,22.6,9,48.9,68,58.3,78.4,0.1,1010.6,1022.4,1016.5,69.1,86,77.9,77.9,5.1
1787083200,27.8,17.7,23.3,23.8,7.3,48.9,68,58.4,77.9,0.1,1010.5,1022,1016.3,68,86,77.5,77.5,5.3
1787086800,26.7,19.5,25.3,22.2,6.3,48.9,66.9,58.4,77,0.1,1010.6,1022,1016.4,66.9,84.9,76.6,76.6,4
1787090400,23.6,27,22.6,22.1,4.6,50,68,59.3,75,0.2,1010.7,1022.1,1016.3,66,82.4,74.7,74.7,9.6
1787094000,20.3,31.2,19.3,23.4,5.8,50,68,59.6,70.7,0.5,1011.3,1022.2,1016.7,63,78.1,70.6,70.6,17.6
1787097600,20.7,35.9,17.9,23,2.5,51.1,68,59.6,67.2,1.5,1011.6,1022.7,1017.1,59,74.8,67.2,67.2,28.6
1787101200,14.4,41.7,16.8,24.9,2.2,51.1,66.9,59.3,65,2.6,1012.1,1022.9,1017.5,56.8,73.4,65,65,39.6
1787104800,14.5,40.3,16.7,26.1,2.4,50,66.9,58.7,63.2,3.7,1011.7,1023,1017.6,54.9,71.6,63.1,63.1,46.2
1787108400,13.5,42.9,13.5,28.1,2,50,66.2,58.4,62,4.4,1011.9,1023.2,1017.7,53.1,70,61.9,61.9,44.8
1787112000,10.8,43.6,11.1,32,2.5,49,66.1,58,61,5.1,1011.6,1023.2,1017.6,51.5,69.5,61,61,45.8
1787115600,12,41.3,11.2,32.1,3.3,48,66,57.5,60.1,5.8,1011.4,1023.2,1017.5,50,69.1,60.1,60,46.8
1787119200,12,39.2,10.9,33.9,4,47.8,66,57.3,59.6,6.2,1011.2,1023,1017.5,50,68,59.6,59.5,49.1
1787122800,13.8,34.3,12.4,35.6,3.9,46.9,64.9,56.8,58.9,6.8,1011,1023,1017.4,48.2,68,58.9,58.7,49.2
1787126400,15.5,30.9,13.3,36.2,4.2,46.9,64.9,56.7,58.6,7,1011.3,1023.1,1017.5,48,68,58.6,58.4,45.9
1787130000,17.1,27.5,14.2,36.7,4.4,46.9,64.9,56.6,58.4,7.1,1011.8,1023.4,1017.7,48.2,66.9,58.4,58.1,44.8
1787133600,18.8,24.2,15.1,37.3,4.7,46.9,64.9,56.8,58.6,7,1011.9,1023.8,1018.1,48.9,66.9,58.5,58.3,40.4
1787137200,20.4,20.8,16,37.8,4.9,48.9,66.2,58,60.6,5.4,1012.1,1024.3,1018.4,51.8,69.1,60.6,60.4,34.1
1787140800,22.1,17.4,16.9,38.4,5.2,51.1,68,59.4,63.5,3.4,1011.8,1024.2,1018.4,54,72,63.5,63.5,31.2
1787144400,26.6,22.3,17.5,27.3,6.3,52,68.9,60.4,67.5,1.6,1011.9,1024.5,1018.4,59,75.2,67.4,67.4,29.1
1787148000,26.3,22.7,19,26.8,5.1,52,69.1,60.9,71.8,0.3,1012.1,1024.6,1018.3,64.4,79,71.5,71.5,18.2
1787151600,29.6,17.1,19.6,25.9,7.8,51.1,69.8,60.5,74.9,0.2,1011.8,1024,1018,66.2,82,74.4,74.4,9.1
1787155200,33.6,15.6,18.5,25.7,6.7,50,68.9,59.5,76.7,0.1,1011.2,1023.5,1017.6,68,84.2,76.1,76.1,5.1
1787158800,32.3,16.1,19.6,23.5,8.6,50,68,58.9,77.9,0.1,1010.9,1023.2,1017.2,68,86,77.4,77.4,4.6
1787162400,32,13.5,24.1,21.7,8.6,48.9,68,58.6,78.5,0.1,1010.7,1023,1016.9,69.1,87.1,78,78,5.3
1787166000,29.7,15.2,22.2,23.2,9.7,48.9,68,58.2,78.5,0.1,1010.8,1022.4,1016.6,69.1,86,78,78,5.1
1787169600,27.7,17.5,23.9,23.6,7.3,48.9,68,58.3,78,0.1,1010.6,1022.1,1016.4,68,86,77.6,77.6,6.1
1787173200,27.5,19.1,24.2,22.7,6.5,48.9,66.9,58.3,76.9,0.1,1010.7,1022,1016.5,66.9,84.9,76.5,76.5,4
1787176800,22.4,27.3,22.1,22.9,5.4,50.9,68,59.4,75,0.2,1010.7,1022.1,1016.4,66,82.4,74.6,74.6,9.9
1787180400,20.5,30.7,19.6,24.4,4.8,50,68,59.7,70.7,0.5,1011.3,1022.2,1016.8,63,78.1,70.5,70.5,17.6
1787184000,19.7,35.6,17.9,24.2,2.5,51.1,68,59.6,67.2,1.5,1011.6,1022.9,1017.2,59,74.8,67.1,67.1,29.6
1787187600,14.7,40.8,16.9,25.2,2.4,51.1,66.9,59.3,65,2.6,1012.1,1022.9,1017.6,56.8,73,65,65,39.3
1787191200,15,41.1,16.2,25.6,2.2,50,66.2,58.7,63.1,3.7,1011.7,1023,1017.6,54.9,71.6,63.1,63.1,46.2
1787194800,12.8,43.2,14.6,27.4,2,50,66.2,58.4,62,4.4,1011.7,1023.2,1017.8,53.1,70.9,62,62,44.5
1787198400,10.8,43.6,11.3,31.7,2.5,49,66.1,57.9,61,5.1,1011.5,1023.2,1017.6,51.5,70,61,61,46
1787202000,11.7,40.7,12.2,31.8,3.6,48,66,57.4,60.1,5.8,1011.4,1023.2,1017.5,50,69.1,60.1,60,47.5
1787205600,12.2,39.3,11.1,34.2,3.2,47.8,66,57.2,59.6,6.3,1011.2,1023,1017.5,50,68,59.6,59.5,49.3
1787209200,13.9,35,12.8,34.7,3.6,46.9,64.9,56.7,58.9,6.8,1011,1023,1017.4,48.2,68,58.9,58.6,49.9
1787212800,15.6,31.5,13.6,35.5,3.9,46.9,64.9,56.7,58.6,7,1011.3,1023.2,1017.5,48.2,68,58.6,58.5,46.8
1787216400,17.2,28,14.4,36.2,4.1,46.9,64.9,56.6,58.4,7.2,1011.8,1023.4,1017.7,48.2,66.9,58.4,58.1,45.3
1787220000,18.9,24.6,15.2,37,4.4,46.9,64.9,56.8,58.5,7,1011.9,1023.8,1018,48.9,66.9,58.5,58.3,42
1787223600,20.5,21.1,16,37.7,4.6,48.9,66.2,57.9,60.5,5.4,1012.2,1024.3,1018.5,51.8,69.1,60.5,60.4,35.6
1787227200,22.2,17.6,16.8,38.5,4.9,51.1,66.9,59.3,63.4,3.4,1012,1024.3,1018.4,54,71.6,63.4,63.4,31.2
1787230800,25.9,22.4,17.6,27.7,6.3,52,68.9,60.4,67.5,1.6,1012.1,1024.5,1018.3,59,75.2,67.3,67.3,30.2
1787234400,26.5,23.3,18.9,26.7,4.6,52,69.1,60.9,71.8,0.3,1012.2,1024.5,1018.3,64.4,79,71.6,71.6,18.2
1787238000,29.1,18,18.5,26.6,7.9,51.1,69.8,60.6,75,0.2,1012,1023.8,1017.9,66.9,82,74.5,74.5,9.6
1787241600,34.8,15.6,19,24.7,5.9,50,68.9,59.5,76.8,0.1,1011.7,1023.4,1017.5,68,84.2,76.2,76.2,5.8
1787245200,31.3,16.4,19.8,24.4,8.1,50,68,59,78.1,0.1,1010.9,1023.2,1017.1,68.9,86,77.5,77.5,4.6
1787248800,31.6,13.7,24.5,21.6,8.6,48.9,68,58.6,78.6,0.1,1010.7,1023,1016.8,69.8,87.1,78,78,5.6
1787252400,30,14.7,22.5,23.7,9.2,48.9,68,58.2,78.6,0.1,1010.7,1022.4,1016.5,69.1,86,78.1,78.1,5
1787256000,28.2,17.3,23.7,23.7,7.1,48.9,68,58.4,78.1,0.1,1010.6,1022.1,1016.4,68,86,77.6,77.6,5.6
1787259600,28,19.6,23.7,22.5,6.3,48.9,66.9,58.4,77,0.1,1010.7,1022,1016.4,68,84.9,76.6,76.6,3.8
1787263200,22,27.6,21.8,23.5,5.1,50.9,68,59.4,75,0.2,1010.7,1022.1,1016.3,66.2,82.4,74.6,74.6,9.4
1787266800,21,30.6,18.8,25.1,4.6,50,68,59.6,70.7,0.5,1011.3,1022.2,1016.7,63,78.1,70.5,70.5,16.9
1787270400,17.8,36.5,18.3,25.1,2.3,51.1,68,59.5,67.1,1.5,1011.6,1022.9,1017.2,59,73.9,67.1,67.1,29.9
1787274000,14.1,41.7,16.1,25.6,2.4,51.1,66.9,59.3,65,2.5,1012.1,1022.9,1017.5,57,73,65,65,40.5
1787277600,14.5,40.9,16.9,25.4,2.2,50,66.2,58.7,63.1,3.6,1011.7,1023,1017.6,55,71.6,63.1,63.1,45.7
1787281200,12.1,42.9,15.9,27.3,1.8,50,66.2,58.3,62,4.4,1012,1023.2,1017.7,53.1,70,62,62,44.5
1787284800,11.2,44.3,10.4,31.8,2.3,49,66.1,57.8,61,5.1,1011.7,1023.2,1017.6,51.5,69.5,61,61,46
1787288400,12.1,41,11.3,32.3,3.3,48,66,57.4,60.1,5.8,1011.4,1023.2,1017.5,50,69.1,60.1,60,47.6
1787292000,13.1,39.9,9.9,34.3,2.7,47.8,66,57.1,59.5,6.3,1011.2,1023,1017.4,50,68,59.5,59.5,47.9
1787295600,15.2,33.7,12.4,35.1,3.6,46.9,64.9,56.7,58.9,6.8,1011,1023.1,1017.3,48.2,68,58.9,58.7,49.9
1787299200,16.6,30.6,13.4,35.8,3.7,47.8,64.9,56.7,58.7,6.9,1011.3,1023.2,1017.4,48.9,68,58.7,58.6,45.8
1787302800,18,27.4,14.3,36.5,3.8,46.9,64.9,56.6,58.4,7.1,1011.6,1023.4,1017.6,48.2,66.9,58.4,58.2,44.7
1787306400,19.3,24.3,15.3,37.1,3.9,46.9,64.4,56.6,58.6,6.9,1011.9,1023.8,1018,48.9,66.9,58.6,58.4,43
1787310000,20.7,21.1,16.2,37.8,4,48.9,66,57.8,60.5,5.4,1012.2,1024.4,1018.4,51.8,69.1,60.5,60.4,34.3
1787313600,22.1,18,17.2,38.5,4.1,50,66.9,59.2,63.4,3.4,1012,1024.3,1018.3,55,71.6,63.4,63.4,30.8
1787317200,27.1,22.6,16.3,27.9,6,52,68,60.2,67.3,1.6,1011.9,1024.5,1018.3,59,75,67.2,67.2,30.2
1787320800,27.1,23,17.9,27.6,4.4,52,69.1,60.8,71.7,0.4,1012.2,1024.5,1018.2,64,79,71.4,71.4,19
1787324400,29.7,17.7,17.7,27.3,7.6,51.1,69.1,60.5,74.8,0.2,1011.9,1024,1017.9,66.2,82,74.3,74.3,10.8
1787328000,35.4,16.1,17.8,25,5.7,50,68.9,59.5,76.7,0.1,1011.4,1023.8,1017.5,68,84,76,76,5.6
1787331600,32.4,16.7,18.4,24.6,7.9,50,68,59,77.9,0.1,1010.8,1023.2,1017.1,68,86,77.3,77.3,5.4
1787335200,31.9,14.3,23.6,21.4,8.8,48.9,68,58.6,78.5,0.1,1010.7,1023,1016.8,69.1,86.9,77.9,77.9,6.3
1787338800,30,14.8,22,24,9.2,48.9,68,58.2,78.4,0.1,1010.7,1022.4,1016.5,69.1,86,77.9,77.9,5.3
1787342400,28.1,16.9,23.1,24,7.9,48.9,68,58.3,77.9,0.1,1010.5,1022.1,1016.3,68,86,77.4,77.4,5.4
1787346000,26.6,18.8,23.4,24.4,6.8,48.9,66.9,58.4,76.7,0.1,1010.6,1022.1,1016.3,66.9,84.9,76.4,76.4,4.2
1787349600,22.2,26.9,22,23.7,5.1,50.9,68,59.3,74.8,0.2,1010.7,1022.2,1016.3,66,82.4,74.4,74.4,9.7
1787353200,20.6,30.3,18.4,25.9,4.8,50,68,59.5,70.5,0.5,1011.3,1022.3,1016.7,63,77.9,70.4,70.4,17.6
1787356800,15.8,36,18.6,27,2.6,51.1,66.9,59.4,67,1.6,1011.6,1022.9,1017.1,59,73.9,67,67,29.6
1787360400,13.2,41.7,15.4,27.6,2.2,51.1,66.9,59.2,64.9,2.5,1012.1,1023.2,1017.5,57,72.9,64.9,64.9,40
1787364000,14.5,40.4,16.7,25.9,2.4,50,66.2,58.6,63.1,3.6,1011.7,1023.2,1017.5,54.9,71.6,63.1,63.1,45.5
1787367600,12.1,42.4,16.4,27.3,1.8,50,66.2,58.2,62,4.4,1011.5,1023.2,1017.6,53.1,70,62,61.9,44.9
1787371200,10.9,43.5,10.9,32.1,2.5,49,66,57.7,61,5.1,1011.4,1023.3,1017.5,51.5,69,61,61,46
1787374800,11.5,40.7,11,33.5,3.3,48,65.8,57.2,60.1,5.8,1011.2,1023.4,1017.4,50,68,60.1,60,47.2
1787378400,12.4,39,9.9,35.8,3,46.9,64.9,57,59.5,6.3,1011.1,1023.2,1017.4,50,68,59.5,59.4,46.7
1787382000,14.4,32.5,13.6,35.8,3.6,46.9,64.9,56.6,58.9,6.7,1010.9,1023.5,1017.2,48.2,68,58.9,58.7,49.9
1787385600,15.7,29.5,14.4,36.5,3.9,46.9,64.9,56.6,58.7,6.9,1011.2,1023.5,1017.4,48.9,68,58.7,58.5,45.8
1787389200,16.9,26.5,15.2,37.2,4.1,46.9,64.4,56.4,58.4,7.1,1011.4,1023.7,1017.6,48.2,66.2,58.4,58.1,43.7
1787392800,18.2,23.4,16.1,37.8,4.4,46.9,64.4,56.5,58.5,6.9,1011.8,1024,1017.9,48.9,66.2,58.5,58.2,42.8
1787396400,19.4,20.4,16.9,38.5,4.6,48.9,66,57.6,60.4,5.4,1012,1024.7,1018.4,51.8,68,60.4,60.3,33.1
1787400000,20.7,17.4,17.7,39.2,4.9,50,66.9,59,63.2,3.5,1011.8,1024.4,1018.3,55,71.6,63.2,63.2,30
1787403600,26.3,22.8,16.3,29,5.8,51.8,68,60,67.1,1.7,1011.8,1024.5,1018.2,59,75,67,67,29.2
1787407200,25.7,23.3,17.5,29.4,4.1,51.8,68.9,60.6,71.3,0.4,1011.9,1024.6,1018.2,63,78.8,71.1,71.1,18.4
1787410800,29.1,17.1,18.3,27.9,7.6,50,69.1,60.3,74.5,0.2,1011.9,1024,1017.9,66,82,74,74,10.6
1787414400,35.7,15.5,18.2,25.1,5.4,48.9,68,59.3,76.4,0.2,1011.2,1023.8,1017.4,66.9,84,75.7,75.7,5.5
1787418000,33.7,16.1,18.6,24.5,7.2,48.9,68,58.8,77.7,0.1,1010.7,1023.3,1017,68,86,77.1,77.1,5.4
1787421600,32.5,13.9,22.2,22,9.3,48.9,68,58.4,78.1,0.1,1010.7,1023,1016.8,68,86,77.6,77.6,6
1787425200,31.6,15,21.3,23.9,8.2,48.2,66.9,58.1,78.1,0.2,1010.7,1022.4,1016.5,68,86,77.7,77.7,5
1787428800,28.5,16.6,23,24.5,7.4,48.9,68,58.2,77.6,0.2,1010.5,1022.1,1016.3,66.9,86,77.2,77.2,4.7
1787432400,26.2,18.3,24.3,24.3,7,48.2,66.9,58.3,76.5,0.1,1010.5,1022.2,1016.3,66.9,84.2,76.2,76.2,3.8
1787436000,20.5,26.8,23.2,24.6,4.9,50,68,59.2,74.5,0.2,1010.7,1022.2,1016.3,66,82.4,74.1,74.1,9.4
1787439600,18.6,30.9,18.8,26.6,5.1,50,68,59.4,70.2,0.6,1011.1,1022.5,1016.7,62.6,77.9,70.1,70.1,17.4
1787443200,14.8,36.1,19.1,27.2,2.8,51.1,66.9,59.3,66.7,1.7,1011.6,1022.9,1017.2,59,73.9,66.7,66.7,30.1
1787446800,13.6,41.8,15.3,27,2.2,51.1,66.9,59,64.7,2.7,1011.8,1023.3,1017.5,55.9,72,64.7,64.7,40.3
1787450400,14.8,40.2,16.2,26.2,2.7,50,66.2,58.4,62.9,3.7,1011.6,1023.2,1017.5,54,71.1,62.9,62.9,44.8
1787454000,10.6,43.1,16.9,27.5,2,50,66.2,58.1,61.8,4.5,1011.5,1023.2,1017.7,53.1,70,61.8,61.7,44.9
1787457600,11.2,42.6,11.2,32.2,2.8,49,65.6,57.7,60.8,5.2,1011.4,1023.3,1017.6,51.5,69,60.8,60.8,46.4
1787461200,11.4,41.1,10.7,35,1.8,48,64.9,57.2,59.9,5.9,1011.2,1023.4,1017.5,50,68,59.9,59.8,47.9
1787464800,12.9,38,9.4,36.9,2.7,46.9,64.9,56.9,59.3,6.4,1011.1,1023.5,1017.4,48.9,68,59.3,59.2,47.5
1787468400,14.1,33.2,12.7,36.6,3.3,46.9,64.9,56.4,58.8,6.8,1010.9,1023.5,1017.2,48.2,68,58.8,58.6,49.3
1787472000,15.6,30.3,13.4,37,3.7,46.9,64.9,56.4,58.6,7,1011.2,1023.7,1017.4,48.2,66.9,58.6,58.4,44.7
1787475600,17.1,27.3,14.1,37.4,4.1,46.4,64.4,56.2,58.2,7.3,1011.6,1023.9,1017.6,48,66.2,58.2,57.9,42.7
1787479200,18.5,24.4,14.9,37.8,4.4,46.9,64.4,56.3,58.3,7.1,1011.8,1024.1,1017.9,48.2,66.2,58.3,58.1,44.2
1787482800,20,21.4,15.6,38.2,4.8,48.9,66,57.5,60.3,5.5,1012,1024.9,1018.4,51.1,68,60.3,60.2,33.2
1787486400,21.5,18.5,16.3,38.6,5.2,50,66.9,58.8,63.1,3.6,1011.8,1024.7,1018.3,54,71.6,63.1,63.1,28.4
1787490000,26.3,23.1,16.3,29.8,4.5,51.1,68,59.7,66.8,1.8,1011.8,1024.7,1018.3,57.9,73.9,66.8,66.8,27.4
1787493600,26.9,23.3,16.7,28.9,4.1,51.8,68.9,60.5,71.2,0.4,1011.8,1024.9,1018.3,63,78.8,71,71,18.4
1787497200,28.6,16.8,18.5,28.4,7.7,50,69.1,60.1,74.2,0.2,1011.8,1024.4,1017.9,66,82,73.7,73.7,11.1
1787500800,36.1,15.2,18.4,24.6,5.7,48.2,68,59.1,76.1,0.2,1011.2,1023.9,1017.5,66.2,84,75.5,75.5,5.3
1787504400,33.3,16.5,18.5,24.4,7.2,48.9,68,58.7,77.5,0.1,1010.8,1023.4,1017.1,68,86,76.9,76.9,4.6
1787508000,32.1,13.7,21.8,23,9.3,48.9,68,58.3,77.8,0.1,1010.6,1023.1,1016.9,68,86,77.3,77.3,5.5
1787511600,32.6,14.7,21,23.7,8,48,66.9,58,77.9,0.2,1010.6,1022.5,1016.5,68,86.9,77.4,77.4,4.8
1787515200,29.5,16.4,23,24,7.1,48.2,68,58.1,77.3,0.2,1010.5,1022.3,1016.4,66.9,86,76.9,76.9,5
1787518800,24.7,18.5,24.5,25.2,7.2,48,66.9,58.1,76.3,0.1,1010.5,1022.3,1016.4,66.9,84.2,75.9,75.9,4
1787522400,19.6,27.7,23,25,4.7,50,68,59,74.1,0.3,1010.7,1022.3,1016.4,64.9,82,73.8,73.8,9.2
1787526000,17.8,31.6,18.2,27.5,4.9,50,66.9,59.2,69.9,0.7,1011.1,1022.6,1016.8,62.1,77,69.7,69.7,18.2
1787529600,14.2,36.1,18.8,28.2,2.5,51.1,66.9,59.1,66.5,1.8,1011.6,1023,1017.3,57.9,73.4,66.4,66.4,30.4
1787533200,13.6,41.8,15.1,27.5,1.9,50,66.9,58.8,64.4,2.9,1011.8,1023.4,1017.6,55.9,72,64.4,64.4,40
1787536800,15,40.3,15.7,26.6,2.4,50,66.2,58.2,62.6,4,1011.6,1023.3,1017.6,54,70.9,62.6,62.6,44.7
1787540400,10.6,43.6,16.1,27.7,2,48.9,66,57.9,61.6,4.7,1011.5,1023.6,1017.7,52.9,70,61.5,61.5,44.3
1787544000,11.1,42.5,11.4,32.2,2.8,47.9,65.5,57.4,60.7,5.4,1011.3,1023.6,1017.7,51.5,69,60.6,60.5,45.6
1787547600,11.3,40.2,10.8,36.2,1.5,46.9,64.9,56.9,59.8,6.1,1011.1,1023.6,1017.6,50,68,59.7,59.6,46.9
1787551200,12.5,36.8,10.1,37.9,2.7,46.9,64.9,56.6,59.1,6.6,1011,1023.6,1017.5,48.9,68,59.1,59,46.9
1787554800,14.1,32.3,13.3,37.3,3,46.9,64.9,56.2,58.6,7,1010.9,1023.5,1017.3,48.2,68,58.6,58.4,48.8
1787558400,15.5,29.5,13.9,37.5,3.5,46.4,64.9,56.1,58.3,7.3,1011.2,1023.7,1017.5,48,66.9,58.3,58.1,45.1
1787562000,16.9,26.7,14.6,37.8,4,46.4,64.4,56,58,7.5,1011.6,1024,1017.7,48,66.2,58,57.6,43.8
1787565600,18.3,24,15.2,38,4.4,46.9,64.4,56.1,58.2,7.3,1011.7,1024.4,1018,48.2,66.2,58.2,57.9,43.9
1787569200,19.7,21.2,15.9,38.3,4.9,48.9,66,57.2,60,5.8,1012,1024.9,1018.5,51.1,68,60,59.8,32.6
1787572800,21.1,18.4,16.5,38.5,5.4,50,66.9,58.5,62.8,3.8,1011.8,1024.9,1018.4,53.6,71.1,62.8,62.7,27.8
1787576400,26.6,22.4,15.7,30.6,4.7,51.1,68,59.5,66.5,1.9,1011.8,1025.1,1018.4,57.9,73.9,66.5,66.5,28.2
1787580000,27.9,22.7,15.9,28.9,4.6,51.8,68.9,60.2,70.8,0.5,1011.8,1025.1,1018.4,62.6,78.1,70.6,70.6,18.5
1787583600,28.2,17.6,18.3,28.7,7.2,50,68.9,59.7,73.9,0.3,1011.8,1024.5,1018,64.9,81,73.4,73.4,12.1
1787587200,34.2,14.3,20.4,24.8,6.4,48,68,58.8,75.8,0.2,1011.2,1024,1017.6,66.2,83.8,75.2,75.2,6.3
1787590800,31.6,16.3,20.2,24.7,7.2,48.2,68,58.4,77.2,0.1,1010.8,1023.9,1017.2,68,84.9,76.6,76.6,4.6
1787594400,31.3,13.9,22.2,23.7,8.8,48.2,66.9,58,77.5,0.1,1010.7,1023.4,1017,68,86,77.1,77.1,5.8
1787598000,31.2,14.8,22,24.5,7.5,47.8,66.9,57.6,77.5,0.2,1010.6,1023,1016.7,68,86,77.1,77.1,5.5
1787601600,27.6,17.3,23.8,24.9,6.4,48,66.9,57.7,77,0.2,1010.5,1022.7,1016.5,66.9,86,76.6,76.6,5
1787605200,23.4,19.3,25.3,24.8,7.2,48,66.9,57.9,75.9,0.2,1010.5,1022.6,1016.5,66.2,84,75.6,75.6,4.2
1787608800,18.6,29.2,22.1,26,4.2,48.9,68,58.8,73.6,0.3,1010.7,1022.7,1016.6,64.9,81,73.3,73.3,9.7
1787612400,16.1,31.8,18.8,28.1,5.1,50,66.9,58.9,69.4,0.8,1011.1,1023,1017,61.9,77,69.3,69.3,19.7
1787616000,14.2,37.2,17.8,27.7,3.1,50,66.9,58.7,66,2,1011.6,1023.3,1017.5,57.9,73.4,66,66,31.6
1787619600,12.9,42.5,15.3,26.7,2.7,50,66.2,58.5,64,3.1,1011.8,1023.8,1017.7,55.4,71.6,63.9,63.9,41.1
1787623200,13.9,41.6,15.6,26.2,2.6,48.9,66.2,57.8,62.2,4.2,1011.5,1023.8,1017.8,53.1,70,62.2,62.2,44.6
1787626800,10.3,44.8,15.8,27.3,2,48.2,66,57.6,61.2,5.1,1011.4,1024.2,1017.9,52,70,61.1,61.1,44.3
1787630400,10.6,42.5,11.3,32.2,3.5,47.5,65.5,57.1,60.3,5.8,1011.3,1024.1,1017.8,50.5,69,60.2,60.1,45.5
1787634000,10.8,40.1,11,36.1,2,46.9,64.9,56.6,59.4,6.5,1011.1,1024,1017.8,48.9,68,59.3,59.1,46.7
1787637600,12.6,36.1,11.3,37.4,2.6,46.4,64.9,56.2,58.7,7,1010.8,1024.1,1017.7,48.2,68,58.7,58.5,47.2
1787641200,13.7,32.9,12.1,38.1,3.3,46.4,64.4,55.9,58.3,7.3,1010.7,1023.8,1017.5,48,68,58.3,58,49.2
1787644800,15.1,30,12.9,38.3,3.8,46,64.9,55.8,57.9,7.6,1011.1,1024.3,1017.7,48,66.9,57.9,57.7,45.3
1787648400,16.5,27.1,13.8,38.5,4.3,46,64.4,55.6,57.6,7.9,1011.3,1024.6,1017.9,48,66.2,57.6,57.2,43.1
1787652000,17.9,24.1,14.6,38.6,4.7,46.4,64,55.7,57.7,7.7,1011.6,1024.8,1018.2,48,66.2,57.7,57.4,43.8
1787655600,19.3,21.2,15.5,38.8,5.2,48,64.9,56.8,59.5,6.2,1011.8,1025.3,1018.7,50,68,59.5,59.3,32.4
1787659200,20.7,18.3,16.3,39,5.7,48.9,66,58.1,62.3,4.1,1011.8,1025.4,1018.7,53.1,71.1,62.3,62.3,27.3
1787662800,26.4,21.9,15.5,30.5,5.7,50.9,68,59.1,66.1,2.1,1011.8,1025.3,1018.7,57.2,73.9,66.1,66.1,28.3
1787666400,28.4,23.1,15.2,28.4,4.8,51.1,68,59.8,70.4,0.6,1011.8,1025.4,1018.6,62.1,78.1,70.2,70.2,18.1
1787670000,29,17.9,17.9,28.3,6.9,50,68.9,59.4,73.5,0.3,1011.6,1025,1018.2,64.9,80.6,73.1,73.1,12.3
1787673600,34.4,14.6,20.2,24.4,6.3,48,68,58.4,75.4,0.2,1011.4,1024.6,1017.9,66,82.9,74.9,74.9,6
1787677200,31.5,16,20.4,25.4,6.7,48.2,66.9,58,76.8,0.2,1010.9,1024.2,1017.5,66.9,84.2,76.2,76.2,4.6
1787680800,32.1,14.4,21.9,23.6,8,48,66.9,57.6,77.2,0.2,1010.8,1023.8,1017.3,68,86,76.7,76.7,5.5
1787684400,32.3,15.2,21,23.6,8,47.8,66.9,57.3,77.2,0.2,1010.7,1023.2,1016.9,66.9,84.9,76.7,76.7,5.5
1787688000,28.3,17.1,24.5,24.7,5.5,48,66.9,57.4,76.6,0.2,1010.5,1023,1016.7,66.2,84.9,76.2,76.2,5
1787691600,23.9,19.5,24.6,24.8,7.2,47.8,66.9,57.6,75.5,0.2,1010.6,1022.8,1016.7,66.2,82.9,75.2,75.2,4.2
1787695200,17.8,29.3,22.5,26.2,4.2,48.9,68,58.5,73.2,0.3,1010.8,1023,1016.8,64.4,81,72.9,72.9,9.2
1787698800,15.8,32.3,19.9,27.4,4.6,48.9,66.9,58.6,68.9,0.9,1011.1,1023.3,1017.2,61,75.9,68.8,68.8,19.9
1787702400,12.9,38.8,18.5,27.4,2.3,50,66.9,58.4,65.6,2.2,1011.6,1023.8,1017.8,57.2,73,65.6,65.6,32.5
1787706000,11.9,42.2,15.8,27.2,2.9,48.9,66.2,58.1,63.6,3.3,1012,1024.2,1017.9,55,71.6,63.5,63.5,42.8
1787709600,12.7,42.6,15.8,26.3,2.6,48.9,66.2,57.5,61.8,4.5,1011.5,1024.2,1018,53.1,70,61.8,61.8,45.6
1787713200,10,44.9,16,27.2,2,48,66,57.2,60.8,5.4,1011.4,1024.4,1018.1,52,69.8,60.7,60.7,45.9
1787716800,10.3,42,12.3,31.7,3.8,47.2,65.5,56.8,59.9,6.1,1011.1,1024.3,1018,50.5,68.9,59.8,59.8,46.5
1787720400,10.3,39.7,10.8,36.7,2.5,46.4,64.9,56.3,59,6.8,1010.9,1024.3,1018,48.9,68,58.9,58.8,47.2
1787724000,13.3,33.5,11.7,38.8,2.7,46.4,64.9,56,58.4,7.2,1010.7,1024.5,1018,48.2,68,58.4,58.3,47.3
1787727600,14,31.4,12,39.8,2.8,46.4,64.4,55.7,58,7.5,1010.7,1024.2,1017.7,48,66.9,58,57.8,49.5
1787731200,15.2,28.5,12.8,40.1,3.4,46,64.9,55.6,57.6,7.9,1011.1,1024.6,1017.9,48,66.9,57.6,57.4,45.5
1787734800,16.4,25.5,13.6,40.4,4,46,64.4,55.4,57.3,8.1,1011.3,1024.8,1018.2,47.8,66.2,57.3,57,42.4
1787738400,17.6,22.6,14.5,40.8,4.6,46.4,64,55.5,57.4,8,1011.6,1025,1018.4,48,66.2,57.4,57.1,42.8
1787742000,18.8,19.6,15.3,41.1,5.2,48,64.9,56.6,59.2,6.5,1011.8,1025.6,1018.9,50,68,59.2,59,32.9
1787745600,20,16.7,16.1,41.4,5.8,48.9,66,57.8,61.9,4.5,1011.8,1025.9,1018.9,52,70,61.8,61.8,27.6
1787749200,26.6,21.2,15,31.3,5.9,50,66.9,58.8,65.7,2.3,1012,1025.6,1018.9,56.8,73.4,65.7,65.7,28.4
1787752800,26.8,23.7,15.5,29.2,4.8,50.9,68,59.6,70,0.8,1011.7,1025.7,1018.8,61,77.9,69.9,69.9,19.1
1787756400,28,18.5,18.3,28.8,6.3,48.9,68.9,59.2,73.2,0.4,1011.8,1025.1,1018.4,64,80.6,72.8,72.8,12.5
1787760000,33.8,15.8,19,25.1,6.3,48,68,58.2,75.2,0.3,1011.4,1024.7,1018.1,64.9,82.9,74.7,74.7,6.5
1787763600,31.5,16.4,19.8,25.4,6.8,48,66.9,57.8,76.5,0.2,1010.8,1024.4,1017.6,66.9,84.2,76,76,4.6
1787767200,31.6,15.1,20.9,24.3,8,48,66.9,57.4,77,0.2,1010.8,1024,1017.4,66.9,86,76.6,76.6,5.8
1787770800,31.1,16.1,21,24.1,7.7,46.9,66.9,57.1,77,0.2,1010.7,1023.2,1017,66.9,84.9,76.6,76.6,5.3
1787774400,27.1,17.6,25.2,25,5,46.9,66.9,57.2,76.4,0.2,1010.5,1023.1,1016.8,66.2,84.9,76.1,76.1,5.4
1787778000,23.4,21.2,23.1,25.5,6.7,46.9,66.9,57.3,75.4,0.2,1010.6,1022.9,1016.8,66,82.9,75,75,4.5
1787781600,17.4,29.9,22.3,26.5,3.9,48.9,68,58.3,73,0.4,1010.8,1023.2,1017,64.4,80.6,72.7,72.7,9.7
1787785200,15.9,32.5,20.2,27,4.3,48.9,66.9,58.4,68.6,1.1,1011.1,1023.4,1017.3,60.8,75.9,68.5,68.5,19.8
1787788800,12.6,39.3,17.6,28.2,2.3,50,66.9,58.2,65.4,2.3,1011.6,1024.1,1017.9,57,73,65.4,65.4,31.8
1787792400,11.4,43,15.2,28,2.4,48.9,66.2,57.9,63.3,3.5,1011.8,1024.3,1018,54,71.1,63.3,63.3,42.4
1787796000,12.1,43.2,15,27.1,2.6,48.2,66,57.3,61.6,4.7,1011.4,1024.6,1018.1,52,70,61.6,61.6,45.8
1787799600,10.1,46,14.4,28,1.5,46.9,66,57.1,60.5,5.6,1011.3,1024.8,1018.2,51.1,69.8,60.5,60.5,46.9
1787803200,9.8,42.5,10.8,33.2,3.8,46.6,65.5,56.7,59.6,6.3,1011.1,1024.5,1018.2,49.7,68.9,59.6,59.5,46.6
1787806800,10.4,39.9,9.7,37.4,2.5,46.4,64.9,56.2,58.8,7,1010.9,1024.3,1018.1,48.2,68,58.7,58.6,46.4
1787810400,13.5,34.2,11.7,38.5,2.1,46,64.9,55.8,58.2,7.4,1010.6,1024.5,1018,48,68,58.2,58.1,47.8
1787814000,13.9,32,10.9,40.7,2.5,46.4,64.9,55.6,57.8,7.7,1010.5,1024.3,1017.8,48,66.9,57.8,57.6,49.2
1787817600,15,29,11.8,41,3.2,46,64.9,55.4,57.4,8.1,1011.1,1024.6,1018,47.8,66.9,57.4,57.2,45.2
1787821200,16.1,26,12.7,41.3,3.9,46,64.4,55.2,57.1,8.4,1011.1,1024.9,1018.3,46.4,66.2,57.1,56.8,41.5
1787824800,17.1,23,13.6,41.6,4.7,46,64,55.2,57.2,8.2,1011.6,1025.3,1018.5,47.8,66.2,57.2,56.8,42.1
1787828400,18.2,20,14.5,41.9,5.4,48,64.9,56.4,58.9,6.7,1011.7,1025.6,1019,48.9,66.9,58.9,58.7,34.4
1787832000,19.3,17,15.4,42.2,6.1,48.9,66,57.7,61.7,4.7,1011.8,1025.9,1019,52,70,61.6,61.6,28
1787835600,26.2,22.3,13.6,31.7,6.2,50,66.9,58.7,65.5,2.5,1011.8,1026.1,1019,55.9,73.4,65.4,65.4,29.4
1787839200,27.4,25.2,14.2,28.6,4.6,50.9,68,59.4,69.9,0.8,1011.7,1025.9,1018.8,61,77.9,69.7,69.7,20
1787842800,27.9,20.1,17.7,27.9,6.3,48.9,68.9,59.1,73.2,0.4,1011.6,1025.4,1018.5,64,81,72.7,72.7,14.1
1787846400,32.7,16.9,18.9,24.9,6.5,48,68,58.2,75.2,0.3,1011.2,1024.9,1018.1,64.9,82.9,74.7,74.7,6.2
1787850000,30.9,16.8,20.2,25.3,6.8,46.9,68,57.7,76.5,0.2,1010.8,1024.5,1017.7,66.9,84.2,76,76,4.6
1787853600,31.4,15.1,20.9,24.6,8,46.9,66.9,57.3,77,0.2,1010.7,1024.1,1017.5,66.2,86,76.6,76.6,6
1787857200,30.8,16.9,20.2,24.6,7.5,46.4,66.9,57,77.1,0.2,1010.6,1023.4,1017.1,66.9,84.9,76.6,76.6,4.7
1787860800,26.7,18,24.8,25.5,5,46.4,66.9,57,76.4,0.2,1010.3,1023.2,1016.8,66,84.9,76.1,76.1,5.6
1787864400,22.4,21.7,22.9,26.3,6.7,46.9,66.9,57.3,75.4,0.2,1010.6,1023,1016.8,66,83.8,75.1,75.1,4.5
1787868000,17.7,30.2,21.6,26.3,4.2,48.9,68,58.3,73,0.4,1010.7,1023.3,1016.9,64.4,81,72.7,72.7,10
1787871600,15.1,32.9,20.7,27.2,4.1,48.9,66.9,58.3,68.5,1.1,1010.9,1023.5,1017.3,60.8,75.9,68.5,68.5,19.5
1787875200,12,40,17.5,28.3,2.3,50,66.9,58.1,65.3,2.4,1011.5,1024.1,1017.9,57,73,65.3,65.3,32.7
1787878800,10.8,44.5,14.4,28,2.4,48.9,66.2,57.9,63.2,3.6,1011.6,1024.4,1018.1,54,71.6,63.2,63.2,42.2
1787882400,11.4,44.1,14.9,27.3,2.4,48.2,66,57.2,61.5,4.8,1011.4,1024.7,1018.2,52,70,61.5,61.5,44.4
1787886000,9.2,46.8,15.3,27.5,1.2,46.9,66,57,60.5,5.6,1011.3,1024.9,1018.2,50,69.8,60.4,60.4,46.6
1787889600,9.5,43.1,11.3,32.6,3.5,46.6,65.5,56.5,59.6,6.3,1011,1024.7,1018.2,49.1,68.9,59.5,59.5,46.8
1787893200,10.1,39.7,10.1,37.2,2.8,46.4,64.9,56.1,58.7,7,1010.8,1024.5,1018.1,48.2,68,58.6,58.5,46.9
1787896800,13.6,33.3,12.5,38.1,2.4,46,64.9,55.8,58.1,7.5,1010.5,1024.6,1018,47.8,68,58.1,58,46.9
1787900400,14,32.9,11.5,39,2.5,46,64.4,55.5,57.7,7.8,1010.4,1024.5,1017.8,46.9,66.9,57.7,57.5,48.1
1787904000,15.1,29.7,12.4,39.7,3.1,46,64.9,55.3,57.3,8.2,1010.8,1024.7,1018,46.9,66.2,57.3,57.1,44.7
1787907600,16.3,26.5,13.2,40.4,3.6,46,64.4,55.1,57,8.5,1011,1025,1018.3,46.4,66.2,56.9,56.6,39.7
1787911200,17.4,23.3,14.1,41,4.2,46,64,55.1,57,8.4,1011.4,1025.5,1018.6,46.9,66.2,57,56.6,41.2
1787914800,18.6,20.1,14.9,41.7,4.7,48,64.9,56.3,58.8,6.9,1011.6,1025.8,1019,48.9,66.9,58.7,58.5,33.3
1787918400,19.7,16.9,15.8,42.4,5.3,48.9,66,57.6,61.6,4.7,1011.7,1026,1019,51.8,70,61.5,61.5,28.3
1787922000,25,23,12.6,32.2,7.2,50,66.9,58.6,65.4,2.5,1011.8,1026.2,1019,55.9,73,65.3,65.3,28.9
1787925600,26.3,25.3,14.3,29.4,4.8,51.1,68,59.4,69.7,0.9,1011.7,1026,1018.8,61,77,69.5,69.5,20.2
1787929200,27.3,21,17.9,28.7,5.1,48.9,68,59,73.1,0.4,1011.6,1025.4,1018.5,64,80.6,72.6,72.6,15.3
1787932800,31.5,16.6,19.2,25.7,7,48,68,58.2,75.1,0.3,1011.2,1025,1018.1,64.9,82.9,74.6,74.6,6.7
1787936400,29.9,17,20.1,26.2,6.8,47.8,66.9,57.6,76.4,0.2,1010.8,1024.6,1017.7,66.9,84.2,75.9,75.9,4.6
1787940000,29.8,15.3,19.9,26.2,9,46.4,66.9,57.1,76.9,0.2,1010.6,1024.1,1017.5,66.2,86,76.4,76.4,6.5
1787943600,30.7,17,19.4,25.7,7.2,46.4,66.9,56.9,77,0.2,1010.6,1023.6,1017.1,66.9,84.9,76.5,76.5,5.4
1787947200,28,17.8,23.8,25.7,4.8,46.9,66.9,57,76.3,0.2,1010.3,1023.4,1016.8,66,84.9,76,76,5.7
1787950800,22.6,20.9,22.6,26.9,7,46.9,66.9,57.2,75.2,0.2,1010.6,1023.4,1016.9,66,84.2,74.9,74.9,4.7
1787954400,19,29.9,20,26.7,4.4,48.9,68,58.3,72.9,0.4,1010.7,1023.4,1017,64.4,80.6,72.6,72.6,10
1787958000,15.8,32.1,20.9,26.6,4.6,48.9,66.9,58.3,68.4,1.1,1011,1023.6,1017.4,60.8,75.9,68.3,68.3,19.8
1787961600,11.5,39.5,18.3,28,2.8,50,66.9,58.1,65.2,2.4,1011.6,1024.2,1017.9,57,72.9,65.1,65.1,34.5
1787965200,11,43.5,15.3,27.3,2.9,48.9,66,57.8,63,3.7,1011.8,1024.8,1018.2,54,71.1,63,63,43.6
1787968800,11.4,44.7,15.2,26.4,2.4,48,66,57.1,61.4,4.9,1011.5,1024.9,1018.2,52,70,61.3,61.3,45.7
1787972400,9.7,45.6,16,27.4,1.2,46.9,65.8,56.9,60.4,5.7,1011.4,1025,1018.3,50,69.8,60.3,60.3,48.3
1787976000,9.8,42,12.6,32.2,3.5,46.6,65.3,56.5,59.5,6.4,1011.1,1024.8,1018.3,49,68.9,59.4,59.3,47.8
1787979600,11.7,39.3,10.2,36,2.8,46.4,64.9,56,58.6,7.1,1010.9,1024.7,1018.2,48,68,58.5,58.4,47.4
1787983200,13.9,33.2,12.1,38.3,2.4,46.4,64.4,55.8,58.1,7.6,1010.6,1024.7,1018,48,66.9,58,57.9,47.4
1787986800,14.2,32.6,11.6,39.4,2.3,46,64.4,55.5,57.7,7.8,1010.5,1024.7,1017.8,48,66.9,57.7,57.5,47.1
1787990400,15.5,29.4,12.5,39.8,2.8,46,64.9,55.2,57.2,8.3,1011.2,1024.8,1018.1,46.9,66.2,57.2,57,44
1787994000,16.8,26.3,13.4,40.2,3.4,46,64.4,55,56.9,8.6,1011.4,1025.4,1018.4,46.4,66.2,56.8,56.6,39.7
1787997600,18.1,23.1,14.2,40.7,3.9,46,64,55,57,8.5,1011.6,1025.8,1018.7,46.9,66.2,56.9,56.5,40.6
1788001200,19.4,20,15.1,41.1,4.5,48,64.4,56.3,58.8,6.9,1011.8,1026,1019.1,48.9,66.9,58.7,58.5,34.4
1788004800,20.7,16.8,16,41.5,5,48.9,64.9,57.5,61.5,4.8,1012,1026.3,1019.1,51.8,69.8,61.4,61.3,28.2
1788008400,25.2,22.2,12.3,32.6,7.7,50,66.9,58.6,65.3,2.6,1012,1026.5,1019.1,55.9,73.4,65.2,65.2,26.7
1788012000,26.1,24.2,15.8,28.9,5,50.9,68,59.2,69.6,0.9,1012.2,1026.1,1019,61,77,69.3,69.3,19.4
1788015600,27.2,21.7,17.8,28.2,5.1,48.2,68,58.9,73,0.4,1011.9,1025.4,1018.6,64,80.6,72.5,72.5,14.9
1788019200,32.1,16.5,19.4,25.1,6.9,46.9,68,58.1,75.2,0.3,1011.3,1025,1018.2,64.9,82.9,74.6,74.6,6.7
1788022800,30.5,16.7,19.4,25.9,7.5,46.9,66.9,57.4,76.4,0.2,1010.9,1024.6,1017.8,66.2,84.9,75.9,75.9,4.8
1788026400,31.1,13.8,19.2,26.2,9.7,46.4,66.9,57,76.9,0.2,1010.6,1024.4,1017.6,66,86,76.4,76.4,6.7
1788030000,30.6,16.9,19.5,26,7,46.4,66.9,56.9,76.9,0.2,1010.6,1023.8,1017.1,66.9,86,76.5,76.5,5.2
1788033600,27.8,17.8,24,25.9,4.5,46,66.9,56.9,76.3,0.2,1010.3,1023.5,1016.9,66,84.9,75.9,75.9,5.7
1788037200,22,21,22.4,27.7,6.9,46.4,66.9,57.1,75.2,0.2,1010.7,1023.5,1017,66,83.8,74.9,74.9,4.7
1788040800,18.7,30,19.2,27.3,4.7,48.2,68,58.2,72.7,0.4,1010.8,1023.5,1017.1,64,81,72.4,72.4,10.5
1788044400,17.2,32,20.3,26,4.5,48.2,66.9,58.2,68.3,1.2,1011.3,1023.9,1017.5,60.8,75.9,68.2,68.2,19.7
1788048000,12.9,38.6,17.7,27.9,3,48.9,66.9,58,65.1,2.6,1011.6,1024.7,1018.1,57,73,65,65,34.3
1788051600,11.7,42.6,15.5,27.1,3.1,48,66.2,57.6,62.9,3.8,1011.8,1024.9,1018.3,54,71.1,62.9,62.9,43.3
1788055200,11.4,44,15.5,26.7,2.4,47.8,66,57,61.3,5,1011.5,1024.9,1018.4,52,70,61.2,61.2,44.9
1788058800,10.4,45.4,15.6,27.3,1.2,46.9,66,56.9,60.3,5.8,1011.5,1025,1018.4,50,69.8,60.2,60.2,49.8
1788062400,10.4,41.4,12.9,32.3,3,46.6,65.5,56.4,59.4,6.5,1011.2,1024.9,1018.3,49,68.9,59.3,59.3,48.3
1788066000,11.5,39.5,11,35.4,2.6,46.4,64.9,55.9,58.5,7.2,1010.9,1024.8,1018.3,48,68,58.4,58.3,46.9
1788069600,14.2,34.3,12.1,36.7,2.7,45.9,64.4,55.6,57.9,7.7,1010.7,1024.8,1018.1,46.9,66.9,57.8,57.7,48.4
1788073200,15.1,32.6,12,38.3,2,45,64.4,55.4,57.6,8,1010.7,1024.9,1017.9,46.9,66.9,57.5,57.4,49.9
1788076800,16.1,29.5,12.7,39.1,2.6,45.9,64.9,55.1,57.1,8.4,1011.2,1025.2,1018.2,46.4,66.2,57.1,56.9,45
1788080400,17.2,26.3,13.4,39.9,3.2,45,64.4,54.9,56.8,8.7,1011.6,1025.4,1018.4,46.4,66.2,56.7,56.5,39.7
1788084000,18.2,23.2,14.1,40.7,3.9,46,64,54.9,56.9,8.6,1011.7,1026.2,1018.8,46.4,66.2,56.8,56.4,41.4
1788087600,19.3,20,14.8,41.5,4.5,46.9,64.9,56.2,58.7,7.1,1012,1026.4,1019.3,48.9,66.9,58.6,58.4,35.7
1788091200,20.3,16.9,15.5,42.3,5.1,48.9,66,57.4,61.4,4.9,1012,1026.5,1019.2,51.8,69.8,61.3,61.3,27.7
1788094800,24.9,22.2,12.3,33.3,7.4,50,66.9,58.5,65.2,2.7,1012.2,1026.7,1019.3,55.9,73.4,65.1,65.1,26.6
1788098400,25.8,24.6,16.2,28.6,4.8,50,68,59.1,69.4,1,1012.3,1026.3,1019.1,60.8,77.9,69.2,69.2,19.7
1788102000,27.5,22.4,17.3,27.5,5.3,48,68,58.8,72.9,0.4,1011.9,1025.6,1018.7,64,81,72.4,72.4,15.3
1788105600,32.3,17.1,19.7,24.5,6.4,46.9,68,58,75.1,0.3,1011.3,1025.2,1018.3,64.4,83.8,74.5,74.5,6.4
1788109200,30.3,17,20.9,24.8,7,46,66.9,57.2,76.4,0.2,1010.9,1024.8,1017.9,66,86,75.9,75.9,4.8
1788112800,31.2,14.8,19.4,25.2,9.4,45.9,66.9,56.9,76.9,0.2,1010.7,1024.4,1017.6,66,86,76.4,76.4,6.2
1788116400,30.2,17.3,19.7,26.1,6.7,46,66.2,56.7,76.9,0.2,1010.6,1024.1,1017.3,66.9,86,76.5,76.5,5.5
1788120000,27.7,17.5,25.1,25.1,4.5,45.9,66.2,56.8,76.3,0.2,1010.5,1023.7,1017,66,86,75.9,75.9,5.9
1788123600,22.2,22,23,26.6,6.2,46.4,66.9,57,75.1,0.2,1010.7,1023.7,1017.1,64.9,84.2,74.8,74.8,5.4
1788127200,19,31.4,18.8,26.9,4,48,66.9,58.1,72.6,0.4,1010.8,1023.6,1017.2,63.9,81,72.3,72.3,11
1788130800,16.4,32.5,20.2,26.6,4.3,48.2,66.9,58.1,68.2,1.3,1011.1,1024.2,1017.6,60.1,75.9,68.1,68.1,19.6
1788134400,12.1,38.9,17.8,28.2,3,48.2,66.2,57.9,64.9,2.7,1011.6,1024.8,1018.1,55.9,73,64.9,64.9,33.8
1788138000,11.6,42.9,14.7,27.5,3.3,48,66,57.6,62.8,3.9,1011.8,1025,1018.4,53.6,71.1,62.8,62.7,43.5
1788141600,11.7,44.3,15.1,26.6,2.4,46.9,66,56.9,61.2,5.1,1011.5,1025,1018.5,51.8,70,61.1,61.1,45.1
1788145200,9.7,46.7,15.1,27.3,1.2,46.9,66,56.7,60.1,5.9,1011.4,1025.3,1018.5,50,69.1,60.1,60.1,49.3
1788148800,10.4,41.1,12.9,33,2.5,46.5,65.5,56.3,59.3,6.6,1011.1,1025.2,1018.5,49,68.5,59.3,59.2,48.2
1788152400,11.6,39.8,10,35.7,2.8,46,64.9,55.9,58.5,7.3,1010.9,1025,1018.4,48,68,58.4,58.2,47.1
1788156000,14.8,34.2,10.8,36.9,3.2,45,64.4,55.5,57.8,7.8,1010.6,1025,1018.1,46.9,68,57.8,57.7,47.8
1788159600,15.6,31.5,11.4,38,3.5,45,64.4,55.3,57.6,8,1010.5,1025.3,1018,46.4,66.9,57.5,57.4,47.9
1788163200,16.3,28.8,12,39,3.7,45,64.9,55.1,57.1,8.4,1011.1,1025.8,1018.2,46.4,66.2,57.1,56.9,43.3
1788166800,17.1,26.2,12.6,40.1,4,45,64.4,54.9,56.9,8.7,1011.6,1026,1018.5,46.4,66.2,56.8,56.5,38.6
1788170400,17.8,23.5,13.2,41.2,4.3,45,64.4,54.9,56.9,8.7,1011.6,1026.7,1018.8,46.4,66.2,56.8,56.5,40.9
1788174000,18.6,20.8,13.8,42.2,4.5,46.9,64.9,56.1,58.6,7.2,1011.8,1026.7,1019.3,48.9,68,58.5,58.3,36.2
1788177600,19.3,18.1,14.4,43.3,4.8,48.2,66,57.4,61.4,5,1012,1027,1019.2,51.1,70,61.3,61.2,27.7
1788181200,22.4,22.4,12.8,35,7.4,50,66.9,58.4,65.1,2.9,1012,1026.9,1019.3,55,73.4,65,65,27.5
1788184800,24.9,24.6,16.4,29.4,4.7,50,68,59,69.4,1.1,1012.2,1026.6,1019.2,60.8,78.1,69.1,69.1,19.8
1788188400,27.9,22.6,17.1,27.4,5,48,68.9,58.7,72.8,0.5,1011.8,1026.4,1018.8,63,81,72.3,72.3,15.6
1788192000,32.9,17.7,18.9,23.9,6.6,46.9,68,57.9,75,0.3,1011.3,1025.2,1018.3,64,84,74.5,74.4,5.7
1788195600,31.1,17.3,20.5,24.8,6.3,46,68,57.1,76.4,0.2,1010.8,1024.9,1018,66,86,75.9,75.9,4.5
1788199200,31.3,15.7,18.3,25.3,9.4,45.9,66.9,56.8,76.9,0.2,1010.5,1024.6,1017.6,66,87.1,76.4,76.4,5.5
1788202800,29.5,18.1,18.3,27.9,6.2,46,66.2,56.7,76.9,0.2,1010.5,1024.1,1017.3,66.9,87.1,76.5,76.5,5.4
1788206400,27.7,18.4,24.1,25.8,4,45.9,66.2,56.7,76.3,0.2,1010.3,1023.7,1017,66,87.1,76,75.9,5.6
1788210000,22.2,22.7,22.7,26.6,5.7,46.4,66.9,57,75.2,0.2,1010.7,1023.7,1017.1,64.9,84.9,74.9,74.8,5.2
1788213600,19.9,31.1,18.4,27,3.7,48,66.9,58.1,72.6,0.5,1010.8,1023.6,1017.2,63,81,72.3,72.3,10.9
1788217200,16.8,32.9,19.4,26.7,4.3,48,66.9,58,68.2,1.4,1011,1024.2,1017.6,59,75.9,68,68,20.2
1788220800,11.6,39.8,17.3,28.1,3.2,48.2,66.9,57.9,65,2.8,1011.6,1024.8,1018.2,55.9,73,64.9,64.9,34.7
1788224400,11.3,43.7,13.9,27.7,3.3,47.8,66.2,57.5,62.8,4,1011.7,1025,1018.4,53.6,71.1,62.8,62.7,43.4
1788228000,11,45.3,14.3,27,2.4,46.9,66,56.9,61.1,5.3,1011.5,1025,1018.6,51.8,70,61.1,61.1,44.5
1788231600,9.2,47.4,14.9,26.8,1.7,46.4,66,56.6,60,6.1,1011.4,1025.2,1018.5,48.9,69.8,59.9,59.9,50.1
1788235200,9.6,42,12.4,33.2,2.8,46.2,65.5,56.2,59.2,6.8,1011.1,1025.1,1018.5,48.5,68.9,59.1,59,48.9
1788238800,10.1,41,10.3,35.8,2.8,46,64.9,55.8,58.4,7.4,1010.9,1025,1018.4,48,68,58.3,58.2,47.6
1788242400,14.7,34.6,10.7,36.7,3.2,45,64.9,55.4,57.7,8,1010.6,1025,1018.2,46.4,68,57.7,57.6,47.7
1788246000,15.3,32,11.3,37.9,3.5,44.6,64.9,55.2,57.5,8.2,1010.4,1025.1,1018,46.4,66.9,57.4,57.3,47.9
1788249600,15.9,29.3,11.9,39,3.7,45,64.9,55,57,8.5,1011,1025.4,1018.3,46.4,66.9,57,56.8,42.9
1788253200,16.5,26.6,12.6,40.2,4,44.6,64.4,54.8,56.7,8.8,1011.1,1025.8,1018.5,46,66.2,56.6,56.4,39.3
1788256800,17.2,24,13.2,41.3,4.3,45,64,54.7,56.7,8.9,1011.5,1026.4,1018.9,45.9,66.2,56.6,56.3,42.5
1788260400,17.8,21.4,13.8,42.5,4.5,46.9,64.9,55.9,58.4,7.3,1011.7,1026.7,1019.4,48,68,58.3,58.1,36.2
1788264000,18.4,18.7,14.4,43.6,4.8,48,66.2,57.2,61.2,5.2,1011.9,1027,1019.3,51.1,70,61.1,61,27.6
1788267600,20.7,22.4,12.1,36.9,7.9,50,66.9,58.2,64.8,3,1011.8,1026.8,1019.3,54.9,73.4,64.7,64.7,25.9
1788271200,23.6,26,15.4,30,5,50,68,58.9,69.1,1.2,1012.1,1026.5,1019.2,60.1,78.1,68.9,68.9,20
1788274800,26.6,23.9,17.2,28,4.3,48,68,58.5,72.6,0.6,1011.7,1026.4,1018.8,63,81,72.2,72.2,15.6
1788278400,30.1,18.5,19.7,24.9,6.9,46.9,68,57.8,74.7,0.4,1011.2,1025.2,1018.3,64,84.2,74.2,74.2,5.4
1788282000,31,17.5,20.9,24.5,6,46,68,57.1,76.1,0.3,1010.7,1024.9,1017.9,66,86,75.7,75.7,4.8
1788285600,32.1,15.5,18.1,24.9,9.4,46,66.9,56.7,76.7,0.2,1010.4,1024.5,1017.6,64.9,86,76.2,76.2,6
1788289200,29,18.3,18.3,27.4,6.9,46,66.2,56.6,76.7,0.2,1010.5,1023.9,1017.2,66,86.9,76.3,76.3,5.2
1788292800,27.6,19.5,22.6,26.1,4.3,45.9,66.2,56.7,76.1,0.3,1010.3,1023.7,1017,65.8,86,75.8,75.7,5.7
1788296400,21.7,22.9,22,27.2,6.2,46.4,66.9,57,74.9,0.3,1010.6,1023.7,1017,64.9,84.2,74.6,74.6,5.2
1788300000,19.9,30.4,19.1,27,3.7,48,66.9,58,72.3,0.5,1010.8,1023.7,1017.2,63,81,72,72,10.9
1788303600,17.3,31.9,19.6,26.7,4.5,48.2,66.9,58,68,1.5,1010.9,1024.3,1017.6,59,75.9,67.9,67.9,20.2
1788307200,10.5,40,17.4,28.7,3.4,48.2,66.2,57.8,64.8,2.9,1011.6,1024.9,1018.2,55.9,73,64.7,64.7,33.3
1788310800,11.3,43.5,13.7,28.1,3.3,47.8,66.2,57.4,62.7,4.1,1011.5,1025,1018.4,53.6,71.1,62.7,62.6,42.9
1788314400,11.7,44,14.1,27.3,2.9,46.9,66,56.8,61,5.4,1011.4,1025.1,1018.5,51.1,70,60.9,60.9,44.7
1788318000,10.1,46.2,14.3,27.4,2,46.4,66,56.5,59.9,6.2,1011.4,1025.2,1018.4,48.9,69.8,59.8,59.8,50.7
1788321600,9.7,42,12.2,33.6,2.5,46.2,65.5,56.1,59,6.8,1011.1,1025.1,1018.4,48.5,68.9,59,58.9,49.3
1788325200,9.5,41.2,10.6,35.6,3.1,46,64.9,55.7,58.2,7.5,1010.8,1025,1018.4,48,68,58.2,58,47.8
1788328800,15.6,34.2,11.3,35.3,3.5,45,64.9,55.3,57.6,8.1,1010.5,1025,1018.1,46.4,68,57.6,57.4,47.8
1788332400,16.3,32.5,11.4,35.6,4.1,44.6,64.9,55.1,57.4,8.3,1010.4,1025.1,1018,46.4,66.9,57.3,57.2,48.8
1788336000,17,30.8,11.4,36,4.7,45,64.9,54.8,56.9,8.6,1010.7,1025.4,1018.2,46.4,66.9,56.9,56.7,43.6
1788339600,17.7,29.1,11.5,36.3,5.3,45,64.4,54.8,56.7,8.9,1010.8,1025.7,1018.4,46.4,66.2,56.6,56.3,40.8
1788343200,18.3,27.5,11.5,36.7,5.9,44.6,64.4,54.6,56.6,9,1011.3,1026.2,1018.8,45.9,66.2,56.5,56.2,41.9
1788346800,19,25.8,11.6,37,6.5,46.9,64.9,55.8,58.3,7.5,1011.6,1026.5,1019.2,48.2,68,58.2,58,35.9
1788350400,19.7,24.1,11.6,37.4,7.1,48,66,57.1,61,5.4,1011.9,1026.7,1019.2,50.9,70,60.9,60.7,27.2
1788354000,20.4,22.4,11.7,37.7,7.7,48.9,66.9,58.1,64.5,3.2,1011.8,1026.7,1019.3,54.9,73,64.4,64.4,27.4
1788357600,22.4,25.7,15.1,31.6,5.2,50,68,58.8,68.9,1.3,1011.7,1026.5,1019.1,59.9,78.1,68.7,68.7,21.1
1788361200,25.7,23.3,17.6,28.7,4.8,48,68,58.5,72.4,0.6,1011.6,1026.3,1018.7,62.6,81,72,72,15.4
1788364800,30.1,18,19.4,25.1,7.3,46.9,68,57.8,74.6,0.4,1011.1,1025.3,1018.2,63,84.2,74.1,74.1,5.7
1788368400,30.7,16.7,20.2,25.7,6.7,46,68,57.1,76,0.3,1010.8,1025.1,1017.8,64.9,86,75.5,75.5,5
1788372000,32.2,15.7,18.2,25.4,8.5,46,66.9,56.7,76.3,0.3,1010.4,1024.6,1017.5,64.9,86,75.9,75.9,5.7
1788375600,28.5,18.5,17.3,28.5,7.2,46,66.2,56.5,76.5,0.3,1010.6,1023.9,1017.1,64.9,86,76.1,76.1,5.2
1788379200,27.9,18.3,22.4,26.9,4.5,46,66.2,56.6,75.9,0.3,1010.3,1023.9,1016.8,64.9,86,75.6,75.5,5.9
1788382800,22,22,22,28.2,6,46.4,66.9,57,74.7,0.3,1010.6,1023.7,1016.9,64.9,84.2,74.4,74.4,5.7
1788386400,20.2,28.8,19.8,28,3.2,48,66.9,57.9,72,0.6,1010.8,1023.7,1017.1,62.6,81,71.7,71.7,10.7
1788390000,16.2,31.5,20.5,27.8,4,48,66.9,57.9,67.8,1.7,1010.9,1024.3,1017.4,59,75.9,67.6,67.6,20.5
1788393600,11,38.3,17.6,29.5,3.7,48.2,66.2,57.6,64.6,3,1011.6,1024.9,1018.1,55.4,73,64.5,64.5,33.8
1788397200,11.3,43,13,29.1,3.5,47.8,66.2,57.3,62.6,4.2,1011.5,1025,1018.3,53.1,71.1,62.5,62.5,42.2
1788400800,11.5,43.2,13.4,29,2.9,46.9,66,56.8,61,5.4,1011.5,1025.1,1018.4,50.9,70,60.9,60.9,45
1788404400,9.9,44.7,15.1,28.5,1.7,46.4,66,56.3,59.7,6.3,1011.4,1025.2,1018.3,48.9,69.8,59.7,59.7,51.5
1788408000,9.4,41.6,11.9,34.8,2.3,46.2,65.5,55.9,59,6.9,1011,1025.2,1018.3,48.5,68.9,58.9,58.9,49.5
1788411600,9.5,39.7,11.1,36.9,2.8,46,64.9,55.5,58.2,7.6,1010.7,1025.1,1018.3,48,68,58.1,58,47.6
1788415200,14.9,33.9,11.7,36.6,3,45,64.9,55.1,57.6,8.1,1010.5,1025,1018,46.4,68,57.6,57.4,46.8
1788418800,15.4,31.2,12.1,38,3.3,44.6,64.9,55.1,57.4,8.3,1010.4,1025.1,1017.8,46.4,68,57.3,57.2,46.1
1788422400,16,28.6,12.5,39.3,3.6,45,64.9,54.8,57,8.6,1010.6,1025.4,1018.1,46.4,66.9,57,56.7,41.7
1788426000,16.6,25.9,12.9,40.7,3.9,44.6,64.4,54.7,56.7,8.9,1010.8,1025.7,1018.3,46,66.2,56.6,56.4,38.7
1788429600,17.1,23.2,13.4,42,4.2,44.6,64.4,54.5,56.6,9,1011.1,1026.2,1018.7,45,66.9,56.6,56.2,41.4
1788433200,17.6,20.6,13.8,43.4,4.5,46.4,64.9,55.8,58.3,7.5,1011.6,1026.5,1019.1,48,68,58.3,58,35.7
1788436800,18.2,17.9,14.2,44.7,4.8,48,66,57,61,5.5,1011.7,1026.7,1019.1,50.9,70,60.9,60.7,26.8
1788440400,19.8,21.8,12.3,39.3,7,48.9,66.9,57.9,64.4,3.3,1011.8,1026.7,1019.2,54,73.4,64.3,64.2,26.9
1788444000,21.5,24.6,16.3,32.6,5,50,68,58.6,68.7,1.4,1011.7,1026.6,1019,59,78.1,68.5,68.5,21.1
1788447600,24.9,23,18.1,29.5,4.5,48,68,58.3,72.2,0.7,1011.4,1026.4,1018.7,62.1,81,71.8,71.8,15.2
1788451200,30.7,17.5,19.1,25.9,6.8,46.9,68,57.6,74.3,0.5,1011.1,1025.6,1018.2,63,84.2,73.8,73.8,5.9
1788454800,30.1,16.4,20.1,26.5,6.9,46,68,56.9,75.6,0.3,1010.6,1025.1,1017.8,64,86,75.2,75.1,5.4
1788458400,32,15.9,17.8,25.8,8.4,46,66.9,56.4,75.8,0.3,1010.2,1024.7,1017.5,64.9,86,75.4,75.4,5.7
1788462000,29.3,19.2,16.5,28.3,6.7,46,66.2,56.2,76.1,0.3,1010.3,1024.2,1017.1,64.9,86,75.7,75.7,5
1788465600,28,18.7,21.1,27.3,5,45,66.2,56.3,75.4,0.4,1010,1024.1,1016.8,64.4,86,75.1,75.1,5.4
1788469200,21.9,22.6,22.1,27.4,6,46,66.2,56.6,74.3,0.4,1010.5,1024.1,1016.9,64,84.9,74,74,5.7
1788472800,19.7,29.7,20.2,28,2.4,46.9,66.9,57.5,71.7,0.7,1010.8,1024.2,1017.1,62.1,81,71.4,71.4,10.7
1788476400,16.4,32.2,20.1,27.1,4.2,46.9,66.2,57.5,67.3,1.9,1010.9,1024.6,1017.5,57.9,75.9,67.2,67.2,20.3
1788480000,11.4,40.4,16.3,28.5,3.4,47.8,66.2,57.2,64.1,3.4,1011.5,1025.1,1018.1,55,73,64,64,32.8
1788483600,10.6,44.7,12.7,28.7,3.3,46.9,66,56.8,62.1,4.6,1011.5,1025.3,1018.3,52,71.1,62.1,62,41.7
1788487200,11,43.3,14.8,28,2.9,46.4,66,56.3,60.5,5.8,1011.6,1025.6,1018.4,50,69.8,60.4,60.4,45.3
1788490800,10.9,45.9,14.1,27.5,1.5,46,64.9,55.8,59.2,6.8,1011.5,1025.7,1018.4,48,69.1,59.2,59.2,51.1
1788494400,9.5,42.7,11.5,33.8,2.6,45.5,64.9,55.5,58.5,7.4,1011.3,1025.7,1018.3,47.5,68.5,58.5,58.4,49.1
1788498000,10.6,40.2,10.6,35.8,2.8,45,64.9,55.1,57.8,8,1011.1,1025.6,1018.3,46.9,68,57.7,57.6,47.1
1788501600,15.3,34.1,11.7,36,3,44.6,64.4,54.7,57.2,8.5,1010.6,1025.4,1018.1,46.4,68,57.1,56.9,45.8
1788505200,15.9,31.4,12,37.5,3.3,44.1,64.4,54.7,57,8.6,1010.4,1025.4,1017.9,46,66.9,57,56.9,45.7
1788508800,16.6,28.6,12.3,39,3.5,44.6,64.4,54.3,56.6,9,1010.6,1025.8,1018.2,45.9,66.9,56.6,56.3,41.7
1788512400,17.2,25.9,12.6,40.5,3.8,44.6,64.4,54.2,56.3,9.2,1010.8,1026,1018.4,45.9,66.2,56.3,56,38.3
1788516000,17.8,23.2,12.8,42.1,4.1,43.9,64.4,54.1,56.2,9.3,1011,1026.4,1018.8,44.6,66.9,56.2,55.8,39.7
1788519600,18.5,20.4,13.1,43.6,4.3,46,64.9,55.3,57.9,7.9,1011.6,1026.7,1019.2,46.9,68,57.8,57.6,35
1788523200,19.1,17.7,13.4,45.1,4.6,46.9,66,56.5,60.5,5.9,1011.6,1027.1,1019.2,50,70,60.4,60.3,28.1
1788526800,20.1,20.8,12.5,39.6,7,48.2,66.2,57.4,63.9,3.6,1011.8,1027,1019.4,54,73,63.8,63.8,26.6
1788530400,21,24.8,15.7,33.3,5.2,48.9,66.9,58.1,68.2,1.6,1011.6,1026.9,1019.1,59,78.1,68,68,21.8
1788534000,24.8,23.1,18.1,29.5,4.5,47.8,68,57.8,71.7,0.7,1011.2,1026.6,1018.9,62.1,81,71.3,71.3,15.3
1788537600,29.3,18.2,18.7,26.5,7.3,46.4,68,57.1,73.8,0.5,1010.9,1026,1018.3,63,84.2,73.4,73.4,5.7
1788541200,30.4,16.4,19.7,26.4,7.1,45,66.9,56.4,75.1,0.4,1010.5,1025.4,1018,64,86,74.7,74.7,5.2
1788544800,31.7,16.2,18.2,26.2,7.7,45,66.2,55.8,75.4,0.4,1009.8,1025,1017.6,64.4,84.9,75,75,5.5
1788548400,28.7,19.1,16.3,28.7,7.2,45,66.2,55.8,75.6,0.3,1010.2,1024.6,1017.2,64.4,86,75.3,75.3,4.8
1788552000,26.7,18.4,21.9,28.1,5,45,66.2,55.8,75,0.4,1009.8,1024.3,1017,64,84.2,74.7,74.7,5.4
1788555600,20.4,21.6,23.5,28.5,5.9,46,66.2,56.1,73.8,0.4,1010,1024.5,1017.1,63.9,84,73.5,73.5,5.2
1788559200,19.6,28.8,21.3,27.6,2.7,46,66.9,57,71.1,0.8,1010.5,1024.5,1017.3,62.1,80.6,70.9,70.9,10.3
1788562800,15.7,32.2,21.5,26.6,4,46.4,66.2,57.1,66.7,2.1,1010.7,1024.8,1017.6,57.9,75.2,66.6,66.6,21
1788566400,11.6,40.1,16.4,28.3,3.6,46.4,66,56.8,63.6,3.7,1011.5,1025.3,1018.3,54,73,63.6,63.6,33.2
1788570000,10.8,44.8,12.7,28.4,3.3,46.4,66,56.4,61.6,4.9,1011.5,1025.6,1018.5,51.8,71.1,61.6,61.5,42
1788573600,11.2,44.2,13.8,27.9,2.9,46,64.9,55.9,60,6.1,1011.5,1025.7,1018.5,50,69.8,60,59.9,45.1
1788577200,11.4,46.2,13.6,27.2,1.7,45,64.9,55.3,58.7,7.2,1011.4,1025.8,1018.5,48,69.1,58.7,58.7,52.3
1788580800,9.7,43.5,11,33,2.8,44.8,64.7,55,58,7.8,1011.1,1025.8,1018.5,47.2,68.5,58,57.9,49.8
1788584400,10.4,40.6,10.9,34.9,3.1,44.6,64.4,54.7,57.3,8.4,1010.9,1025.7,1018.4,46.4,68,57.3,57.1,47.3
1788588000,14.8,33.6,12.8,35.5,3.3,44.1,64.4,54.2,56.8,8.9,1010.4,1025.5,1018.1,45,68,56.7,56.5,46.3
1788591600,15.4,31.8,12.9,36.1,3.9,43.9,64.4,54.2,56.5,9.1,1010.4,1025.7,1018.1,45,66.9,56.5,56.4,45.8
1788595200,16,29.9,12.9,36.7,4.5,43,64,53.9,56.1,9.5,1010.5,1026,1018.3,44.6,66.2,56.1,55.8,41.4
1788598800,16.6,28.1,13,37.3,5.1,43.9,64,53.8,55.8,9.7,1010.9,1026.2,1018.6,45,66.2,55.8,55.5,38.1
1788602400,17.2,26.3,13,37.8,5.6,43,64,53.7,55.8,9.7,1011.1,1026.7,1018.9,44.6,66.2,55.8,55.3,39.2
1788606000,17.8,24.5,13.1,38.4,6.2,45,64.4,54.9,57.4,8.3,1011.6,1026.8,1019.4,46.4,68,57.4,57,36.8
1788609600,18.4,22.6,13.1,39,6.8,46.9,64.9,56.1,60.1,6.2,1011.7,1027.3,1019.3,50,69.8,60,59.8,26.9
1788613200,19,20.8,13.2,39.6,7.4,48,66.2,57.1,63.5,3.9,1011.8,1027.1,1019.5,54,72,63.4,63.3,27.1
1788616800,20.3,24.8,17.2,32.7,5,48.2,66.9,57.7,67.7,1.7,1011.7,1026.9,1019.3,59,77,67.6,67.6,21.1
1788620400,24.3,23.6,17.9,29.1,5,47.8,68,57.4,71.3,0.8,1011.6,1026.6,1019,62.1,81,71,71,14.4
1788624000,28.4,18.3,19.2,26.8,7.3,46,66.9,56.7,73.5,0.5,1011,1026,1018.5,63,84,73.1,73.1,6.1
1788627600,29.7,17.7,19.6,26.4,6.6,45,66.9,56,74.8,0.4,1010.6,1025.5,1018.1,64,84.9,74.4,74.4,5
1788631200,31.6,17.2,18,26,7.3,45,66,55.4,75.1,0.4,1010.2,1025.2,1017.8,64.4,84.9,74.8,74.7,5.1
1788634800,28.3,20,16.2,29,6.4,45,66,55.4,75.3,0.3,1010.3,1024.6,1017.4,64.9,86,75.1,75.1,3.8
1788638400,26.3,18.8,22.5,28.2,4.2,45,66,55.5,74.6,0.4,1010.1,1024.5,1017.2,64,84,74.4,74.4,5.4
1788642000,20.9,22.5,23.2,28,5.5,45.9,66,55.8,73.4,0.4,1010.3,1024.5,1017.3,63.9,82.9,73.2,73.2,5
1788645600,20.2,28.9,21,27.7,2.2,46,66.2,56.7,70.7,0.8,1010.8,1024.6,1017.5,62.1,80.1,70.5,70.5,9.6
1788649200,15.8,32,22,26.7,3.5,46.4,66,56.8,66.3,2.2,1010.9,1024.8,1017.8,57.2,75.2,66.2,66.2,21.1
1788652800,12.9,40.3,16,27.4,3.3,46.4,66,56.5,63.3,3.8,1011.6,1025.4,1018.4,54,72,63.3,63.3,33.7
1788656400,11.2,44.7,13.3,27.4,3.3,46.4,64.9,56.1,61.3,5.1,1011.6,1025.6,1018.6,51.8,70,61.2,61.2,42.8
1788660000,11.4,43.8,14,28.3,2.4,46,64.9,55.6,59.7,6.4,1011.8,1025.7,1018.7,50,69.1,59.7,59.6,44.6
1788663600,11.8,44.8,13.8,27.6,2,44.6,64.9,55,58.4,7.5,1011.7,1025.8,1018.7,47.8,68,58.4,58.3,53.3
1788667200,10.2,43,11.3,33,2.6,44.6,64.7,54.7,57.7,8.1,1011.5,1025.8,1018.6,47.1,68,57.7,57.5,51.1
1788670800,10.7,40.6,11.3,34.3,3.1,44.6,64.4,54.4,57,8.7,1011.4,1025.7,1018.5,46.4,68,57,56.8,49
1788674400,14.5,34.8,12.3,35.3,3,43,64.4,53.9,56.4,9.3,1011,1025.5,1018.3,45,66.9,56.3,56.1,48.6
1788678000,15.2,32.9,12.4,35.8,3.6,43.9,64.4,53.9,56.2,9.4,1010.7,1025.7,1018.3,44.6,66.9,56.1,56,46.8
1788681600,15.9,30.9,12.5,36.3,4.3,43,64,53.6,55.7,9.8,1011.2,1026,1018.5,44.6,66.2,55.7,55.4,41.9
1788685200,16.6,29,12.6,36.8,4.9,43,64,53.5,55.5,10,1011.4,1026.2,1018.8,45,66.2,55.4,55.2,39.9
1788688800,17.3,27,12.7,37.4,5.5,43,64.4,53.4,55.4,10.1,1011.5,1026.8,1019.1,44.1,66.2,55.4,55,38.8
1788692400,18,25.1,12.8,37.9,6.1,45,64.4,54.7,57.1,8.6,1011.7,1026.8,1019.5,46.4,68,57.1,56.7,37.1
1788696000,18.7,23.1,12.9,38.4,6.8,46.4,64.9,55.9,59.7,6.5,1011.8,1027.3,1019.5,48.9,69.8,59.7,59.5,27.3
1788699600,19.4,21.2,13,38.9,7.4,48,66.2,56.9,63.1,4,1012,1027.1,1019.7,53.6,72,63,63,27.9
1788703200,20.9,25,17.3,31.5,5.3,48,66.9,57.6,67.5,1.7,1012,1026.9,1019.4,59,77,67.4,67.4,21.1
1788706800,24.2,24.7,17.7,28.5,4.8,46.9,68,57.3,71.2,0.8,1011.6,1026.6,1019.1,62.1,80.6,70.9,70.9,15.1
1788710400,27.3,19.8,19.1,26.6,7.3,46,66.9,56.6,73.3,0.5,1011,1026,1018.6,63,82.9,73,73,6.9
1788714000,27.6,19,20.4,26.5,6.6,45,66.9,55.9,74.6,0.4,1010.8,1025.4,1018.2,64,84.2,74.3,74.3,4.7
1788717600,30.4,18.6,18.6,25.6,6.8,45,66,55.3,75,0.4,1010.5,1025.2,1017.9,64.4,84.2,74.7,74.7,5.6
1788721200,27.1,21.4,16.4,29,6.2,45,66,55.3,75.2,0.3,1010.5,1024.6,1017.5,64.9,84.9,75,75,3.8
1788724800,25.3,19.9,22.7,27.6,4.4,45,66,55.3,74.5,0.4,1010.3,1024.5,1017.2,64.4,84,74.4,74.4,5.8
1788728400,21.3,23.9,21.8,27.7,5.2,46,66,55.7,73.2,0.5,1010.7,1024.5,1017.3,63.9,82.4,73,73,5
1788732000,21.7,29.2,20,27,2.2,46,66.2,56.5,70.5,0.8,1011,1024.6,1017.5,61.9,79,70.3,70.3,10
1788735600,16.4,31.7,21.5,26.6,3.7,46.4,66,56.7,66,2.3,1011.1,1024.8,1017.9,57.2,75,66,65.9,21.8
1788739200,13.6,40,15.7,27.4,3.3,46.4,66,56.3,63.1,3.9,1011.6,1025.4,1018.5,53.6,71.6,63.1,63.1,33.7
1788742800,11.2,44.3,14.1,27.6,2.8,46.4,64.9,55.9,61.1,5.2,1011.6,1025.6,1018.7,51.8,70,61.1,61.1,42.9
1788746400,11.4,43.7,14.5,28.3,2.1,46,64.9,55.4,59.5,6.5,1011.6,1026.1,1018.8,48.9,69.1,59.5,59.4,45.6
1788750000,12.3,43.8,14.3,27.8,1.7,44.6,64.9,54.9,58.3,7.6,1011.7,1025.9,1018.7,47.8,68,58.3,58.3,53.8
1788753600,10.8,43.2,10.8,32.9,2.3,44.4,64.7,54.5,57.5,8.3,1011.5,1025.8,1018.7,46.9,68,57.5,57.5,51.6
1788757200,11.1,40.3,11.1,34.2,3.2,44.1,64.4,54.2,56.8,8.9,1011.4,1025.7,1018.6,46,68,56.8,56.6,49.4
1788760800,15,34.4,13.4,34.2,3,43,64.4,53.6,56.1,9.5,1011,1025.8,1018.3,44.6,66.9,56.1,55.8,48.3
1788764400,15.7,32.5,13.3,34.8,3.7,43,64,53.8,56,9.6,1010.6,1025.8,1018.3,44.6,66.2,55.9,55.8,47.3
1788768000,16.5,30.5,13.1,35.5,4.4,43,63,53.4,55.5,10,1011.1,1026,1018.5,44.6,66.2,55.5,55.2,42.8
1788771600,17.2,28.6,13,36.1,5.1,43,64,53.3,55.2,10.3,1011,1026.3,1018.8,44.1,66,55.2,54.9,40.9
1788775200,17.9,26.7,12.9,36.8,5.8,42.8,64,53.2,55.1,10.4,1011.4,1026.9,1019.1,44.1,66.2,55.1,54.6,37.8
1788778800,18.6,24.8,12.8,37.4,6.5,44.6,64,54.5,56.9,8.8,1011.7,1027,1019.5,46,68,56.8,56.4,37.6
1788782400,19.4,22.8,12.6,38.1,7.2,46.4,64.9,55.7,59.5,6.7,1011.8,1027.4,1019.5,48.9,69.8,59.4,59.2,28.4
1788786000,20.1,20.9,12.5,38.7,7.9,48,66,56.8,62.9,4.2,1011.8,1027.3,1019.7,53.1,72,62.8,62.8,28.6
1788789600,20.7,24.5,17.1,32.2,5.5,48,66.9,57.4,67.3,1.8,1012,1027.3,1019.4,57.9,75.9,67.2,67.2,21.3
1788793200,25,25.2,16.4,28.1,5.2,46.4,66.9,57.1,71,0.8,1011.6,1026.8,1019.1,61.9,80.6,70.7,70.7,15
1788796800,26.5,20.4,18.3,27.9,6.8,46,66.9,56.4,73.1,0.6,1011,1026.1,1018.6,62.6,82.9,72.8,72.8,6.8
1788800400,28,19.2,19.6,26.9,6.3,44.6,66.2,55.7,74.3,0.5,1010.7,1025.6,1018.2,64,84.2,74,74,4.9
1788804000,30.9,18.9,17.9,25.6,6.7,44.6,66,55.1,74.8,0.4,1010.4,1025.2,1017.8,64.4,84.2,74.5,74.5,4.8
1788807600,26.4,21.4,16.5,29.2,6.6,45,66,55.1,75,0.4,1010.3,1024.6,1017.4,64.4,84.9,74.8,74.8,4
1788811200,25.5,19.9,22.7,26.9,5.1,45,66,55.2,74.3,0.5,1009.9,1024.5,1017.2,64,84,74.2,74.2,5.4
1788814800,22,24.8,21.3,27.2,4.7,45,66,55.5,73,0.5,1010.2,1024.5,1017.3,63,82.4,72.8,72.8,5
1788818400,22.5,29.2,19.1,26.8,2.4,46,66.2,56.3,70.2,0.9,1010.8,1024.6,1017.5,61,79,70,70,10.5
1788822000,17,31,21.1,26.8,4.1,46.4,66,56.5,65.9,2.4,1010.9,1025,1017.8,57,75,65.8,65.8,22.1
1788825600,13.8,40.1,15,27.3,3.8,46,65.8,56.1,63,4,1011.5,1025.5,1018.4,53.1,71.6,62.9,62.9,34
1788829200,11.3,43.4,14.6,27.7,3.1,46,64.9,55.8,61,5.4,1011.4,1025.6,1018.6,51.1,70,61,61,42.3
1788832800,11.9,42.4,15.5,27.9,2.4,45,64.9,55.3,59.5,6.6,1011.4,1026.1,1018.7,48.9,69.1,59.5,59.3,44.9
1788836400,11.8,42.1,14.5,29.1,2.5,44.6,64.4,54.8,58.2,7.7,1011.7,1025.9,1018.6,46.9,68,58.2,58.2,52.7
1788840000,10.3,42.3,10.6,34,2.8,44.4,64.2,54.4,57.5,8.3,1011.5,1025.8,1018.5,46.5,68,57.5,57.4,50.6
1788843600,12.2,39.6,10.4,34.8,2.9,44.1,64,54,56.7,8.9,1011.3,1025.6,1018.5,46,68,56.7,56.6,48.5
1788847200,15.4,33.3,12.7,35.8,2.8,42.8,64,53.5,56.1,9.6,1011,1025.5,1018.3,44.6,66.9,56,55.7,47.2
1788850800,16,31.4,12.7,36.5,3.5,43,64,53.6,55.9,9.6,1010.4,1025.7,1018.2,44.6,66.9,55.9,55.7,47.5
1788854400,16.6,29.5,12.6,37.1,4.1,42.8,63,53.3,55.5,10,1011,1025.8,1018.4,44.1,66.2,55.5,55.1,40.4
1788858000,17.2,27.6,12.6,37.8,4.8,43,63,53.1,55.1,10.3,1011,1026.2,1018.7,44.1,66,55.1,54.8,38.6
1788861600,17.8,25.8,12.6,38.5,5.4,42.1,63.9,53,55,10.4,1011.3,1026.7,1019.1,43,66.2,55,54.6,36.6
1788865200,18.4,23.9,12.6,39.2,6.1,44.1,64.4,54.3,56.7,9,1011.7,1027.1,1019.5,46,66.9,56.6,56.3,37.8
1788868800,19,22,12.5,39.8,6.7,46,64.9,55.5,59.3,6.9,1011.7,1027.4,1019.5,48.9,69.8,59.2,59,28.1
1788872400,19.6,20.1,12.5,40.5,7.4,46.9,66,56.5,62.7,4.4,1011.7,1027.2,1019.7,53.1,72,62.6,62.6,26.6
1788876000,19.9,23.7,17.3,34.3,4.8,47.8,66.9,57.2,66.9,2,1011.8,1027.3,1019.4,57.2,75.2,66.8,66.8,20.3
1788879600,25.5,24,16,29,5.5,46,66.9,57,70.4,1,1011.4,1026.8,1019.1,60.8,80.6,70.2,70.2,14.5
1788883200,27.6,20.5,17,28.5,6.4,45.9,66.9,56.2,72.7,0.7,1011.1,1026.1,1018.6,62.1,82.4,72.4,72.4,6.2
1788886800,28,18.6,18.6,27.7,7,43.9,66.2,55.5,73.8,0.6,1010.8,1025.7,1018.2,63,84.2,73.5,73.5,4.7
1788890400,30,18.5,17.7,26.6,7.2,43,66,55,74.2,0.5,1010.5,1025.2,1017.8,63,84.2,74,74,5
1788894000,26.1,20.7,16,30.1,7.1,44.1,66,54.9,74.4,0.5,1010.3,1024.6,1017.4,64,84.2,74.2,74.2,3.5
1788897600,26.5,19.4,21.3,26.7,6.1,44.1,66,55.1,73.8,0.6,1010.1,1024.5,1017.2,63,84,73.7,73.7,5.6
1788901200,23.3,23.6,19.8,28.5,4.7,44.6,66,55.4,72.5,0.7,1010.2,1024.5,1017.3,62.6,82.4,72.3,72.3,4.7
1788904800,23.7,26.8,19.1,27.8,2.6,45.9,66.2,56.1,69.7,1.1,1010.8,1024.6,1017.5,60.1,79,69.5,69.5,10.3
1788908400,17.8,29.7,20.8,28.1,3.7,46.4,66,56.3,65.5,2.7,1010.9,1025,1017.8,55.9,75,65.4,65.4,21.5
1788912000,14,38,15.7,28.7,3.6,46,64.9,55.9,62.6,4.3,1011.6,1025.5,1018.5,52.9,71.6,62.6,62.6,33.3
1788915600,11.3,41.4,15.1,29.6,2.6,45,64.9,55.5,60.7,5.7,1011.4,1025.8,1018.6,50,70,60.7,60.7,41.5
1788919200,12.4,40.1,15,29.8,2.6,44.6,64.4,55,59.2,6.8,1011.5,1026.3,1018.7,48.9,69.1,59.2,59.1,44.6
1788922800,12.3,39.4,14.3,31,3,44.1,64.4,54.6,58,7.9,1011.7,1025.9,1018.7,46.4,68,58,57.9,51.6
1788926400,9.9,40.5,10.9,36.4,2.3,43.5,64.2,54.2,57.3,8.5,1011.5,1025.8,1018.5,45.7,68,57.3,57.1,50.1
1788930000,12,37.4,9.9,38,2.7,43,64,53.8,56.5,9.1,1011.3,1025.6,1018.4,45,68,56.5,56.4,48.6
1788933600,15.6,31.9,11.1,38.1,3.3,42.1,64,53.3,55.9,9.8,1011,1025.5,1018.3,44.1,66.9,55.8,55.5,46.9
1788937200,16.1,30.2,11.3,38.7,3.7,42.1,64,53.4,55.7,9.9,1010.4,1025.7,1018.3,44.1,66.9,55.6,55.5,46.8
1788940800,16.5,28.4,11.5,39.4,4.2,42.1,63,53.1,55.3,10.2,1010.6,1025.8,1018.4,43,66.2,55.3,54.9,40.5
1788944400,17,26.7,11.7,40,4.6,42.1,63,52.9,54.9,10.5,1011,1026.2,1018.7,43,66,54.9,54.6,39.4
1788948000,17.5,24.9,11.9,40.6,5.1,42.1,64,52.8,54.9,10.6,1011,1026.7,1019.1,43,66.2,54.9,54.4,35.4
1788951600,18,23.2,12.1,41.2,5.5,43,64.4,54,56.5,9.1,1011.7,1027,1019.5,45.9,66.9,56.4,56,38.1
1788955200,18.4,21.4,12.3,41.9,6,45,64.9,55.3,59.1,7.1,1011.7,1027,1019.4,48,69.8,59,58.7,28.9
1788958800,18.9,19.7,12.5,42.5,6.4,46,66,56.3,62.4,4.7,1011.7,1027.2,1019.6,52,72,62.3,62.3,26.2
1788962400,20.1,21.8,17.9,35.8,4.4,46.9,66.9,57,66.5,2.2,1011.8,1027.3,1019.4,57,75.9,66.4,66.4,20.7
1788966000,25.8,23,15.4,30.6,5.2,45.9,66.9,56.9,70.1,1.2,1011.6,1026.8,1019.1,60.1,80.6,69.9,69.9,14.7
1788969600,27.9,19.1,16.3,30.3,6.4,44.6,66.9,56.2,72.2,0.9,1011,1026.1,1018.5,61.9,82.4,72,71.9,6.2
1788973200,27.1,17.4,18.3,29.7,7.4,43,66.2,55.4,73.4,0.7,1010.7,1025.6,1018.1,62.1,84.2,73.1,73.1,4.9
1788976800,30.2,17.1,17.1,28.3,7.2,43,66,54.9,73.8,0.6,1009.8,1025.2,1017.8,63,84.2,73.5,73.5,5.3
1788980400,25.6,20.1,15.4,32,6.9,43,66,54.8,73.9,0.7,1009.8,1024.6,1017.4,62.6,84.9,73.8,73.8,3.3
1788984000,26.9,18.7,19.9,27.8,6.8,43,66,55,73.3,0.7,1009.9,1024.5,1017.2,62.1,84,73.2,73.2,5.8
1788987600,23.5,23.3,19.1,29.4,4.7,44.6,66,55.3,72,0.8,1010.2,1024.6,1017.3,61.9,82.4,71.9,71.9,5.4
1788991200,24.3,25.8,18.1,28.9,2.9,45,66.2,56,69.2,1.4,1010.8,1024.6,1017.4,59.9,78.8,69.1,69,11
1788994800,18.5,28.8,19.2,29.3,4.1,46,66,56.1,65.1,3,1011.1,1025,1017.8,55.4,75,65.1,65.1,22.4
1788998400,15.4,37,14.9,28.9,3.8,45,64.9,55.7,62.3,4.6,1011.6,1025.5,1018.4,52,71.6,62.3,62.3,32.1
1789002000,11.8,40.9,14.7,30,2.6,44.6,64.9,55.3,60.5,5.9,1011.5,1025.9,1018.6,50,69.8,60.5,60.4,40.4
1789005600,13,38,15.4,30.8,2.9,44.1,64.4,54.8,59,7,1011.5,1026.3,1018.6,48,69.1,59,58.9,43.6
1789009200,11.6,37.6,14.9,32.7,3.2,43.9,64.4,54.3,57.8,8.1,1011.7,1025.9,1018.7,46,68,57.7,57.7,51.2
1789012800,10.2,40.1,9.4,38,2.4,43.3,64.2,54,57.1,8.7,1011.5,1025.8,1018.5,45.3,68,57,57,49.7
1789016400,13.2,35.9,9.5,39.2,2.2,42.8,64,53.6,56.4,9.3,1011.4,1025.6,1018.4,44.6,68,56.4,56.2,48.2
1789020000,15.3,31.2,10,39.6,3.9,41,64,53.1,55.7,9.9,1011,1025.5,1018.2,43,66.9,55.7,55.3,45.3
1789023600,15.7,29.4,10.4,40.3,4.2,41,64,53.1,55.5,10,1010.6,1025.4,1018.2,43,66.9,55.5,55.3,45.2
1789027200,16.1,27.6,10.8,40.9,4.5,41.9,63,52.9,55.1,10.3,1011,1025.8,1018.3,43,66.2,55.1,54.7,40.1
1789030800,16.5,25.8,11.2,41.6,4.8,41.9,63,52.7,54.8,10.6,1011.1,1026,1018.6,43,66,54.8,54.5,39.8
1789034400,17,24.1,11.6,42.2,5.2,41,63.9,52.7,54.8,10.7,1011,1026.7,1019,43,66.2,54.7,54.3,34.9
1789038000,17.4,22.3,12,42.9,5.5,43,64.4,53.8,56.4,9.3,1011.7,1027,1019.4,45,66.9,56.3,55.9,36.8
1789041600,17.8,20.5,12.4,43.5,5.8,44.6,64.9,55,58.9,7.3,1011.7,1027,1019.4,48,69.8,58.8,58.5,27.6
1789045200,18.2,18.7,12.8,44.2,6.1,46,66,56.1,62.1,4.9,1011.4,1027.2,1019.6,52,71.6,62,62,27.5
1789048800,19.6,20.6,17.4,38,4.4,46.9,66.2,56.8,66.2,2.4,1011.8,1027.3,1019.3,56.8,75.2,66.1,66.1,20.2
1789052400,25.5,21.9,15.6,31.8,5.2,45,66.9,56.6,69.6,1.3,1011.2,1027,1019,59.9,79.9,69.4,69.4,14.9
1789056000,27.3,18,16.8,31.5,6.4,44.6,66.9,55.9,71.7,1,1010.9,1026.1,1018.5,60.8,82,71.5,71.5,6
1789059600,26.7,17.2,17.6,31.1,7.4,43,66.2,55.2,72.9,0.8,1010.5,1025.6,1018.1,61.9,84,72.7,72.7,5.6
1789063200,31.1,17.1,16.1,28.7,7,42.8,66,54.6,73.2,0.7,1009.7,1025.3,1017.8,62.6,84,73,73,5.3
1789066800,25.6,20.5,13.9,32.9,7.1,42.8,66,54.6,73.5,0.7,1009.8,1025,1017.4,62.6,84,73.3,73.3,3.5
1789070400,26.8,19.1,18.4,28.9,6.8,43,66,54.9,72.9,0.8,1009.6,1024.5,1017.2,62.1,83.8,72.8,72.8,5.4
1789074000,22.9,23.4,19.1,29.8,4.7,44.1,64.9,55.1,71.5,0.9,1010.1,1024.8,1017.3,61,82,71.4,71.4,5
1789077600,24.5,25.9,17.6,29.2,2.9,44.6,66,55.7,68.7,1.5,1010.5,1024.8,1017.4,59,78.8,68.6,68.5,10.9
1789081200,18.5,28.8,18.5,30.1,4.1,45.9,65.8,55.8,64.7,3.2,1010.9,1025,1017.8,55,74.8,64.6,64.6,23.1
1789084800,15,36.3,15.7,29.2,3.8,45,64.9,55.4,61.9,4.9,1011.6,1025.6,1018.4,51.1,71.6,61.9,61.9,32.4
1789088400,12.4,41.1,14,29.9,2.6,44.1,64.4,54.9,60,6.3,1011.5,1026.2,1018.7,48.9,69.8,60,60,41
1789092000,13,39,14.2,30.8,2.9,43,64.4,54.5,58.7,7.3,1011.6,1026.5,1018.7,46.9,69.1,58.6,58.5,44.2
1789095600,11.7,37,15.4,32.5,3.5,43,64.4,54,57.4,8.4,1011.7,1026.3,1018.7,46,68,57.4,57.2,50.7
1789099200,10.8,39.6,10.8,36.5,2.4,42.5,64.2,53.6,56.7,9,1011.6,1026.2,1018.6,45,68,56.7,56.5,49.8
1789102800,13.7,35.6,10.2,38.5,1.9,42.1,64,53.2,56,9.6,1011.5,1026,1018.5,44.1,68,56,55.8,48.9
1789106400,14.5,30.4,10.3,40.9,3.9,41,64,52.7,55.3,10.3,1011.4,1026.1,1018.3,43,66.9,55.3,54.9,45.4
1789110000,15.2,28.6,10.8,41.3,4.1,41,64,52.7,55.1,10.4,1010.7,1025.9,1018.3,43,66.2,55.1,54.8,44.8
1789113600,15.9,26.8,11.2,41.7,4.4,41,63,52.5,54.8,10.7,1011,1026,1018.4,43,66,54.8,54.3,39.3
1789117200,16.6,25,11.7,42.1,4.6,41,63,52.4,54.5,10.9,1011.2,1026.2,1018.6,42.8,64.9,54.5,54.1,41
1789120800,17.4,23.2,12.1,42.5,4.9,41,63,52.3,54.4,11,1011.5,1026.9,1019,42.8,66,54.4,53.9,34.4
1789124400,18.1,21.4,12.6,42.9,5.1,43,64,53.5,56,9.6,1011.7,1027.2,1019.5,44.6,66.2,56,55.5,36
1789128000,18.8,19.6,13,43.3,5.4,44.1,64.4,54.6,58.5,7.6,1011.7,1027.4,1019.5,46.9,69.1,58.4,58.1,27.4
1789131600,19.5,17.8,13.5,43.7,5.6,45.9,66,55.7,61.7,5.2,1011.8,1027.4,1019.6,51.8,71.6,61.6,61.6,26.3
1789135200,19.1,19.8,18.4,37.9,4.8,46.4,66.2,56.4,65.8,2.6,1011.8,1027.3,1019.4,55.9,75.2,65.6,65.6,19.5
1789138800,25,21.2,16,32.1,5.7,44.6,66.9,56.2,69.2,1.4,1011.3,1027,1019.1,59,79,69,69,13.5
1789142400,26.5,18,17.7,31.4,6.4,44.1,66.9,55.6,71.3,1,1011,1026.2,1018.6,60.1,81.9,71.1,71.1,5.9
1789146000,25.9,17.6,18,31.2,7.4,43,66.2,54.9,72.5,0.9,1010.8,1025.6,1018.2,61,82.9,72.3,72.3,5.3
1789149600,30.9,17.7,15.6,28.5,7.2,42.1,64.9,54.4,72.9,0.8,1009.8,1025.3,1017.8,62.6,82.9,72.7,72.7,5.5
1789153200,25.9,20.8,13.6,32.9,6.8,42.1,66,54.4,73,0.8,1009.8,1024.9,1017.5,62.1,82.9,72.9,72.9,3.5
1789156800,27.7,19.6,17.9,28.2,6.5,43,64.9,54.7,72.5,0.8,1009.8,1024.5,1017.3,62.1,82.9,72.4,72.4,5.4
1789160400,24.1,23.9,18.7,28.8,4.5,43,64.9,54.7,71.1,1,1010.2,1024.8,1017.5,61,81,70.9,70.9,4.7
1789164000,24.8,26,17.5,28.8,2.8,44.1,66,55.3,68.2,1.7,1010.9,1024.9,1017.6,59,77,68,68,10.4
1789167600,19.8,28.9,18,29.4,3.9,45,65.8,55.4,64.2,3.5,1011.1,1025,1017.9,54.9,73.4,64.1,64.1,23.2
1789171200,14.9,36.7,16.1,28.4,3.8,44.6,64.9,55,61.5,5.2,1011.7,1025.6,1018.5,50,71.1,61.4,61.4,33.3
1789174800,12.4,40.8,15,29.4,2.4,44.1,64.4,54.6,59.6,6.6,1011.6,1026.2,1018.8,48.2,69.8,59.6,59.5,40.2
1789178400,13.2,38.9,14.7,30,3.1,43,64.4,54.2,58.2,7.7,1011.8,1026.4,1018.7,46.4,68.9,58.2,58,44.8
1789182000,12.1,37.4,14.3,32.5,3.7,42.1,64.4,53.5,56.9,8.8,1011.7,1026.3,1018.8,45,68,56.9,56.7,49.4
1789185600,10.7,39.5,11,36.4,2.4,41.5,63.7,53.1,56.2,9.4,1011.7,1026.2,1018.7,44.5,67.5,56.2,56,49.8
1789189200,13.5,36.7,10.5,37.5,1.9,41,63,52.7,55.5,10.1,1011.7,1026.1,1018.6,44.1,66.9,55.5,55.3,50.2
1789192800,14.5,31.5,9.5,40.4,4.2,39.9,63,52.1,54.8,10.7,1011.4,1026,1018.4,42.1,66.9,54.8,54.4,46.7
1789196400,15.3,29.5,10.1,41,4.2,39.9,63,52.2,54.7,10.8,1010.8,1025.9,1018.4,42.8,66.2,54.7,54.4,45.6
1789200000,16.1,27.4,10.8,41.5,4.2,39.9,63,52,54.4,11,1011.2,1026.1,1018.5,42.8,66.2,54.4,54,40.2
1789203600,16.9,25.4,11.4,42.1,4.2,39.9,62.6,52,54.1,11.3,1011.4,1026.2,1018.7,42.1,64.9,54.1,53.7,43.2
1789207200,17.7,23.4,12.1,42.6,4.3,39.9,63,52,54.1,11.3,1011.6,1026.8,1019.1,42.1,66,54.1,53.6,35.3
1789210800,18.5,21.4,12.7,43.2,4.3,42.1,64,53,55.6,10,1011.8,1027.1,1019.5,44.1,66.2,55.5,55.1,37.6
1789214400,19.3,19.3,13.4,43.7,4.3,43,64.4,54.1,57.9,8.1,1011.8,1027.4,1019.6,46.9,69.1,57.9,57.5,27.3
1789218000,20.1,17.3,14,44.3,4.3,45,64.9,55.2,61.2,5.5,1011.8,1027.3,1019.7,51.1,71.6,61.2,61.2,26.6
1789221600,19.8,20.5,18.6,37,4.1,45,66,56,65.3,2.9,1011.8,1027.3,1019.6,55,75,65.2,65.2,19
1789225200,24.5,21.9,15.7,32.1,5.9,43.9,66.9,56,68.8,1.6,1011.3,1026.8,1019.2,57.9,79,68.7,68.6,12.1
1789228800,25.8,19.2,18,31.3,5.7,43,66.9,55.2,70.9,1.2,1011,1026.3,1018.7,60.1,81.9,70.7,70.7,6.2
1789232400,25.3,18.4,18,30.9,7.4,42.8,66,54.6,72.1,1,1010.8,1025.6,1018.2,60.8,82.9,71.9,71.9,5.6
1789236000,30.5,18.9,15.8,28.3,6.5,41.9,64.9,54.1,72.6,0.9,1009.8,1025.3,1017.9,61.9,82.9,72.4,72.4,5
1789239600,25.6,21.7,14.5,31.9,6.3,42.1,65.8,54.1,72.7,0.9,1009.8,1024.8,1017.5,61.9,82.9,72.5,72.5,3.8
1789243200,26,20.2,18.8,28.3,6.7,43,64.9,54.4,72.2,0.9,1009.6,1024.5,1017.3,61.9,82.4,72.1,72.1,5.3
1789246800,22.7,25.1,18.9,29.1,4.3,42.8,64.9,54.4,70.7,1.1,1010.3,1024.8,1017.5,61,81,70.6,70.5,4.7
1789250400,23.5,27,18.3,28.9,2.3,43,66,55,67.8,1.8,1010.8,1024.8,1017.6,57.9,77,67.7,67.6,11.3
1789254000,18.9,30.7,17,30,3.4,44.6,64.9,55.2,63.8,3.7,1011,1024.8,1017.9,54,73.4,63.8,63.7,24.8
1789257600,14.7,37.8,15.9,28,3.6,44.1,64.4,54.7,61.1,5.5,1011.6,1025.6,1018.5,50,71.1,61,61,33.6
1789261200,11.9,41.8,15.2,29.2,1.9,43,64.4,54.3,59.3,6.9,1011.5,1025.9,1018.7,48,69.8,59.3,59.2,40
1789264800,13.5,39.4,13.9,30,3.1,43,64.4,53.9,57.9,8,1011.6,1026.3,1018.7,46,69.1,57.9,57.7,45.3
1789268400,12.3,38.8,13.3,31.7,3.9,42.1,64,53.2,56.5,9.2,1011.7,1026.1,1018.8,45,68,56.5,56.3,48.9
1789272000,10.2,40.8,10.2,36.4,2.4,41.5,63.5,52.8,55.9,9.8,1011.6,1026,1018.6,44,67.5,55.9,55.6,49.8
1789275600,12.2,37,10.8,38.1,1.9,41,63,52.4,55.2,10.4,1011.5,1025.9,1018.5,43,66.9,55.2,54.9,50.7
1789279200,13.7,31.6,9.8,40.8,4.2,39.9,63,51.8,54.5,11.1,1011.4,1026,1018.4,42.1,66.9,54.5,54,47.4
1789282800,14.6,29.5,10.5,41.2,4.3,39.9,63,51.9,54.3,11.2,1010.8,1025.9,1018.3,42.1,66.2,54.3,54,45.6
1789286400,15.5,27.5,11.2,41.6,4.3,39.9,63,51.8,54.1,11.3,1010.7,1026.1,1018.4,42.1,66.2,54.1,53.7,41.2
1789290000,16.4,25.4,11.9,42,4.4,39.9,62.6,51.7,53.8,11.5,1011.1,1026.2,1018.6,42.1,64.9,53.8,53.4,44.1
1789293600,17.3,23.4,12.6,42.3,4.4,39.9,63,51.7,53.8,11.6,1011.5,1026.7,1019,42.1,66,53.8,53.2,35.4
1789297200,18.2,21.3,13.3,42.7,4.5,42.1,64,52.7,55.2,10.3,1011.7,1027.1,1019.4,44.1,66.2,55.2,54.7,37.8
1789300800,19.1,19.3,14,43.1,4.5,43,64.4,53.9,57.6,8.3,1011.6,1027,1019.4,46,69.1,57.6,57.3,27.8
1789304400,20,17.2,14.7,43.5,4.6,44.6,64.9,55.1,60.9,5.7,1011.3,1027.2,1019.5,51.1,71.6,60.9,60.9,28.3
1789308000,20.6,20.8,17.9,37,3.6,45,66,55.9,65.1,3.1,1011.6,1027.2,1019.4,55,75,65,65,19.4
1789311600,24,21.9,16.2,31.8,6.2,43,66.9,55.9,68.6,1.7,1011,1026.6,1019,57.9,79,68.5,68.4,12.4
1789315200,24.9,20.2,17.8,31.4,5.7,43,66.2,55.2,70.7,1.2,1010.8,1026.1,1018.5,59.9,81,70.5,70.5,6.2
1789318800,24.4,19.4,18,31.6,6.7,42.1,66,54.6,71.9,1,1010.5,1025.5,1018,60.8,82.9,71.7,71.7,5.8
1789322400,29.7,19.4,16.3,28.5,6.2,41,64.9,54.1,72.3,0.9,1009.7,1025.1,1017.7,61,82.4,72.2,72.1,5
1789326000,25.9,21.3,15,31.5,6.3,41.9,64.9,54,72.5,0.9,1009.4,1024.6,1017.4,61,82.9,72.3,72.3,4.4
1789329600,26.6,19.9,18.7,27.9,6.9,42.8,64.9,54.3,72,1,1009.5,1024.3,1017.1,61,82.4,71.8,71.8,5.1
1789333200,24.3,25.5,18.3,27.4,4.5,42.8,64.9,54.4,70.4,1.2,1010,1024.4,1017.3,60.8,81,70.3,70.3,4.8
1789336800,24.5,26.4,18.8,28,2.4,43,66,55,67.5,2,1010.5,1024.4,1017.5,57.9,77,67.4,67.3,11.8
1789340400,18.4,30.9,17.5,30,3.2,44.1,64.9,55.1,63.5,3.9,1010.9,1024.6,1017.7,53.6,73.4,63.4,63.4,25.2
1789344000,14,38.3,15.7,28.6,3.3,43,64.4,54.6,60.9,5.6,1011.5,1025.4,1018.3,50,70.9,60.9,60.8,34
1789347600,11.9,41.8,14.6,29.8,1.9,43,64.4,54.2,59.2,7,1011.5,1025.6,1018.6,48,69.8,59.2,59.1,40.7
1789351200,14.1,38.8,14.4,29.3,3.4,42.8,64.4,53.8,57.9,8.1,1011.5,1025.8,1018.5,46,68.9,57.8,57.6,45.4
1789354800,11.7,38.2,14.4,31.8,4,41.9,64,53.1,56.5,9.2,1011.7,1025.9,1018.7,45,68,56.5,56.2,47.2
1789358400,9.5,40.9,10.6,36.7,2.4,41.5,63.5,52.6,55.8,9.9,1011.5,1025.8,1018.5,44,67.5,55.8,55.5,49
1789362000,12.4,37.1,10.2,37.9,2.4,41,63,52.1,55,10.6,1011.3,1025.7,1018.4,43,66.9,55,54.7,50.9
1789365600,13.2,30.8,10.1,42,3.9,39.2,63,51.6,54.4,11.2,1011.1,1025.7,1018.2,42.1,66.9,54.4,54,46.7
1789369200,14.1,28.8,10.8,42.2,4.1,39.9,63,51.7,54.2,11.3,1010.7,1025.7,1018.1,42.1,66.2,54.2,53.8,44.4
1789372800,15.1,26.8,11.4,42.4,4.2,39.9,62.6,51.6,54,11.4,1010.7,1026,1018.3,42.1,66,54,53.5,41.1
1789376400,16,24.8,12.1,42.6,4.4,39.9,62.6,51.6,53.7,11.7,1010.9,1026.1,1018.5,42.1,64.9,53.7,53.2,44.4
1789380000,16.9,22.9,12.8,42.9,4.6,39.9,63,51.6,53.7,11.7,1010.9,1026.7,1018.9,42.1,65.8,53.7,53.1,35
1789383600,17.8,20.9,13.5,43.1,4.8,41.9,63,52.5,55,10.5,1011.7,1027,1019.3,43.9,66.2,55,54.5,36.7
1789387200,18.8,18.9,14.1,43.3,4.9,43,64.4,53.7,57.5,8.5,1011.5,1027,1019.3,46,69.1,57.5,57.1,28.6
1789390800,19.7,16.9,14.8,43.5,5.1,44.6,64.9,54.8,60.6,5.9,1011.3,1027,1019.4,50,71.6,60.6,60.6,28.2
1789394400,20.2,20.2,17.5,37.7,4.4,45,66,55.6,64.6,3.3,1011.4,1027,1019.3,55,73.9,64.6,64.5,19.1
1789398000,23.6,21.7,15.8,33.3,5.4,43,66.2,55.7,68.2,1.8,1010.9,1026.6,1019,57.9,78.8,68,68,12.5
1789401600,24.6,19.9,18.2,31.8,5.5,43,66.2,54.9,70.3,1.3,1010.4,1026.1,1018.4,59,81,70.1,70.1,6.2
1789405200,24.8,18.4,17.5,32.9,6.4,42.1,65.8,54.4,71.3,1.1,1010.5,1025.5,1018,60.1,82.4,71.2,71.1,6
1789408800,29.5,18.5,16.5,29.3,6.2,41,64.9,53.9,71.7,1.1,1009.3,1025,1017.6,60.8,82.4,71.6,71.5,5.3
1789412400,25.6,21,15.5,31.9,6,41,64.9,53.9,72,1,1009.4,1024.4,1017.3,61,82.4,71.8,71.8,4.4
1789416000,25.6,20.6,18,29.3,6.5,42.8,64.9,54.1,71.4,1.1,1009.5,1024.2,1017.1,60.8,82,71.3,71.3,4.6
1789419600,23.4,25.3,17.7,29.1,4.5,42.8,64.9,54.2,69.9,1.3,1010.2,1024.4,1017.3,60.1,80.6,69.8,69.8,4.3
1789423200,23.5,26.4,19.1,28.5,2.6,43,66,54.8,66.9,2.2,1010.7,1024.4,1017.5,57,75.9,66.8,66.8,12.3
1789426800,18.7,30.6,17.1,30.6,3,44.1,64.9,54.9,63,4.2,1011,1024.6,1017.7,53.6,72.9,62.9,62.9,25.3
1789430400,13.8,37.9,15.7,29.3,3.3,43,64.4,54.3,60.6,5.9,1011.7,1025.3,1018.3,50,70,60.5,60.5,33.9
1789434000,11.9,41,15.5,30,1.7,42.8,64.4,54,58.8,7.3,1011.7,1025.6,1018.6,48,69.8,58.8,58.7,41.8
1789437600,13.3,38.6,14.3,30.2,3.6,42.8,64,53.5,57.5,8.3,1011.6,1025.8,1018.5,46,68,57.5,57.2,45.5
1789441200,12.3,37.8,14.1,31.9,4,41.9,63,52.8,56.2,9.5,1012.1,1025.9,1018.6,45,68,56.2,55.9,48.2
1789444800,9.5,40.5,10.3,37.1,2.6,40.9,62.8,52.3,55.5,10.2,1011.8,1025.8,1018.5,44,67.1,55.5,55.1,49.6
1789448400,12.8,35.6,10.2,39,2.4,39.9,62.6,51.8,54.7,10.9,1011.4,1025.7,1018.3,43,66.2,54.7,54.4,51
1789452000,13.1,29.8,9.7,43.7,3.6,39.2,62.6,51.4,54.1,11.4,1011.3,1025.7,1018.2,42.1,66.2,54.1,53.7,46.6
1789455600,14.1,27.7,10.4,43.7,4,39.9,62.6,51.4,53.9,11.5,1010.7,1025.6,1018.1,42.1,66,53.9,53.5,45.9
1789459200,15.1,25.7,11.2,43.6,4.3,39.9,62.6,51.3,53.7,11.7,1011,1025.8,1018.3,42.1,64.9,53.7,53.2,43
1789462800,16.1,23.6,11.9,43.6,4.7,39.9,62.6,51.3,53.4,11.9,1010.9,1026,1018.5,42.1,64.4,53.4,52.9,45.4
1789466400,17.2,21.5,12.6,43.6,5,39.9,62.6,51.2,53.3,12,1011,1026.3,1018.8,42.1,64.4,53.3,52.7,35
1789470000,18.2,19.4,13.3,43.6,5.4,41,63,52.3,54.8,10.7,1011.7,1027,1019.2,43.9,66,54.8,54.2,37.4
1789473600,19.2,17.4,14.1,43.5,5.7,42.8,64,53.4,57.1,8.7,1011.5,1027,1019.2,46,68.9,57.1,56.7,29.2
1789477200,20.2,15.3,14.8,43.5,6.1,44.1,64.4,54.5,60.2,6.2,1011.3,1027,1019.4,50,71.1,60.2,60.2,28.1
1789480800,20.7,20.2,16.3,37.6,5.1,44.6,64.9,55.4,64.2,3.5,1011.4,1026.9,1019.2,55,73.9,64.2,64.1,19.6
1789484400,22.9,21.2,15.8,34.2,5.9,43,66.2,55.4,67.7,2,1010.9,1026.4,1018.9,57.9,77,67.6,67.6,12.9
1789488000,24.2,18.9,18.9,32.4,5.5,43,66,54.7,69.8,1.4,1010.5,1026,1018.4,59,80.1,69.6,69.6,6.7
1789491600,24.1,17.5,18.4,33.3,6.7,42.1,64.9,54.3,70.9,1.2,1010.5,1025.5,1018,60.1,81,70.7,70.7,6.5
1789495200,29.3,17.7,17,29.5,6.5,41,64.9,53.7,71.2,1.2,1009.7,1025,1017.5,60.1,82,71.1,71,5.5
1789498800,25.6,20.6,15.2,31.6,6.9,41,64.9,53.8,71.5,1.1,1009.4,1024.4,1017.2,60.1,82,71.3,71.3,4.6
1789502400,25.7,19.7,17.8,30.1,6.7,42.8,64.9,53.9,70.9,1.2,1009.5,1024.2,1017.1,60.1,81,70.8,70.8,4.4
1789506000,23.1,24.8,17,30.2,5,42.1,64.9,54,69.3,1.5,1010.1,1024.3,1017.3,59,79,69.2,69.2,4.3
1789509600,23.8,26.4,18.2,28.8,2.8,42.8,64.9,54.5,66.3,2.4,1010.7,1024.3,1017.4,57,75.2,66.3,66.2,12.4
1789513200,18.7,29.7,16.9,32.2,2.5,43.9,64.4,54.6,62.5,4.5,1010.9,1024.5,1017.6,53.1,72,62.4,62.4,25.3
1789516800,13.8,36.9,15.5,30.7,3.1,43,64,54,60.1,6.1,1011.7,1025.3,1018.3,50,69.8,60.1,60,34.4
1789520400,11.8,39.6,15.2,31.5,1.9,42.8,64,53.7,58.4,7.5,1011.7,1025.6,1018.4,47.8,68.9,58.4,58.3,41.5
1789524000,13.6,36.7,14.3,31.7,3.8,42.1,64,53.2,57.2,8.5,1011.6,1025.7,1018.3,46,68,57.2,56.9,44.8
1789527600,13.5,36.5,13.3,32.5,4.2,41,63,52.6,56,9.6,1011.8,1025.9,1018.5,45,66.9,56,55.7,45.9
1789531200,11,38.4,10.7,37.3,2.6,40.5,62.8,52,55.2,10.3,1011.5,1025.8,1018.3,44,66.6,55.2,54.9,48
1789534800,13.6,33.5,10.4,39.6,2.9,39.9,62.6,51.4,54.4,11,1011.2,1025.6,1018.1,43,66.2,54.4,54.1,50.1
1789538400,13.9,28.8,10.5,43.2,3.6,39.2,62.6,51,53.8,11.6,1011.2,1025.6,1018.1,42.1,66,53.8,53.4,45.9
1789542000,14.9,26.8,11.1,43.2,4,39,62.6,51.1,53.6,11.7,1010.7,1025.6,1018,42.1,64.9,53.6,53.3,45
1789545600,15.8,24.9,11.8,43.3,4.3,39,62.1,51,53.4,11.9,1011.2,1025.8,1018.2,41,64.4,53.4,52.9,42.2
1789549200,16.8,22.9,12.4,43.3,4.7,39.2,62.1,51,53.2,12.1,1010.9,1025.8,1018.4,41,64.4,53.2,52.7,44.7
1789552800,17.7,20.9,13.1,43.3,5,39.9,61.9,50.9,53.1,12.2,1010.9,1026.3,1018.7,42.1,64,53.1,52.4,33.7
1789556400,18.7,18.9,13.7,43.3,5.4,41,62.6,51.9,54.4,11,1011.7,1026.8,1019.2,43,65.8,54.4,53.8,37.2
1789560000,19.6,17,14.4,43.4,5.7,42.8,63.9,53.1,56.8,9,1011.5,1026.8,1019.1,46,68,56.8,56.3,28
1789563600,20.6,15,15,43.4,6.1,44.1,64,54.1,59.9,6.5,1011.2,1027,1019.3,50,70.9,59.9,59.7,28.3
1789567200,21.5,18.8,16.6,38,5.1,44.1,64.9,55,63.8,3.7,1011.2,1026.9,1019.1,53.6,73.4,63.7,63.7,19.6
1789570800,23.3,20,15.3,34.9,6.4,42.8,66.2,55.1,67.2,2.2,1010.9,1026.4,1018.8,57,77,67.1,67.1,13.6
1789574400,24.6,19.3,17.4,33.2,5.5,42.1,66,54.4,69.3,1.6,1010.4,1026.1,1018.3,59,79,69.2,69.2,7.2
1789578000,23.7,17.2,17.7,34.7,6.7,41,64.9,53.9,70.3,1.5,1010.3,1025.5,1017.9,59,81,70.1,70,6.5
1789581600,27.2,17.9,16.7,31.5,6.7,41,64.9,53.4,70.7,1.3,1009.3,1025,1017.5,60.1,81,70.6,70.5,4.8
1789585200,25.8,20.5,14.3,32.9,6.5,41,64.4,53.4,70.9,1.4,1009.2,1024.5,1017.2,59,81,70.7,70.7,4.4
1789588800,25.2,19.2,17.6,31.6,6.5,41,64.4,53.5,70.4,1.5,1009.4,1024.2,1017.1,57.9,80.6,70.2,70.2,4.4
1789592400,23.1,24.8,17.2,30,5,42.1,64.9,53.6,68.7,1.8,1010,1024.4,1017.3,57.9,78.8,68.6,68.6,3.8
1789596000,22.9,27.4,17.7,29,3.1,41.9,64.9,54.1,65.8,2.7,1010.6,1024.5,1017.5,55.9,75,65.7,65.6,12.4
1789599600,18,30.7,16.8,32.3,2.3,43,64.4,54.1,61.9,4.9,1010.8,1024.6,1017.7,52,71.6,61.9,61.7,25.2
1789603200,13.4,38,14.6,31.1,2.9,42.8,64,53.5,59.5,6.6,1011.7,1025.5,1018.3,48.9,69.8,59.5,59.4,35.5
1789606800,11.2,41.2,14,31.4,2.1,42.1,63.9,53.2,57.9,8,1011.7,1025.7,1018.5,46.9,68,57.9,57.7,41.5
1789610400,13.1,38.1,14,31.4,3.3,42.1,63.9,52.7,56.7,9,1011.6,1025.8,1018.4,46,68,56.7,56.4,45.2
1789614000,13.8,37.2,13.5,31.5,3.9,41,63,52.1,55.5,10.1,1011.8,1026,1018.6,44.1,66.9,55.5,55.1,46.4
1789617600,10.9,39.4,10.4,36.5,2.8,40,62.5,51.5,54.8,10.8,1011.5,1026,1018.5,43.1,66.6,54.8,54.4,48
1789621200,14.6,34.5,9.5,38.5,2.9,39,62.1,50.9,54,11.5,1011.3,1026.1,1018.3,42.1,66.2,54,53.6,49.5
1789624800,13.2,30.5,9.9,42.9,3.6,38.8,62.6,50.4,53.3,12.2,1011.2,1026.1,1018.2,41,65.8,53.3,52.7,44.7
1789628400,14.1,28.3,10.6,42.9,4.1,37.9,62.1,50.5,53.1,12.3,1010.7,1026.1,1018.1,41,64.4,53.1,52.7,44.7
1789632000,15,26.1,11.4,43,4.6,37.9,62.1,50.5,52.9,12.5,1011.2,1026.1,1018.3,41,64.4,52.9,52.2,42.5
1789635600,15.9,23.9,12.1,43,5.1,39,61.9,50.4,52.5,12.7,1011,1026.1,1018.5,39.9,64,52.5,51.9,43.6
1789639200,16.9,21.7,12.9,43.1,5.5,39.2,61,50.5,52.6,12.6,1010.9,1026.7,1018.9,41,64,52.6,51.9,33.7
1789642800,17.8,19.5,13.6,43.1,6,39.9,62.1,51.3,53.8,11.6,1011.7,1027.1,1019.4,42.8,64.9,53.8,53.1,37.8
1789646400,18.7,17.3,14.4,43.2,6.5,42.1,63,52.6,56.2,9.5,1011.5,1027,1019.2,45,68,56.2,55.7,29.1
1789650000,19.6,15.1,15.1,43.2,7,43,64,53.6,59.3,7,1011.3,1027.3,1019.5,48.2,70,59.3,59.2,27.6
1789653600,21.4,19.5,17.5,36.7,4.9,43,64.9,54.3,63.2,4.1,1011.2,1027.1,1019.4,53.1,73,63.1,63.1,19.2
1789657200,23.2,21.3,15.4,34.4,5.7,42.1,66,54.5,66.7,2.4,1010.9,1026.6,1019,55.9,77,66.6,66.6,14.4
1789660800,24,20.7,17.6,32.6,5,41,64.9,53.7,68.8,1.8,1010.5,1026.2,1018.4,57.9,79,68.6,68.6,7.9
1789664400,22.8,18.4,18.4,34.1,6.2,39.9,64.9,53.1,69.7,1.6,1010.3,1025.7,1018,59,80.6,69.5,69.5,6.7
1789668000,26.9,19.2,16.8,31.2,6,39.9,64.9,52.8,70.4,1.4,1009.3,1025.1,1017.7,59.9,81,70.3,70.2,5.1
1789671600,25.7,20.9,14.7,32.4,6.2,39.9,64.4,52.8,70.4,1.5,1009.2,1024.6,1017.4,59,80.6,70.3,70.3,4.1
1789675200,24.8,20.8,16.9,31.5,6,39.9,64.4,53,69.9,1.5,1009.3,1024.3,1017.2,57.9,80.1,69.8,69.8,4.4
1789678800,22.6,26.1,16.5,29.9,4.9,41,64.4,52.9,68.3,1.9,1009.6,1024.5,1017.5,57.2,78.8,68.2,68.1,3.5
1789682400,22.9,28.6,16.1,28.8,3.5,41,64.4,53.5,65.2,3,1010.5,1024.6,1017.6,55.4,73.9,65.1,65,13.6
1789686000,18.7,31,16.2,31.9,2.3,42.1,64,53.5,61.3,5.3,1010.8,1025,1017.9,51.1,71.6,61.3,61.1,26.7
1789689600,12.9,39.1,14.3,31,2.6,42.1,63.9,53,59,7.1,1011.5,1025.6,1018.4,48.2,69.8,59,58.8,36.2
1789693200,11.2,41.6,14,31.4,1.9,42.1,63,52.6,57.4,8.5,1011.6,1026.1,1018.6,46,68,57.3,57.1,42.9
1789696800,13,39.5,13.7,30.7,3.1,41,63,52.1,56.1,9.6,1011.6,1026.5,1018.6,45,66.2,56.1,55.8,46.1
1789700400,13.7,39.5,12.3,30.9,3.7,39.9,62.6,51.5,54.9,10.6,1011.7,1026.4,1018.7,43,66.2,54.9,54.6,46.6
1789704000,11.2,39.5,10.6,35.3,3.4,38.9,61.8,50.9,54.1,11.3,1011.5,1026.3,1018.5,42.5,65.6,54.1,53.8,48
1789707600,14.9,35.8,9,36.9,3.4,37.9,61,50.3,53.3,12.1,1011.2,1026.3,1018.4,42.1,64.9,53.3,52.9,49.4
1789711200,13.3,30.7,9.7,42.3,4.1,37.9,61,49.8,52.6,12.8,1010.7,1026.3,1018.3,41,64.4,52.6,52.1,45.9
1789714800,14.3,28.4,10.4,42.4,4.6,37.9,60.8,49.9,52.4,12.9,1010.7,1026.1,1018.2,41,64,52.4,51.9,46.1
1789718400,15.3,26.2,11,42.5,5,37.4,61,49.8,52.1,13.2,1010.7,1026.3,1018.4,39.9,64,52.1,51.4,44.1
1789722000,16.3,23.9,11.7,42.6,5.5,37.9,61,49.9,51.9,13.3,1010.6,1026.3,1018.6,39.2,64,51.9,51.2,45.5
1789725600,17.4,21.7,12.4,42.8,5.9,37.9,60.8,49.9,52,13.2,1010.9,1026.8,1018.9,39.9,63,52,51.2,34.6
1789729200,18.4,19.4,13.1,42.9,6.4,39.2,62.1,50.7,53.1,12.2,1011.6,1027.1,1019.4,42.1,64.4,53.1,52.3,38.6
1789732800,19.4,17.2,13.7,43,6.8,42.1,63,52.1,55.6,10.1,1011.2,1027.2,1019.3,44.6,66.9,55.6,55,30.9
1789736400,20.4,14.9,14.4,43.1,7.3,43,63,53,58.7,7.5,1011.3,1027.4,1019.6,48,70,58.7,58.5,28.2
1789740000,23.5,19.1,15.7,36.6,5.1,43,64.4,53.8,62.5,4.6,1011.1,1027.3,1019.5,53.1,73,62.4,62.4,20.1
1789743600,23.9,20.8,14.7,35,5.7,41.9,64.9,54,66.1,2.6,1010.9,1026.8,1019.1,55.9,77,66,66,14.9
1789747200,23.6,20.5,17.4,32.9,5.5,41,64.9,53.2,68.2,1.9,1010.4,1026.6,1018.5,57.2,78.8,68.1,68.1,7.7
1789750800,22.8,18.4,18.4,34.3,6,39.9,64.4,52.7,69.2,1.7,1010.3,1026.1,1018.1,57.9,80.1,69.1,69.1,6.7
1789754400,27.4,19.2,16.1,31.7,5.5,39.9,64.4,52.4,70,1.5,1009.3,1025.4,1017.7,59,81,69.8,69.8,5.3
1789758000,25.5,20.5,14.7,32.9,6.4,39.2,64,52.4,69.9,1.6,1009.3,1024.9,1017.4,57.9,80.6,69.8,69.8,4.6
1789761600,24.5,21.1,16.4,32.6,5.3,39.9,64.4,52.7,69.5,1.6,1009.4,1024.3,1017.2,57.2,80.1,69.4,69.4,4.2
1789765200,21.8,26.3,15.7,31.2,4.9,39.9,64.4,52.6,67.8,2,1010,1024.8,1017.5,57.2,78.1,67.7,67.7,4
1789768800,23.8,28,14.8,28.9,4.5,41,64.4,53.2,64.6,3.2,1010.5,1025.1,1017.6,55,73.9,64.6,64.5,13.7
1789772400,18.1,30.9,15.8,33,2.3,42.1,64,53.1,60.9,5.6,1010.8,1025.1,1017.9,51.1,71.1,60.9,60.8,26.8
1789776000,12.9,37.6,14.5,32.1,2.9,41.9,63.9,52.7,58.7,7.3,1011.6,1025.6,1018.5,48.2,69.1,58.7,58.5,37.1
1789779600,11.9,40.4,13.8,32.1,1.9,41,63,52.3,57,8.8,1011.4,1025.9,1018.6,46,68,57,56.7,43.9
1789783200,14,37.5,12.8,32.5,3.1,41,63,51.8,55.9,9.7,1011.3,1026.4,1018.5,44.6,66.2,55.9,55.6,46.4
1789786800,13.2,37.5,12.3,33.1,3.9,39.9,62.6,51.2,54.7,10.8,1011.1,1026.3,1018.7,43,66,54.7,54.3,47.5
1789790400,11.5,38,10.7,36.5,3.4,38.9,61.7,50.6,53.9,11.6,1011,1026.3,1018.5,42,65.5,53.9,53.5,48.6
1789794000,14.4,34.8,8.2,39.4,3.2,37.9,60.8,50,53.1,12.3,1011,1026.3,1018.3,41,64.9,53.1,52.6,49.8
1789797600,12.5,29.6,9.1,44,4.7,37.9,61,49.7,52.4,13,1010.5,1026.2,1018.2,41,64.4,52.4,51.9,46.4
1789801200,13.6,27.5,9.7,43.9,5.2,37.4,60.8,49.7,52.2,13.1,1010.4,1026.1,1018.2,41,64,52.2,51.8,46.3
1789804800,14.7,25.5,10.2,43.9,5.7,37.4,61,49.6,51.9,13.4,1010.3,1026.1,1018.4,39.2,63,51.9,51.2,44.3
1789808400,15.8,23.4,10.8,43.8,6.2,37.4,61,49.7,51.7,13.5,1010.3,1026.3,1018.5,39.2,63,51.7,51,47.5
1789812000,16.8,21.3,11.4,43.7,6.8,37.9,60.8,49.6,51.7,13.5,1010.6,1026.7,1018.8,39.9,63,51.7,51,36.6
1789815600,17.9,19.2,12,43.6,7.3,39.2,62.1,50.5,52.9,12.4,1011.2,1027.1,1019.3,42.1,64.4,52.9,52.1,39.5
1789819200,19,17.2,12.5,43.6,7.8,42.1,63,51.9,55.3,10.2,1011.2,1026.9,1019.2,44.6,66.9,55.3,54.8,31.4
1789822800,20.1,15.1,13.1,43.5,8.3,43,63,52.9,58.5,7.6,1011.1,1027.3,1019.3,48,69.8,58.5,58.3,28.2
1789826400,23.7,18.4,15.7,37,5.3,42.8,64.4,53.6,62.2,4.7,1010.8,1027,1019.3,53.1,73,62.2,62.1,19.1
1789830000,24.2,20,15,35.4,5.4,42.1,64.9,53.8,65.8,2.8,1010.7,1026.6,1018.9,55.4,77,65.7,65.6,14
1789833600,23.9,19.4,18.2,33,5.5,41,64.9,53.2,67.9,2,1010.4,1026.2,1018.3,57.2,78.8,67.8,67.8,7.7
1789837200,23.3,17.6,18.5,34.8,5.7,39.9,64.4,52.6,68.9,1.8,1010,1025.8,1018,57.9,80.1,68.7,68.7,6.9
1789840800,26.9,18.8,14.9,33.2,6.3,39.9,64.4,52.5,69.6,1.6,1009.2,1025.1,1017.5,57.9,81,69.5,69.5,5.3
1789844400,24.9,20.6,14.8,33.7,6,39.2,64,52.4,69.6,1.7,1009.2,1024.5,1017.3,57.2,80.6,69.4,69.4,4.6
1789848000,24.6,21.1,15.1,33.9,5.3,39.9,64.4,52.6,69.1,1.8,1009.3,1024.3,1017.1,57.2,80.1,69,68.9,4.2
1789851600,22.2,26.2,14.9,32.1,4.7,39.9,64.4,52.6,67.5,2.1,1009.6,1024.5,1017.3,57,77.9,67.4,67.3,4.7
1789855200,23.9,28.2,13.7,30.1,4,41,64,53,64.2,3.5,1010.5,1025.1,1017.5,54,73.9,64.2,64.1,14.8
1789858800,18.3,30.1,14.8,34.5,2.3,41,64,53,60.7,5.8,1010.7,1025.1,1017.8,50,71.1,60.6,60.5,26.4
1789862400,12.9,37.2,14.1,33.4,2.4,41,63.9,52.5,58.5,7.5,1011.5,1025.4,1018.3,48,69.1,58.5,58.2,36.9
1789866000,11.5,39.7,13.6,33.3,1.9,41,63,52.1,56.9,9,1011.3,1025.8,1018.4,46,68,56.8,56.5,43.3
1789869600,13.1,36.9,13.1,34,2.9,39.9,63,51.6,55.7,9.9,1011.2,1026.1,1018.4,44.6,66.2,55.7,55.4,46.5
1789873200,13.1,36.3,11.9,34.8,4,39.2,62.6,51.1,54.6,10.9,1011,1026.3,1018.6,42.8,66,54.6,54.1,46.1
1789876800,11.7,35.7,11.2,38.5,2.9,38.5,61.7,50.5,53.8,11.7,1010.9,1026.3,1018.4,41.9,65.5,53.8,53.3,47.5
1789880400,14.1,31.8,8.8,42.4,2.9,37.9,60.8,49.9,53,12.4,1010.7,1026.3,1018.2,41,64.9,53,52.5,48.9
1789884000,12.6,28.4,8.4,46.1,4.5,37.9,61,49.6,52.4,13,1010.4,1026.2,1018.1,41,64.4,52.4,51.8,45.8
1789887600,13.6,26.4,9.1,45.9,5,37.4,60.8,49.6,52.2,13.1,1010,1026.1,1018,39.9,64,52.2,51.7,45.8
1789891200,14.5,24.4,9.8,45.8,5.5,37.4,60.8,49.5,51.8,13.4,1010,1026.1,1018.2,39.2,63,51.8,51.1,44
1789894800,15.5,22.4,10.5,45.6,6,37.4,61,49.6,51.6,13.6,1010,1026.3,1018.3,39.2,64,51.6,50.9,47.2
1789898400,16.4,20.5,11.2,45.4,6.5,37.9,60.8,49.6,51.7,13.5,1010.3,1026.6,1018.6,39.9,63,51.6,50.9,36
1789902000,17.4,18.5,11.9,45.2,7,39.2,61,50.4,52.8,12.5,1010.7,1027.1,1019.1,41,64.4,52.8,52,38.4
1789905600,18.3,16.5,12.6,45.1,7.5,41,63,51.8,55.2,10.4,1010.3,1026.9,1019,44.6,66.9,55.2,54.6,32
1789909200,19.3,14.5,13.3,44.9,8,43,63,52.7,58.3,7.8,1010,1027.3,1019.1,46.9,69.8,58.2,58,27.7
1789912800,22.9,18.6,14,39,5.5,42.8,64,53.4,61.9,5.1,1010.2,1027.1,1019.1,52,72.9,61.8,61.7,20
1789916400,23,19.7,15.7,36.6,4.9,42.1,64.4,53.7,65.3,3,1010.5,1026.6,1018.7,55.4,75.9,65.3,65.2,13.8
1789920000,23,19.4,18,34.3,5.3,41,64.4,53.3,67.6,2.1,1010,1026.2,1018.1,57.2,78.1,67.4,67.4,7.2
1789923600,23.2,16.5,19.5,35.1,5.7,39.9,64,52.5,68.4,2,1009.4,1025.8,1017.7,57.2,79,68.3,68.2,7.1
1789927200,26.6,18,15.1,34.1,6.2,39.9,64.4,52.5,69.2,1.8,1008.9,1025.1,1017.2,57.2,80.1,69.1,69,5.8
1789930800,24.5,19.9,14.8,34,6.7,39.2,64,52.4,69.2,1.9,1009,1024.5,1017,57,80.1,69.1,69.1,4.9
1789934400,24.1,20.9,14.6,34.6,5.8,39.9,64,52.5,68.7,1.9,1008.8,1024.3,1016.8,57,79.9,68.5,68.5,4.2
1789938000,22,25.3,15.9,32.1,4.7,39.9,64.4,52.4,67.1,2.3,1008.7,1024.5,1017.1,56.8,77,67,66.9,4.7
1789941600,23.3,28,14.3,30.2,4.3,41,64,52.9,63.8,3.7,1009.6,1024.8,1017.2,54,73.9,63.8,63.7,15.4
1789945200,17.8,30.5,15,33.9,2.8,41,64,52.8,60.3,6.1,1010.6,1025.1,1017.7,50,71.1,60.3,60.1,25.5
1789948800,12.3,37,14.3,34.1,2.4,41,63,52.4,58.2,7.8,1011,1025.4,1018.1,48,69.1,58.2,58,36.3
1789952400,11.5,40.1,13,33.2,2.2,41,63,51.9,56.6,9.2,1010.7,1026,1018.2,45,68,56.5,56.2,42.3
1789956000,12.9,37.9,12.4,33.9,2.9,39.9,63,51.4,55.4,10.2,1010.5,1026.3,1018.2,44.1,66.2,55.4,55.1,45.2
1789959600,12.4,37.1,11.9,34.9,3.7,39.2,62.6,50.8,54.3,11.2,1010.7,1026.3,1018.4,42.8,66,54.3,53.8,44.8
1789963200,11.7,35.4,10.7,39.1,3.1,38.5,61.7,50.3,53.5,11.9,1010.5,1026.3,1018.3,41.9,65.5,53.5,53,46.2
1789966800,14.1,31.8,8,43.2,2.9,37.9,60.8,49.7,52.7,12.7,1010.2,1026.4,1018.1,41,64.9,52.7,52.2,47.6
1789970400,12.7,28.2,8.2,46.3,4.5,37.9,61,49.3,52.1,13.3,1009.7,1026.2,1018,41,64.4,52.1,51.5,44.1
1789974000,13.6,26,8.9,46.3,5,37.4,60.8,49.4,52,13.3,1009.8,1026.1,1017.8,39.9,64,52,51.5,44.2
1789977600,14.5,23.9,9.7,46.3,5.6,37,60.8,49.3,51.7,13.6,1009.5,1026.2,1018.1,39.2,63,51.6,50.9,44.4
1789981200,15.4,21.7,10.4,46.3,6.1,37.4,60.8,49.4,51.5,13.8,1009.2,1026.3,1018.2,39.2,64,51.4,50.8,45.9
1789984800,16.3,19.5,11.1,46.4,6.7,37.9,60.8,49.4,51.5,13.7,1009.8,1026.6,1018.4,39.2,63,51.5,50.8,36.4
1789988400,17.2,17.3,11.8,46.4,7.2,39.2,61,50.1,52.6,12.7,1010.4,1027.1,1018.9,41,64.4,52.5,51.7,38.4
1789992000,18.1,15.2,12.6,46.4,7.8,41,63,51.6,55,10.6,1009.8,1026.8,1018.8,44.1,66.9,55,54.3,31.8
1789995600,19,13,13.3,46.4,8.3,42.8,63,52.3,57.9,8.2,1009.7,1027.3,1019,46.9,69.8,57.8,57.5,26.7
1789999200,22.1,17.7,13.9,40.8,5.5,42.1,63.9,53,61.3,5.4,1010.2,1027.1,1019,52,72,61.3,61.2,19.4
1790002800,23.4,18.7,15.9,37.4,4.7,41,64.4,53.3,64.7,3.3,1010.3,1026.8,1018.7,55,75.2,64.6,64.5,13.5
1790006400,24.3,18.3,18,34.1,5.3,41,64,52.9,66.9,2.4,1009.3,1026.6,1018.1,55.9,77,66.8,66.8,6.3
1790010000,23.9,15.6,19.3,34.9,6.2,39.2,64,52,67.8,2.1,1009.3,1026.1,1017.7,57,78.8,67.7,67.6,7.2
1790013600,27,17.1,15.7,34,6.3,39.9,64,52.1,68.5,2,1008.6,1025.2,1017.1,57,79,68.4,68.4,5.6
1790017200,24.1,19,15.5,34.3,7,39,64,51.9,68.5,2.1,1008.8,1024.8,1017,55.9,79,68.4,68.4,5.1
1790020800,24.3,21.3,13.9,35,5.6,39.9,64,52,68,2.2,1008.3,1024.5,1016.8,55.9,78.8,67.8,67.8,3.7
1790024400,22,25.5,15.7,32.3,4.4,39.2,64,51.9,66.4,2.5,1008.4,1025,1017.1,55.4,77,66.3,66.2,4.9
1790028000,23.3,28.3,13.3,30.6,4.5,39.9,64,52.3,63.1,4.1,1008.9,1025.3,1017.3,53.6,73,63,62.9,15
1790031600,17.4,31.5,15,33.8,2.3,41,63.9,52.2,59.7,6.6,1009.7,1025.4,1017.7,48.9,69.8,59.6,59.4,24.1
1790035200,12.3,36.4,14.2,34.5,2.7,41,63,51.8,57.7,8.2,1010.4,1026.1,1018.1,46.9,68,57.6,57.3,35
1790038800,12.2,40.5,11.8,33.1,2.4,41,63,51.3,55.9,9.7,1010.3,1026.8,1018.3,45,66.9,55.9,55.5,41.3
1790042400,13.1,38,12.1,34,2.9,39.9,62.6,50.9,54.9,10.7,1010.5,1026.6,1018.3,43,66.2,54.9,54.5,44.6
1790046000,12.5,37.8,11.1,34.9,3.7,39,62.1,50.2,53.7,11.7,1010.3,1026.7,1018.4,42.1,64.9,53.7,53.2,43.8
1790049600,11.3,35.2,10.8,39.3,3.3,38.2,61.1,49.6,53,12.4,1010,1026.7,1018.3,41,64.7,53,52.5,45
1790053200,14.1,31.7,8.6,42.4,3.1,37.4,60.1,49,52.2,13.2,1009.7,1026.7,1018.1,39.9,64.4,52.2,51.7,46.3
1790056800,12.3,28.4,8.1,46.2,5,37.4,60.8,48.7,51.6,13.7,1009.5,1026.3,1018,39.2,64,51.6,51,42.9
1790060400,13.3,26.1,8.8,46.3,5.4,37,60.1,48.7,51.5,13.8,1009.7,1026.3,1017.9,39.2,64,51.4,50.9,42.8
1790064000,14.4,23.7,9.5,46.5,5.9,37,60.8,48.7,51.2,14.1,1009,1026.4,1018.1,38.8,63,51.1,50.4,43.5
1790067600,15.4,21.4,10.2,46.6,6.3,36,60.8,48.7,51,14.2,1009,1026.5,1018.3,37.9,64,50.9,50.2,43.9
1790071200,16.5,19.1,11,46.7,6.8,37.9,60.1,48.8,51.1,14.1,1009.5,1026.8,1018.5,39.2,62.6,51.1,50.3,35.7
1790074800,17.5,16.8,11.7,46.8,7.2,39,61,49.5,52,13.3,1010,1027.4,1019.1,39.9,64,52,51.1,36.5
1790078400,18.6,14.4,12.4,47,7.7,41,62.1,50.9,54.4,11.1,1009.7,1027.2,1018.9,43,66,54.4,53.7,31.6
1790082000,19.6,12.1,13.1,47.1,8.1,42.8,62.6,51.7,57.2,8.7,1009.5,1027.6,1019.1,46.4,69.1,57.2,56.8,25.9
1790085600,22,17.2,14.1,41.1,5.5,41.9,63,52.3,60.5,5.9,1009.9,1027.4,1019,51.1,71.1,60.5,60.3,19.8
1790089200,23.9,18,15.2,38.2,4.7,41,64,52.7,63.9,3.7,1010.2,1027,1018.8,54,73.9,63.9,63.8,13.1
1790092800,24.5,18.3,16.6,34.4,6.3,41,63.9,52.3,66.2,2.7,1009.4,1026.8,1018.2,55.4,77,66.1,66.1,6.5
1790096400,24.6,15.6,18.6,34.7,6.4,39,63.9,51.5,67.1,2.3,1009.3,1026.2,1017.8,55.9,78.1,67.1,67,6.9
1790100000,27.4,17,16,34,5.6,39.2,64,51.5,67.8,2.2,1008.7,1025.5,1017.3,55.9,78.8,67.7,67.7,6.1
1790103600,24.9,18.8,15.1,34.2,7,39,63.9,51.3,67.8,2.3,1008.8,1025.5,1017.2,55.9,78.8,67.7,67.7,5.4
1790107200,23.6,21.3,13.4,36.6,5.1,39.2,64,51.4,67.3,2.4,1008.6,1024.8,1016.9,55.4,78.1,67.2,67.2,3.9
1790110800,21.4,25.2,15.5,33.2,4.7,39.2,64,51.3,65.7,2.8,1008.7,1025.7,1017.3,55,75.9,65.7,65.5,4.7
1790114400,21.7,28.4,14.1,31,4.8,39.9,63.9,51.7,62.4,4.5,1009.3,1025.7,1017.5,52.9,72,62.3,62.2,15.4
1790118000,17.6,32,15.1,33.2,2.1,39.9,63,51.7,58.9,7.1,1009.8,1026.1,1017.9,48.9,69.1,58.9,58.6,23.5
1790121600,12.3,36.4,14.2,34.5,2.7,39.9,62.6,51.2,56.9,8.8,1010.4,1026.9,1018.3,46.4,68,56.9,56.6,34.7
1790125200,11.7,41.6,11,33.3,2.4,39.9,62.6,50.7,55.2,10.4,1010.4,1027.2,1018.5,44.6,66.2,55.2,54.7,42.1
1790128800,12.1,39.7,10.9,34.7,2.6,39.2,62.1,50.2,54.2,11.3,1010.5,1027,1018.5,43,65.8,54.2,53.7,45.8
1790132400,12.1,39.8,11.1,34.1,3,39,61,49.6,53.1,12.3,1010.4,1027,1018.5,41.9,64.9,53.1,52.5,45.3
1790136000,11.5,37,10.7,38,2.9,38,60.5,49,52.3,13.1,1010.1,1026.8,1018.5,40.5,64.5,52.3,51.6,46.5
1790139600,13.8,32.5,8.7,41.3,3.7,37,59.9,48.3,51.4,13.9,1009.9,1026.7,1018.4,39.2,64,51.4,50.8,47.6
1790143200,12.3,29.6,8.1,45,5,37,60.1,48.1,51,14.3,1009.4,1026.4,1018.1,39,63,51,50.4,44.3
1790146800,13.4,27.1,8.8,45.1,5.5,36,60.1,48.1,50.7,14.5,1009.7,1026.4,1018,37.4,63,50.7,50.2,43
1790150400,14.5,24.6,9.6,45.2,6.1,36,60.1,47.9,50.4,14.9,1009.4,1026.7,1018.3,37.4,62.6,50.4,49.6,45.3
1790154000,15.6,22.1,10.3,45.3,6.6,36,60.1,48.1,50.2,14.9,1009.1,1026.9,1018.3,37.4,63,50.2,49.4,45.2
1790157600,16.8,19.7,11,45.5,7.1,37,59.9,48.1,50.4,14.8,1009.8,1027.1,1018.7,37.9,62.1,50.4,49.5,37.3
1790161200,17.9,17.2,11.7,45.6,7.6,37.9,60.1,48.7,51.2,14,1010,1027.8,1019.3,39.2,63,51.2,50.2,37.3
1790164800,19,14.7,12.5,45.7,8.2,39.9,61,50.3,53.7,11.7,1009.7,1027.7,1019,42.8,64.9,53.7,52.9,32.4
1790168400,20.1,12.2,13.2,45.8,8.7,41,61.9,51.1,56.5,9.3,1009.3,1027.7,1019.2,45,68,56.5,56,27.1
1790172000,22.4,17.6,14.8,39.5,5.7,41,62.6,51.8,59.9,6.4,1009.9,1027.5,1019.1,50,70,59.9,59.7,20.6
1790175600,23.7,18.5,16.6,37,4.2,39.9,64,52.2,63.5,3.9,1010,1027,1018.8,53.1,73.4,63.5,63.4,13.1
1790179200,24.5,18.5,17.5,34.1,5.5,39.9,63,51.8,65.8,2.9,1009.3,1026.9,1018.3,55,75.9,65.7,65.7,6.7
1790182800,25.6,15.2,18.7,34.3,6.2,37.9,63,51,66.7,2.5,1009.2,1026.2,1017.8,55.9,78.1,66.7,66.6,7
1790186400,28,17.5,16.3,33.3,4.9,39,63,51,67.5,2.3,1008.6,1025.5,1017.3,55.9,78.8,67.5,67.4,5.6
1790190000,25.3,20.2,14.7,33.3,6.5,38.8,62.6,50.8,67.5,2.5,1008.2,1025.5,1017.1,55.4,78.8,67.5,67.4,5.1
1790193600,22.6,21.9,14.3,37,4.2,39,64,50.9,67.1,2.5,1008.2,1024.9,1017,55,78.1,67,67,3.7
1790197200,20.5,25.9,16.7,32.7,4.2,39,63,50.9,65.5,3,1008.4,1025.5,1017.3,55,75.2,65.4,65.3,4.7
1790200800,22.2,29.7,14.1,29.4,4.5,39.9,63,51.3,62,4.8,1009,1025.4,1017.4,52,72,62,61.8,15
1790204400,17.9,33.4,14.6,32,2.1,39.2,62.6,51.2,58.5,7.4,1009.7,1026.1,1018,48.2,69.1,58.5,58.2,24.2
1790208000,11.6,37.8,13.6,34.6,2.4,39.9,62.6,50.9,56.6,9,1010.3,1026.6,1018.2,46.4,68,56.6,56.2,35.4
1790211600,12.4,42.3,10,33,2.2,39.9,62.1,50.3,54.8,10.6,1010.2,1026.9,1018.5,44.6,66.2,54.8,54.3,42.5
1790215200,12.4,40.1,10.9,34.4,2.1,39,62.1,49.8,53.8,11.6,1010.5,1026.8,1018.4,42.8,64.9,53.8,53.3,46
1790218800,12.4,40.6,11.6,32.7,2.7,39,61,49.2,52.6,12.7,1010.2,1026.9,1018.5,41,64.4,52.6,52.1,47.2
1790222400,12.3,37.7,11,36.1,2.9,38,60,48.5,51.8,13.5,1009.9,1026.8,1018.4,40.1,63.7,51.8,51.3,47.3
1790226000,14.1,32.9,9.8,39.5,3.7,37,59,47.9,51,14.3,1009.5,1026.7,1018.3,39.2,63,51,50.4,47.4
1790229600,11.7,29.8,9.5,44.3,4.7,37,59,47.7,50.6,14.7,1009.3,1026.4,1018,37.9,62.6,50.6,50,45.5
1790233200,13,27.3,10.1,44.3,5.3,36,59,47.7,50.4,14.8,1009,1026.4,1017.9,37.4,63,50.4,49.8,43.1
1790236800,14.4,24.8,10.7,44.3,5.8,36,59,47.5,50,15.2,1009,1026.7,1018.2,37.4,62.1,50,49.2,45.6
1790240400,15.7,22.3,11.3,44.3,6.4,36,59.9,47.6,49.9,15.3,1009,1026.8,1018.2,37.4,62.6,49.9,49,45.5
1790244000,17,19.9,11.9,44.3,6.9,36,59,47.7,49.9,15.2,1009.4,1027.1,1018.6,37.4,61.9,49.9,49,38.7
1790247600,18.3,17.4,12.5,44.3,7.5,37.4,60.1,48.3,50.7,14.5,1009.7,1027.8,1019.1,39,62.6,50.7,49.7,38.2
1790251200,19.7,14.9,13.1,44.3,8,39.2,61,50,53.3,12,1009.4,1027.7,1018.9,42.8,64.9,53.3,52.5,32.6
1790254800,21,12.4,13.7,44.3,8.6,41,61,50.7,56.1,9.5,1009,1027.6,1019,45,66.9,56.1,55.6,27.5
1790258400,22.5,19.6,14.2,37.8,5.9,41,62.1,51.4,59.7,6.6,1009.2,1027.4,1019,50,70,59.7,59.4,21.3
1790262000,23.3,20,16.3,35.8,4.5,39.2,63,51.8,63.2,4.1,1009.4,1026.9,1018.7,53.1,73.4,63.2,63,12.7
1790265600,24.3,20,17.3,33.2,5.3,39.9,63,51.5,65.5,3,1008.8,1026.9,1018.1,54,75.9,65.5,65.5,7.5
1790269200,26.8,16.6,18,32.8,5.8,37.9,63,50.7,66.5,2.7,1008.9,1026.2,1017.6,55,77.9,66.4,66.3,7.2
1790272800,28.3,18.4,16.5,32,4.8,39,62.6,50.8,67.4,2.4,1008.4,1025.5,1017.1,55.4,78.8,67.4,67.3,5.3
1790276400,24.8,21.5,14.8,32.4,6.5,37.9,62.6,50.6,67.4,2.5,1008,1025.4,1017,55,78.8,67.3,67.3,5.1
1790280000,22.6,23,14.5,35.9,3.9,38.8,63,50.6,66.8,2.7,1008.1,1024.8,1016.8,55,78.1,66.7,66.7,3.5
1790283600,19.5,26.6,17.2,32.2,4.5,39,63,50.6,65.2,3.1,1008.4,1025.2,1017.1,54.9,75.2,65.2,65,4.5
1790287200,22,30.4,14.4,28.9,4.3,39.2,62.6,51,61.7,5,1008.9,1025.2,1017.3,51.8,71.6,61.7,61.5,16
1790290800,17.4,34.1,15.1,31.8,1.6,39.2,62.6,50.9,58.1,7.7,1009.7,1025.7,1017.9,48,69.1,58.1,57.8,24.2
1790294400,10.8,38.6,12.7,35.2,2.7,39.2,62.1,50.6,56.3,9.3,1010,1026.1,1018.1,46,66.9,56.3,55.9,36.5
1790298000,12.2,42.2,9.8,33.7,2.1,39.2,61,50,54.6,10.8,1010.2,1026.7,1018.3,44.1,66,54.6,54,42.1
1790301600,12.1,41.4,10.4,34.3,1.9,38.8,61,49.5,53.4,11.9,1010.5,1026.6,1018.3,42.8,64.9,53.4,52.9,45.1
1790305200,12.9,41.3,10.9,32.2,2.7,37.9,60.8,48.9,52.4,12.9,1010.2,1026.7,1018.3,41,64.4,52.4,51.9,46.9
1790308800,12.6,37.5,11.8,35.2,2.9,37.5,59.9,48.3,51.5,13.8,1009.9,1026.6,1018.2,40,63.7,51.5,51,46.8
1790312400,14,33.5,10,38.8,3.7,37,59,47.6,50.7,14.6,1009.5,1026.5,1018.1,39,63,50.7,50,46.6
1790316000,11.4,30.6,10,43.2,4.7,36.9,59,47.4,50.3,15,1009.3,1026.3,1017.8,37.4,62.1,50.3,49.6,47.1
1790319600,12.7,28.1,10.7,43.1,5.2,36,59,47.4,50.1,15.1,1008.7,1026.4,1017.8,37.4,62.6,50.1,49.4,44
1790323200,14.1,25.7,11.3,43.1,5.8,35.6,59,47.1,49.7,15.5,1009,1026.5,1018.1,37.4,62.1,49.7,48.8,45.8
1790326800,15.4,23.2,12,43,6.3,35.6,59,47.2,49.5,15.6,1008.6,1026.8,1018.1,37.4,61,49.5,48.6,45
1790330400,16.8,20.8,12.7,43,6.8,35.6,59,47.3,49.6,15.6,1009.2,1027.1,1018.4,37.4,61,49.6,48.6,39.8
1790334000,18.1,18.3,13.4,42.9,7.3,36.9,59.9,47.8,50.3,14.9,1009.5,1027.7,1019,38.8,62.1,50.3,49.2,39.4
1790337600,19.5,15.9,14,42.9,7.9,39.2,61,49.6,53.1,12.3,1009.2,1027.5,1018.7,42.8,64.9,53.1,52.2,33.3
1790341200,20.8,13.4,14.7,42.8,8.4,39.9,61,50.4,55.9,9.8,1008.8,1027.4,1018.9,45,66.9,55.9,55.3,26.5
1790344800,22.6,19.8,15.3,36.5,5.9,39.9,62.1,51,59.5,6.7,1008.5,1027.3,1018.8,50,70,59.5,59.1,20.7
1790348400,23.2,20.4,16.4,35.5,4.5,39.2,63,51.5,63,4.3,1009.1,1026.7,1018.5,52.9,73.4,63,62.8,12
1790352000,25.5,20,16.9,32.3,5.3,39.2,63,51.2,65.3,3.1,1008.5,1026.7,1017.9,54,75.9,65.3,65.2,7.5
1790355600,27.4,16.7,18.1,32.7,5.1,37.4,63,50.5,66.2,2.8,1008.5,1026.1,1017.4,54.9,77,66.2,66.1,6.8
1790359200,27.8,17.9,17.7,31.7,4.8,37.9,62.6,50.5,67.1,2.6,1008.1,1024.9,1016.9,55.4,78.8,67.1,67,5.1
1790362800,24.7,20.7,16.1,31.9,6.5,37.9,62.6,50.3,67.1,2.7,1008,1024.9,1016.8,54,78.8,67.1,67,4.7
1790366400,23.3,22.2,15.2,35.6,3.7,37.9,63,50.3,66.5,2.9,1008.1,1024.7,1016.7,55,78.1,66.5,66.4,3.7
1790370000,20.8,25.9,17,31.8,4.5,38.8,63,50.4,64.9,3.4,1008.2,1024.9,1017,54,75.2,64.8,64.7,5.2
1790373600,21.7,29.6,14.8,29.1,4.8,39,62.6,50.7,61.3,5.3,1008.6,1025.1,1017.2,51.8,71.6,61.3,61.1,16.4
1790377200,18.4,33.6,15.4,31,1.6,39,62.6,50.5,57.8,8,1009.7,1025.4,1017.8,47.8,69.1,57.8,57.5,23.7
1790380800,11.9,37.9,12.4,35,2.9,39.2,62.1,50.2,56,9.6,1009.9,1025.5,1018,46,66.9,56,55.6,35.5
1790384400,12.2,41.1,10.5,33.9,2.4,39,61,49.7,54.4,11,1009.8,1026.5,1018.2,44.1,66,54.4,53.8,41.1
1790388000,12.1,39.5,12.1,33.8,2.6,37.9,60.8,49.2,53.2,12.2,1010.3,1026.3,1018.2,42.1,64.9,53.2,52.6,43.3
1790391600,12.9,40.9,11.2,32.3,2.7,37.4,60.8,48.6,52.2,13.1,1009.5,1026.2,1018.1,39.9,64.4,52.2,51.6,45.4
1790395200,13.5,37.2,11.5,34.6,3.1,36.7,59.9,48,51.3,13.9,1009.4,1026.3,1018,39.5,63.7,51.3,50.7,45.6
1790398800,14.2,33.4,10,38.4,3.9,36,59,47.3,50.4,14.8,1009.3,1026.4,1018,39,63,50.4,49.8,45.8
1790402400,11.8,30.9,10.4,42.1,4.8,36,59,47.1,50,15.2,1009.1,1026.2,1017.6,37.4,62.1,50,49.4,46.9
1790406000,12.9,28.4,11.1,42.3,5.3,35.6,59,47.2,49.9,15.3,1008.6,1026.3,1017.6,37.4,62.6,49.9,49.2,44.3
1790409600,14,25.9,11.8,42.4,5.8,35.6,59,47,49.5,15.7,1008.9,1026.4,1017.9,37.4,62.1,49.5,48.6,45.5
1790413200,15.1,23.4,12.5,42.6,6.3,35.6,59,46.9,49.3,15.9,1008.6,1026.7,1018,37,61,49.3,48.3,44.7
1790416800,16.2,20.9,13.3,42.8,6.9,35.1,59,46.9,49.2,15.9,1009.2,1027,1018.3,37,61,49.2,48.2,40
1790420400,17.3,18.4,14,43,7.4,36,59.9,47.4,50,15.2,1009.5,1027.7,1018.9,37.9,62.1,50,48.8,39.5
1790424000,18.4,15.9,14.7,43.1,7.9,39,60.8,49.2,52.7,12.7,1009.4,1027.2,1018.6,41.9,64.9,52.7,51.8,33.7
1790427600,19.5,13.4,15.4,43.3,8.4,39,61,49.9,55.5,10.2,1009,1027.3,1018.8,44.6,66.9,55.5,54.7,27.1
1790431200,23.3,19.6,14.4,36.6,6.1,39,62.1,50.6,59,7.2,1008.5,1027.2,1018.7,48.2,70,59,58.6,20.5
1790434800,23.6,19.5,17.6,35.5,3.8,39,63,51.1,62.5,4.7,1009.1,1026.7,1018.5,51.8,73,62.5,62.2,12.3
1790438400,26.8,20,15.9,32.4,4.9,37.9,63,51,64.9,3.4,1008.5,1026.7,1017.8,53.6,75.2,64.9,64.7,7.4
1790442000,28.7,16.4,17.8,32.5,4.7,37,63,50.2,65.8,3.1,1008.3,1026.1,1017.3,54,77,65.7,65.6,7.3
1790445600,28,18,18,31.6,4.4,37.4,62.6,50.2,66.6,2.9,1008.1,1024.8,1016.8,54.9,78.8,66.6,66.4,4.9
1790449200,23.5,20.7,16.9,32.4,6.6,37,62.6,49.8,66.6,3,1008,1024.9,1016.7,54,78.8,66.6,66.4,4.7
1790452800,22.2,22.2,15.2,36.4,4,37.4,62.6,49.9,66.1,3.2,1008.1,1024.6,1016.6,54,77.9,66,65.9,3.3
1790456400,19.8,25.2,16.7,33.4,4.9,37.9,62.6,49.9,64.3,3.8,1008.4,1024.9,1016.9,53.6,75,64.3,64.1,5.6
1790460000,20.7,28.8,15.2,30.7,4.5,37.9,62.6,50.3,60.7,5.8,1009,1025.1,1017.1,50.9,71.1,60.7,60.5,17.1
1790463600,17.6,32.8,14.5,33.3,1.9,38.8,62.1,50.1,57.4,8.4,1009.7,1025.4,1017.7,46.9,68,57.4,57,23.2
1790467200,12.2,36.7,11.2,37,2.9,39,61,49.8,55.7,9.9,1009.9,1025.4,1017.9,45,66.9,55.7,55.2,34.6
1790470800,12.9,39.8,9.6,35.3,2.4,38.8,60.8,49.3,54.2,11.3,1009.8,1026,1018,44.1,66,54.2,53.5,40.7
1790474400,11.9,38.8,11.2,35.5,2.6,37.9,60.8,48.8,53,12.4,1010.3,1026.1,1018.1,41,64.9,53,52.3,43.1
1790478000,13.4,38.8,11.8,33.5,2.5,37.4,60.8,48.4,52.1,13.2,1009.5,1026,1018,39.9,64.4,52.1,51.4,45.3
1790481600,13.2,35.3,11.3,36.8,3.4,36.7,59.9,47.7,51.2,14.1,1009.3,1026.3,1018,38.9,63.7,51.2,50.5,45
1790485200,14.1,32,9.9,40.5,3.5,36,59,47,50.3,14.9,1009.1,1026.5,1017.9,37.9,63,50.3,49.6,44.6
1790488800,12.1,28.7,11.8,43.1,4.2,36,59,47,50,15.3,1008.9,1026.2,1017.5,37.4,62.1,50,49.3,45.7
1790492400,13.2,26.6,12.2,43.2,4.8,35.6,59,47,49.9,15.4,1008.5,1026.2,1017.5,37.4,62.6,49.9,49.1,42.7
1790496000,14.2,24.5,12.6,43.2,5.4,35.1,59,46.7,49.4,15.8,1009,1026.4,1017.8,37,61,49.4,48.4,45.2
1790499600,15.3,22.4,13,43.3,6,35.1,59,46.7,49.2,15.9,1008.6,1026.7,1017.8,37,62.1,49.2,48.1,43.8
1790503200,16.3,20.2,13.5,43.3,6.6,34,59,46.6,49.1,16.1,1009.2,1027,1018.2,36,61,49.1,47.9,39.1
1790506800,17.4,18.1,13.9,43.4,7.2,36,59,47.1,49.7,15.4,1009.5,1027.7,1018.8,37.4,62.1,49.7,48.5,38.5
1790510400,18.4,16,14.3,43.4,7.8,39,60.8,49.1,52.6,12.8,1009,1027.1,1018.5,41,64.9,52.6,51.6,34.4
1790514000,19.5,13.9,14.7,43.5,8.4,38.8,61,49.6,55.2,10.4,1009,1027.4,1018.8,44.1,66.2,55.2,54.3,27
1790517600,22.5,18.7,14.9,37.4,6.4,37.9,62.1,50.3,58.7,7.4,1008.5,1027.2,1018.6,48,69.8,58.7,58.2,20.7
1790521200,23.9,18.9,18.2,35.2,3.8,37.9,63,50.7,62,5,1009,1026.7,1018.3,51.1,73,62,61.7,12.7
1790524800,26.9,19.2,16,32.3,5.6,37.9,63,50.6,64.5,3.7,1008.3,1026.7,1017.7,52.9,75.2,64.5,64.3,7.1
1790528400,28.5,15.2,18.2,32.9,5.1,36.9,62.6,49.8,65.3,3.4,1008.3,1026.1,1017.1,53.6,77,65.3,65.1,6.8
1790532000,28.4,16.1,18.6,33,3.9,37,62.6,50,66.2,3.1,1007.8,1024.8,1016.7,54,78.8,66.2,66,5.2
1790535600,23.5,20,15.8,33.6,7.1,36.9,62.6,49.5,66,3.3,1007.9,1024.8,1016.6,53.6,78.1,66,65.8,4
1790539200,22.5,22.1,14.1,37.6,3.8,37,62.6,49.6,65.6,3.4,1008.1,1024.5,1016.5,53.6,77,65.5,65.4,3.7
1790542800,20.2,23.8,16.7,34.4,4.9,37.4,62.6,49.7,63.8,4.1,1008.5,1024.7,1016.8,53.1,75,63.8,63.6,5.9
1790546400,20,27.9,15,32.4,4.8,37.9,62.6,49.8,60.1,6.2,1009,1025.1,1017.1,50,70,60.1,59.8,17.4
1790550000,16.9,30.9,15.2,34.7,2.3,37.9,61.9,49.6,57,8.8,1009.7,1025.4,1017.7,46.4,68,57,56.4,22.5
1790553600,11.2,35.2,11.2,39.6,2.9,37.9,60.8,49.5,55.4,10.2,1009.9,1025.4,1017.8,45,66.9,55.4,54.8,33.5
1790557200,12.7,38.4,9.4,37.4,2.2,37.9,60.8,48.9,53.7,11.6,1009.8,1026,1018,42.8,66,53.7,53,39
1790560800,11.6,36.7,12.1,37,2.6,37.4,60.8,48.4,52.6,12.7,1010.3,1026.1,1018.1,41,64.9,52.6,51.9,42.3
1790564400,13,37.6,12.5,34.6,2.3,37,60.1,47.9,51.7,13.6,1009.5,1026,1017.9,39.2,64.4,51.7,51,45.5
1790568000,12.7,34.6,11.6,37.2,4,36.3,59.5,47.3,50.9,14.4,1009.3,1026.3,1017.9,38.3,63.5,50.9,50.1,44.4
1790571600,13.8,31.3,10.1,41.4,3.4,35.6,59,46.7,50,15.3,1009.1,1026.5,1017.9,37.4,62.6,50,49.2,43.3
1790575200,12.8,28.1,11.7,42.9,4.5,35.6,59,46.6,49.7,15.6,1008.6,1026.1,1017.5,37.4,62.1,49.7,48.8,43.6
1790578800,13.7,26.2,11.5,43.7,4.9,35.6,59,46.6,49.5,15.7,1008.5,1026.2,1017.5,37,62.6,49.5,48.6,41.8
1790582400,14.6,24.2,11.2,44.6,5.4,35.1,57.9,46.3,49,16.1,1008.8,1026.2,1017.8,36.9,61,49,48,44.1
1790586000,15.5,22.3,11,45.4,5.8,34,59,46.2,48.8,16.4,1008.4,1026.8,1017.9,36,61,48.8,47.6,42.9
1790589600,16.4,20.4,10.8,46.2,6.2,34,57.9,46.1,48.6,16.5,1009.2,1027.1,1018.3,36,61,48.6,47.4,38.2
1790593200,17.3,18.4,10.5,47.1,6.7,35.1,59,46.6,49.3,15.9,1009.5,1027.7,1018.8,37,61.9,49.3,48,36.6
1790596800,18.2,16.5,10.3,47.9,7.1,37.9,60.8,48.5,52.1,13.2,1009.2,1027.2,1018.7,41,64,52.1,51,33.3
1790600400,18.3,14.5,14.8,44.8,7.6,37.9,60.8,49,54.7,10.9,1009,1028.3,1018.9,44.1,66,54.7,53.7,26
1790604000,22,18.7,15.4,37.8,6.1,37.4,61.9,49.6,58.1,7.8,1008.5,1027.4,1018.7,46.9,69.1,58.1,57.5,20
1790607600,24.7,18.5,17.1,36.3,3.3,37,63,50.1,61.4,5.4,1009,1026.9,1018.4,50,72,61.4,61,12.3
1790611200,27.5,18.2,15.3,33.6,5.4,37,62.6,50,63.7,4.1,1008.5,1026.9,1017.9,51.8,75,63.7,63.5,7.6
1790614800,29.1,14.6,17.8,33.1,5.4,36,62.1,49.2,64.7,3.8,1008.2,1026.1,1017.2,52,75.9,64.7,64.4,6.1
1790618400,27.8,15.6,19,33.9,3.7,36,62.6,49.3,65.5,3.5,1007.9,1025.1,1016.8,53.1,78.1,65.5,65.4,4.9
1790622000,23.3,19.3,15.5,34.6,7.3,35.6,62.1,48.8,65.3,3.7,1007.9,1025.5,1016.7,53.1,77,65.3,65.1,3.3
1790625600,22.6,22.2,13.7,37.3,4.2,35.6,62.6,48.9,64.9,3.7,1008.1,1025.3,1016.6,53.1,77,64.9,64.7,3.8
1790629200,19.2,22.9,18.2,34.8,4.9,36,62.6,48.9,63.2,4.5,1008.3,1025.4,1016.9,51.8,73.9,63.2,62.9,6.3
1790632800,18.7,28.1,15.6,33.1,4.5,36,61.9,49.1,59.4,6.7,1008.6,1025.5,1017.2,48.9,69.8,59.4,59,17.3
1790636400,15.8,31.1,15.3,35.3,2.6,37,61,48.9,56.2,9.4,1009.5,1026.3,1017.8,45.9,68,56.2,55.6,22.4
1790640000,10.6,36.5,10.6,39.4,2.9,37,60.8,48.8,54.6,10.8,1009.5,1026.1,1017.9,44.1,66.2,54.6,54,33.1
1790643600,12.2,39.7,8.9,37.3,1.9,37,60.1,48.3,53,12.3,1009.4,1026.5,1018,41,64.9,53,52.2,38.5
1790647200,10.6,38.1,10.9,37.8,2.6,36.9,60.1,47.8,51.9,13.3,1009.8,1026.6,1018.1,39.9,64.4,51.9,51.2,41.7
1790650800,12.4,38.6,11.6,34.9,2.5,36,60.1,47.3,51,14.3,1008.9,1026.9,1018,39,64,51,50.3,45.1
1790654400,13.3,34.4,11.2,37,4.2,35.5,59,46.8,50.3,15,1008.9,1026.8,1018,38,63.3,50.3,49.5,44.2
1790658000,13.2,30.8,10.5,42.4,3.2,35.1,57.9,46.2,49.5,15.7,1008.9,1026.7,1018,37,62.6,49.5,48.6,43.3
1790661600,13.3,27.9,11.6,42.5,4.7,35.1,57.9,46.1,49.1,16.1,1008,1026.4,1017.6,36.9,62.1,49.1,48.2,44.6
1790665200,14.3,25.9,11.3,43.4,5.1,34,59,46.1,48.9,16.3,1008.4,1026.4,1017.6,36,62.1,48.9,48,41.3
1790668800,15.2,23.8,11.1,44.3,5.6,34,57.9,45.7,48.4,16.7,1008.8,1026.9,1017.9,36,61,48.4,47.4,45.6
1790672400,16.2,21.8,10.8,45.1,6,33.8,59,45.7,48.2,16.9,1008.4,1027.1,1018,35.6,61,48.2,47,43
1790676000,17.2,19.8,10.6,46,6.4,33.8,57.9,45.5,48,17.1,1009,1027.7,1018.3,35.6,60.8,48,46.7,38.8
1790679600,18.1,17.7,10.3,46.9,6.9,34,59,46,48.7,16.4,1009.5,1028.1,1018.8,36,61,48.7,47.4,38.2
1790683200,19.1,15.7,10.1,47.8,7.3,37.4,60.1,47.9,51.5,13.7,1009.4,1027.8,1018.8,39.9,64,51.5,50.3,33.2
1790686800,18,13.7,15.7,45.2,7.4,37.4,60.8,48.4,54.1,11.4,1009,1028.5,1019,43,66,54.1,53.1,25.7
1790690400,22.2,18.9,15.6,37.5,5.9,37,61.9,49,57.6,8.3,1008.5,1028.5,1018.7,46.9,69.1,57.6,57,19
1790694000,24.8,18.8,16.9,36,3.6,36,62.1,49.4,60.9,5.8,1008.7,1027.7,1018.4,50,72,60.9,60.4,11.2
1790697600,27.6,18.9,14.8,33.4,5.3,36,62.6,49.4,63.3,4.4,1008.3,1027.1,1017.9,51.8,75,63.2,63,8
1790701200,30.4,15,16.9,31.9,5.9,35.1,62.1,48.6,64.2,4,1007.9,1026.6,1017.2,52,75.9,64.2,64,5.9
1790704800,28,15.6,18.7,33.3,4.4,35.6,62.1,48.6,65.1,3.6,1007.8,1025.9,1016.9,53.1,77.9,65.1,65,4.9
1790708400,24,19.5,15.5,33.6,7.3,34.9,62.1,48.1,64.8,3.9,1007.1,1026.1,1016.8,53.1,77,64.8,64.6,3.1
1790712000,23.4,22,14.7,35.7,4.3,34,62.1,48.1,64.6,3.9,1007.3,1025.6,1016.7,52,77,64.5,64.3,3.5
1790715600,20.1,23.4,18.5,33.2,4.9,35.1,62.1,48.1,62.7,4.7,1007.6,1025.9,1016.9,51.8,73.9,62.7,62.4,6.1
1790719200,18.9,27.8,16.7,31.8,4.7,35.6,61,48.3,58.9,7.1,1008.3,1026.3,1017.3,48.2,69.8,58.9,58.5,16.5
1790722800,15.3,31.5,16.7,33.8,2.8,35.6,60.8,48.1,55.8,9.8,1008.7,1026.6,1017.9,45,66.9,55.8,55.1,23.1
1790726400,10.6,38.6,10.1,38.1,2.7,36,60.1,48,54,11.4,1008.3,1026.9,1018,43,66,54,53.4,34
1790730000,12,40.9,8.6,36.4,2.2,36,60.1,47.4,52.5,12.8,1008.5,1026.9,1018.1,39.9,64.9,52.5,51.6,37.5
1790733600,10.5,39.5,11.2,36.7,2.1,35.6,60.1,47.1,51.4,13.9,1008.5,1027.1,1018.1,39,64,51.4,50.6,41.9
1790737200,11.4,38.8,12.2,35.1,2.5,35.1,59.9,46.5,50.4,14.8,1008.2,1027.4,1018.1,37.9,63,50.4,49.6,44
1790740800,14.1,33.8,12,36.4,3.7,34.5,58.9,46,49.7,15.5,1008.2,1027.2,1018,37.4,62.5,49.7,48.9,43.6
1790744400,13.3,31.8,11.1,40.3,3.4,34,57.9,45.6,49,16.2,1008.1,1027,1018,36.9,62.1,49,48.1,43.2
1790748000,13.6,28.9,12.2,40.6,4.7,33.8,57.9,45.5,48.6,16.6,1007.7,1026.8,1017.5,35.6,62.1,48.6,47.6,44
1790751600,14.6,26.7,12,41.7,5,34,57.9,45.6,48.4,16.7,1007.6,1027.4,1017.6,35.6,61,48.4,47.3,39.3
1790755200,15.6,24.5,11.7,42.8,5.4,33.8,57.9,45.3,48,17.1,1008.4,1027.5,1017.9,35.6,61,48,46.9,44.6
1790758800,16.6,22.3,11.5,44,5.8,33.8,57.9,45.2,47.8,17.4,1008.2,1027.4,1018,35.1,60.8,47.8,46.5,42.3
1790762400,17.5,20,11.3,45.1,6.1,33.8,57.9,44.9,47.5,17.6,1009,1028.1,1018.5,35.1,60.8,47.5,46.1,37.8
1790766000,18.5,17.8,11,46.2,6.5,33.8,59,45.3,48,17.1,1009.5,1028.7,1019,36,61,48,46.6,37.9
1790769600,19.5,15.6,10.8,47.3,6.8,36,60.1,47.3,50.9,14.3,1009.2,1028.5,1019,39.2,63,50.9,49.7,32.2
1790773200,18.5,14.6,15.9,44.6,6.4,36.9,60.8,47.8,53.6,11.9,1008.8,1028.7,1019,42.8,64.9,53.6,52.4,25.1
1790776800,22.7,19,16.6,36.5,5.2,36,61,48.5,57.2,8.7,1008.3,1028.7,1018.8,46,68,57.2,56.4,18.6
1790780400,25.9,19.4,16.8,35,2.9,35.6,62.1,48.8,60.3,6.2,1008.7,1028,1018.5,48.9,71.1,60.3,59.8,11.2
1790784000,27.4,19.6,14.8,32.7,5.6,35.1,62.6,48.7,62.8,4.7,1008,1027.8,1018.2,50.9,74.8,62.8,62.5,8
1790787600,30,15.9,16.2,32.1,5.9,34,62.1,47.9,63.7,4.3,1007.6,1026.8,1017.3,51.8,75.9,63.7,63.4,5.6
1790791200,27.3,17.3,18.5,32.8,4.1,34,62.1,47.9,64.7,3.9,1007.7,1026.2,1017.1,52,77,64.7,64.5,4.9
1790794800,23.5,20.7,16,33.6,6.1,33.8,61.9,47.3,64.4,4.2,1007.3,1026.3,1017,52,77,64.4,64.1,3.3
1790798400,22.5,23.4,14.9,34.8,4.5,33.8,61,47.4,64.1,4.1,1007.5,1025.9,1016.9,52,75.9,64.1,63.9,3.5
1790802000,19.5,24,19.1,32.9,4.5,34,62.1,47.4,62.3,5,1008.1,1026.2,1017.1,50,73.4,62.3,61.9,6.4
1790805600,17.6,28.7,16.9,32.2,4.5,35.1,61,47.6,58.4,7.5,1008.2,1026.4,1017.5,48,69.1,58.4,57.9,16.9
1790809200,13.7,33.5,17,33,2.8,35.1,60.1,47.4,55.1,10.3,1008.8,1027.2,1018.1,44.1,66,55.1,54.4,23.2
1790812800,9.2,40.8,10.1,37,2.9,35.1,60.1,47.3,53.4,11.9,1008.3,1027.1,1018.2,42.1,64.9,53.4,52.6,33.8
1790816400,11.8,42.5,8.7,34.8,2.2,35.1,59,46.7,51.7,13.5,1008.7,1027.5,1018.4,39.2,64.4,51.7,50.8,37.8
1790820000,9.5,41.5,11.5,35.3,2.1,35.1,59,46.4,50.7,14.5,1008.5,1027.7,1018.4,37.9,63,50.7,49.9,42.7
1790823600,10.2,41,12.2,34.8,1.7,34.9,59,45.8,49.6,15.5,1008.6,1027.7,1018.4,37.4,63,49.6,48.8,45.9
1790827200,13.2,36.1,11.6,35.6,3.4,34.3,58.1,45.4,49,16.2,1008.6,1027.7,1018.3,36.7,62,49,48,45.2
1790830800,13,34,10.4,39.4,3.2,33.8,57.2,45,48.3,16.9,1008.6,1027.7,1018.3,36,61,48.3,47.3,44.5
1790834400,12.8,30.2,11.5,40.8,4.7,32.9,57.9,44.8,47.9,17.3,1007.9,1027.4,1017.8,35.6,61,47.9,46.9,45.6
1790838000,13.8,27.8,11.4,41.9,5,33.1,57.9,45,47.9,17.3,1008.2,1027.6,1017.8,35.6,60.8,47.9,46.7,41.3
1790841600,14.7,25.5,11.4,43.1,5.3,33.1,57.2,44.7,47.4,17.7,1008.7,1027.6,1018.1,34,60.1,47.4,46.3,45.7
1790845200,15.7,23.1,11.3,44.3,5.7,33.1,57.9,44.6,47.1,18,1008.4,1027.8,1018.3,34,60.8,47.1,45.8,43.8
1790848800,16.7,20.7,11.2,45.4,6,32.9,57.2,44.4,46.9,18.2,1009.2,1028.5,1018.7,34,60.1,46.9,45.5,38.9
1790852400,17.6,18.4,11.2,46.6,6.3,33.1,57.9,44.7,47.4,17.6,1009.6,1029,1019.2,35.6,60.8,47.4,46,38.4
1790856000,18.6,16,11.1,47.7,6.6,35.6,59,46.7,50.3,14.9,1009.6,1029.2,1019.3,39.2,62.6,50.3,49,34.4
1790859600,19.2,14.5,16.4,43.9,6,36,60.1,47.3,53.1,12.3,1009.1,1028.9,1019.3,42.8,64.9,53.1,51.9,26.9
1790863200,23.2,19.2,16.8,35.5,5.2,36,60.8,48.1,56.7,9.1,1008.8,1028.8,1019.1,46,68,56.7,56,19.5
1790866800,26.3,20.3,16.5,34.4,2.6,35.6,61,48.4,60.1,6.4,1009.4,1028.2,1018.8,48.9,71.1,60.1,59.5,11.1
1790870400,27.4,19.1,16,32,5.6,35.6,62.1,48.4,62.6,4.9,1008.8,1027.9,1018.4,50,73.9,62.6,62.2,8
1790874000,30,17.1,15.9,31.1,5.9,34,61,47.5,63.6,4.5,1008.1,1026.9,1017.6,51.1,75.9,63.6,63.2,5.2
1790877600,28.8,18,18,31.5,3.7,34,61,47.3,64.4,4.2,1007.9,1026.5,1017.3,52,77,64.4,64.1,5.1
1790881200,22.9,21.5,16.3,33.6,5.7,33.8,60.8,46.8,64.2,4.3,1007.6,1026.3,1017.2,51.8,75.9,64.2,63.9,3.3
1790884800,21.9,24.3,15.3,34,4.5,33.1,61,46.9,63.9,4.3,1008,1025.9,1017.1,51.8,75.2,63.9,63.7,3.8
1790888400,19.1,24.8,19.1,33.5,3.5,34,61,47,62.1,5.2,1008.2,1026.1,1017.2,50,73,62.1,61.7,7.1
1790892000,18,28.6,16.6,32.3,4.4,34.9,60.1,47.2,58.1,7.8,1008.2,1026.4,1017.6,46.9,68,58.1,57.5,17.3
1790895600,13.7,32.5,17.2,33.7,2.8,34,60.1,47,54.8,10.6,1008.8,1027.2,1018.2,44.1,66,54.8,54.1,24.4
1790899200,10.6,39.8,9.6,37.1,2.9,34.9,59,46.9,53.2,12.2,1008.5,1026.9,1018.3,42.1,64.9,53.2,52.4,33.7
1790902800,12.7,41.2,8.4,35.7,1.9,35.1,57.9,46.4,51.5,13.7,1008.7,1027.2,1018.5,39,64,51.5,50.7,37.9
1790906400,10.3,40.2,11.2,36.4,1.9,34.9,59,46.1,50.5,14.7,1009.1,1027.7,1018.5,37.9,63,50.5,49.6,41.7
1790910000,10,39.9,12.7,35.7,1.7,34,57.2,45.6,49.5,15.7,1008.9,1027.4,1018.4,37,62.1,49.5,48.7,44.7
1790913600,13.6,34.6,12.5,36.2,3.2,33.9,57.1,45.2,48.8,16.4,1008.9,1027.5,1018.3,36.3,61.5,48.8,48,44.7
1790917200,13.1,31.2,12.3,40.3,3.2,33.8,57,44.8,48.1,17,1008.9,1027.6,1018.3,35.6,60.8,48.1,47.2,44.6
1790920800,13.2,27.2,12.1,42.7,4.8,33.1,57,44.7,47.8,17.3,1008,1027,1017.8,35.6,61,47.8,47,45.9
1790924400,14.3,25.3,11.6,43.7,5,32.9,57.2,44.9,47.8,17.4,1008.3,1027.4,1017.8,35.6,60.1,47.8,46.7,41.1
1790928000,15.5,23.3,11.2,44.7,5.3,32,57,44.5,47.3,17.8,1008.8,1027.6,1018.2,34,60.1,47.3,46.2,45.2
1790931600,16.6,21.4,10.7,45.7,5.5,33.1,57.2,44.4,47.1,18,1008.4,1027.7,1018.3,34,60.1,47.1,45.9,46
1790935200,17.8,19.5,10.2,46.7,5.7,32.9,57,44.2,46.7,18.3,1009.2,1028.4,1018.8,33.8,59,46.7,45.4,40.8
1790938800,19,17.5,9.8,47.7,6,33.1,57.2,44.5,47.3,17.8,1009.6,1029,1019.1,35.6,60.1,47.3,46,39.4
1790942400,20.1,15.6,9.3,48.7,6.2,35.6,59,46.5,50.2,15,1009.6,1029.2,1019.3,39.2,62.1,50.2,49,34.9
1790946000,19.2,14,16.1,45.5,5.2,36,59,47.1,52.9,12.4,1009,1028.7,1019.2,42.8,64.4,52.9,51.7,27.4
1790949600,22.3,18.5,16.6,37.4,5.2,36,60.8,47.9,56.5,9.2,1008.5,1028.6,1019,45.9,68,56.5,55.7,18.6
1790953200,25.7,19.5,16.2,36,2.6,35.6,61,48.2,59.7,6.7,1009,1028,1018.8,48.2,71.1,59.7,59.1,11.1
1790956800,26.1,19,15.4,33.9,5.6,35.6,61.9,48.4,62.3,5.1,1008.3,1027.8,1018.3,50,73.9,62.3,61.8,8.3
1790960400,29.1,17.1,15,32.9,5.9,34,61,47.5,63.3,4.6,1007.6,1026.8,1017.6,50,75.9,63.3,63,5.2
1790964000,28.2,17.5,17.3,33.1,3.9,34,61,47.4,64,4.4,1007.7,1026,1017.3,51.8,77,64,63.7,5.6
1790967600,22.6,21,14.9,35.6,5.9,33.8,60.8,46.8,63.7,4.6,1007.4,1026.2,1017.2,50,75.9,63.7,63.3,3.6
1790971200,21.6,23.3,14.6,35.8,4.7,33.1,61,46.8,63.5,4.6,1007.9,1025.9,1017.1,50,75.2,63.5,63.1,3.3
1790974800,19,23.9,18.3,34.7,4,33.8,61,47,61.6,5.6,1008.1,1025.9,1017.2,48.9,73,61.6,61.1,7.5
1790978400,17.3,27.4,17.6,33.7,4,34,60.1,47,57.6,8.2,1008.1,1026.3,1017.6,46.9,68,57.6,57,16.6
1790982000,13.1,31.2,16.7,35.7,3.3,33.8,59,46.7,54.6,10.8,1008.8,1026.9,1018.3,44.1,66,54.6,53.8,24.8
1790985600,10.4,38.3,9.7,38.7,2.9,34,59,46.8,53,12.3,1008.5,1026.9,1018.3,41,64.9,53,52.2,33
1790989200,12.7,39.7,8.6,37.1,1.9,34,57.9,46.2,51.3,13.9,1009.1,1027.2,1018.5,39,63,51.3,50.4,36.6
1790992800,10.8,38.6,11.5,37.2,1.9,34,57.9,45.9,50.2,14.9,1009.1,1027.5,1018.5,37.9,62.6,50.2,49.4,40.9
1790996400,9.8,38.5,13,37,1.8,33.8,57.2,45.3,49.2,15.9,1009.1,1027.3,1018.5,37,62.1,49.2,48.5,44.7
1791000000,13.7,33.2,12.7,37.5,2.9,33.3,57.1,45,48.5,16.6,1009,1027.3,1018.5,36,61.5,48.5,47.8,44.9
1791003600,12.7,29.4,13,42.3,2.6,32.9,57,44.6,47.9,17.2,1008.9,1027.3,1018.4,35.1,60.8,47.9,47,45.1
1791007200,13.1,27,12.5,43.2,4.2,32,57,44.3,47.5,17.6,1008,1027,1017.9,35.6,60.1,47.5,46.6,45.7
1791010800,14.2,25.1,12,44.2,4.5,32,57.2,44.6,47.5,17.6,1007.9,1027.6,1017.9,34.9,60.1,47.5,46.5,42.2
1791014400,15.3,23.1,11.5,45.2,4.8,32,57,44.3,47.1,18,1008.7,1027.5,1018.3,34,59,47.1,46.1,44.6
1791018000,16.4,21.1,11.1,46.3,5.1,32,57,44.1,46.7,18.4,1008.4,1027.7,1018.3,33.8,59,46.7,45.5,45.5
1791021600,17.6,19.2,10.6,47.3,5.3,32,56.8,43.8,46.4,18.7,1009.2,1028.4,1018.8,33.8,59,46.4,45.1,40.8
1791025200,18.7,17.3,10.1,48.3,5.6,32,57,44.2,46.9,18.1,1009.6,1028.9,1019.2,34.9,59,46.9,45.6,40.2
1791028800,19.8,15.3,9.6,49.3,5.9,35.1,57.9,46,49.8,15.4,1009.7,1029.3,1019.4,37.9,62.1,49.8,48.6,34.8
1791032400,18.4,14.5,15.8,46.4,4.9,35.6,59,46.6,52.5,12.8,1009.2,1028.7,1019.3,42.1,64,52.5,51.3,27.5
1791036000,21,18.8,17.1,37.9,5.2,35.6,60.1,47.5,56.1,9.6,1008.8,1028.7,1019.1,45,68,56.1,55.2,17.9
1791039600,24.4,20.3,16.5,36.4,2.4,34.9,60.8,47.8,59.3,7,1008.8,1028,1018.8,48,70.9,59.3,58.6,11.4
1791043200,24.9,20.3,14.7,35,5.1,35.1,61,48,61.9,5.4,1008.3,1027.9,1018.4,48.9,73.4,61.9,61.4,8.3
1791046800,28.3,18,14.8,33.3,5.6,33.1,60.8,47.1,62.9,5,1007.6,1026.8,1017.7,50,75.2,62.9,62.5,5.6
1791050400,27.7,18,16.5,33.6,4.1,33.1,61,47,63.7,4.7,1007.6,1026.2,1017.4,51.1,77,63.7,63.3,5.9
1791054000,22.9,21.3,14.7,35.5,5.7,33.1,60.1,46.4,63.4,4.9,1007.3,1026.3,1017.2,50,75.9,63.4,63,3.8
1791057600,21.5,23.3,15.1,35.1,5,32,60.8,46.4,63.1,4.9,1007.5,1025.9,1017.2,50,75,63.1,62.8,3.5
1791061200,19.2,23.2,19,34.9,3.7,33.1,60.1,46.6,61.2,5.9,1007.6,1026,1017.4,48.9,73,61.2,60.7,7.3
1791064800,16.9,27.2,17.8,35.1,3,34,60.1,46.6,57.2,8.5,1008.1,1026.4,1017.8,46,68,57.2,56.6,17.1
1791068400,12.6,31.4,16.2,36.5,3.3,33.8,59,46.3,54.2,11.1,1008.8,1027,1018.4,43,64.9,54.2,53.4,24.7
1791072000,9.9,37.9,9.4,40.1,2.7,34,57.9,46.5,52.6,12.7,1008.5,1026.9,1018.4,41,64.4,52.6,51.8,32.7
1791075600,11.5,39,8.6,38.5,2.4,34,57.9,45.9,51,14.2,1009,1027.5,1018.7,39,63,51,50.1,35.6
1791079200,9.5,39.1,11.5,37.9,1.9,33.8,57.2,45.5,49.9,15.3,1009.1,1027.7,1018.7,37.4,62.6,49.9,48.9,39.4
1791082800,9.3,38.5,12.8,37.8,1.8,33.8,57,45.1,48.9,16.2,1008.9,1027.8,1018.5,37,61.9,48.9,48.1,43.4
1791086400,12.9,33.2,12.6,38.7,2.6,32.9,56.5,44.7,48.2,16.9,1008.9,1027.8,1018.5,35.5,61,48.2,47.4,44
1791090000,11.9,29.6,13.5,42.3,2.6,32,55.9,44.2,47.5,17.6,1008.9,1027.7,1018.5,34,60.1,47.5,46.6,44.6
1791093600,12.8,27.8,12.5,43.1,3.9,31.1,56.8,44,47.1,18,1008,1027.7,1018,34,60.1,47.1,46.2,44.9
1791097200,13.6,26,13,43.6,3.9,32,57.2,44.3,47.2,17.9,1008.2,1027.8,1018,34,60.1,47.2,46.1,40.2
1791100800,14.3,24.2,13.4,44.2,4,32,55.9,43.9,46.8,18.3,1008.8,1027.9,1018.4,33.8,59,46.8,45.7,43.2
1791104400,15.1,22.4,13.9,44.7,4,32,55.9,43.6,46.3,18.8,1008.4,1028.1,1018.5,33.8,59,46.3,45.1,43.3
1791108000,15.9,20.5,14.4,45.2,4.1,32,55.9,43.3,46,19,1009.2,1028.6,1019,33.8,59,46,44.7,39.7
1791111600,16.7,18.7,14.9,45.7,4.1,32,56.8,43.6,46.4,18.6,1009.6,1029.1,1019.5,34,59,46.4,45.1,39
1791115200,17.4,16.9,15.3,46.3,4.2,35.1,57.9,45.6,49.4,15.7,1010,1029.5,1019.6,37.9,61.9,49.4,48.1,33.2
1791118800,18.2,15.1,15.8,46.8,4.2,35.1,59,46.1,52,13.2,1009.4,1029.3,1019.6,41,64,52,50.7,27.1
1791122400,20.7,19.3,17.1,38.1,4.8,35.1,59,47,55.6,10,1008.8,1029,1019.4,44.6,66.9,55.6,54.6,18.1
1791126000,22.9,20.3,17.2,37,2.6,33.8,60.1,47.2,58.7,7.4,1008.7,1028.4,1019.1,46.9,70,58.7,57.9,11.9
1791129600,23.6,20.7,14.8,36,4.9,34,60.8,47.4,61.4,5.8,1008.3,1028.3,1018.7,48.9,73,61.4,60.8,8
1791133200,27.5,19.2,14.8,33.1,5.4,32.9,60.8,46.5,62.4,5.4,1007.6,1027.1,1017.9,48.9,75,62.4,61.8,5.4
1791136800,26.8,19.5,17,33.1,3.6,33.1,60.1,46.4,63.2,5,1007.3,1026.8,1017.6,50,75.9,63.2,62.8,5.9
1791140400,22.2,22.2,15.1,34.9,5.7,32,60.1,45.8,62.8,5.2,1007.1,1026.6,1017.5,50,75.2,62.8,62.4,4
1791144000,21,24.8,15.3,34.4,4.5,32,60.1,45.7,62.6,5.3,1007.5,1026.5,1017.5,50,75,62.6,62.2,3.5
1791147600,18.7,25,18.5,34.3,3.5,32.9,59,45.9,60.6,6.3,1007.6,1026.4,1017.6,48.2,72.9,60.6,60,6.8
1791151200,16.3,28.8,16.7,35.1,3,32.9,59,46,56.6,9.1,1008.1,1026.8,1018,45,68,56.6,55.9,16.6
1791154800,11.9,33.9,15,36,3.3,33.1,57.9,45.6,53.6,11.7,1008.7,1027.6,1018.7,43,64.4,53.6,52.6,26
1791158400,9.4,39.8,8.9,39.3,2.7,33.8,57.2,45.8,52,13.2,1008.5,1027.8,1018.7,39.9,63.9,52,51.1,32.2
1791162000,11.5,39.9,8.6,37.7,2.4,33.8,57,45.2,50.4,14.8,1008.7,1028,1018.9,38.8,62.1,50.4,49.4,35.5
1791165600,9.8,39.8,11,37.4,1.9,32.9,57,44.9,49.2,15.9,1008.5,1028.1,1018.9,37,61,49.2,48.2,39.8
1791169200,8.3,40.4,12.3,37.6,1.5,32,55.9,44.5,48.3,16.8,1008.3,1028.1,1018.7,35.6,60.8,48.3,47.5,43.8
1791172800,12.6,34.7,12.1,37.9,2.6,31.6,55.6,44,47.6,17.5,1008.3,1028.2,1018.7,34.8,59.9,47.6,46.8,44.3
1791176400,11.7,32.3,12.8,40.5,2.7,31.1,55.4,43.6,47,18.1,1008.3,1028.3,1018.7,34,59,47,46,44.9
1791180000,12.4,29.7,11.8,42.3,3.8,30.9,55.4,43.4,46.5,18.5,1007.8,1027.9,1018.2,33.8,59,46.5,45.5,44.8
1791183600,13.3,27.6,12.2,42.9,4,31.1,55.9,43.7,46.6,18.5,1007.6,1027.9,1018.2,33.8,60.1,46.6,45.4,39.1
1791187200,14.3,25.4,12.7,43.5,4.1,31.1,55.4,43.3,46.1,18.9,1008.5,1027.9,1018.6,33.8,57.9,46.1,44.9,43.1
1791190800,15.2,23.3,13.1,44.1,4.3,31.1,55.4,42.9,45.7,19.4,1008.4,1028.1,1018.8,33.1,57.9,45.7,44.3,43.8
1791194400,16.2,21.2,13.5,44.6,4.4,30.2,55,42.5,45.2,19.8,1009.2,1028.9,1019.3,33.1,57.9,45.2,43.7,39.4
1791198000,17.1,19.1,13.9,45.2,4.6,31.1,55.4,42.9,45.7,19.4,1009.6,1029.3,1019.7,33.8,59,45.7,44.2,39.8
1791201600,18.1,16.9,14.4,45.8,4.7,34,57,44.9,48.8,16.3,1010.1,1029.6,1019.8,37,60.8,48.8,47.3,33.2
1791205200,19,14.8,14.8,46.4,4.9,33.8,57.2,45.5,51.3,13.9,1009.7,1029.5,1019.9,39.9,63,51.3,49.8,27.1
1791208800,22,19.1,17.2,37.1,4.5,35.1,59,46.4,55,10.5,1009.2,1029.2,1019.7,44.6,66.2,55,53.9,18.6
1791212400,24.1,21,16,36.3,2.6,33.8,60.1,46.5,58.2,7.8,1009,1028.5,1019.3,46.9,69.8,58.2,57.4,12.9
1791216000,24.3,21.1,14.6,35.2,4.9,33.8,60.1,46.6,60.8,6.2,1008.4,1028.5,1018.9,48.9,73,60.8,60.2,9.3
1791219600,27.6,20.3,14.3,32.7,5.1,32,59,45.8,62,5.6,1008.2,1027.3,1018.2,48.9,75,62,61.4,5.4
1791223200,26.3,20.4,16.3,32.8,4.1,32,59,45.5,62.7,5.2,1007.8,1026.8,1017.9,50,75.9,62.7,62.3,6.1
1791226800,22.8,22.5,15,34.5,5.2,32,59,45.1,62.4,5.5,1007.5,1026.7,1017.8,50,75.2,62.4,61.9,4
1791230400,21.5,25.2,15.1,34,4.2,32,59,45,62.3,5.5,1008,1026.6,1017.7,48.9,75,62.2,61.8,3.5
1791234000,18.7,26.2,17.6,34.2,3.3,32,59,45.2,60.1,6.7,1008.3,1026.5,1017.9,48,72,60.1,59.5,6.6
1791237600,15.1,29.5,17,35.3,3,32,57.9,45.2,56,9.6,1008.3,1027,1018.3,45,66.9,56,55.2,16.8
1791241200,11.6,34.3,15.3,36.1,2.8,32.9,57,45,53,12.2,1008.8,1027.8,1018.8,43,64.4,53,52,27.3
1791244800,9.4,40.8,8.6,38.6,2.6,33.8,55.9,45.1,51.4,13.8,1008.7,1027.9,1018.9,39.9,63,51.4,50.4,32.4
1791248400,11.2,40,8.6,38.1,2.1,33.1,55.4,44.5,49.8,15.3,1009,1028,1019.1,37.9,62.1,49.8,48.8,36.5
1791252000,10.3,40,10.8,36.7,2.2,32,55.9,44.2,48.7,16.4,1009.2,1028.2,1019.1,36,60.8,48.7,47.6,41.7
1791255600,8,40.7,11.8,37.9,1.5,32,55.9,43.8,47.8,17.3,1008.8,1028.1,1018.8,35.6,60.1,47.8,46.9,44.4
1791259200,12.6,35.3,12,37.7,2.4,31.4,55.5,43.4,47.1,18,1008.7,1028.1,1018.8,34.7,59,47.1,46.1,44.3
1791262800,11.1,32.3,13,40.7,2.9,30.9,55,43,46.5,18.6,1008.6,1028.1,1018.9,33.8,57.9,46.5,45.4,44.2
1791266400,12,30.2,12,42.1,3.8,30.9,55.4,42.9,46.2,18.9,1008,1027.9,1018.3,33.8,59,46.2,45,44.4
1791270000,12.9,28.1,12.4,42.7,3.9,30.9,55.4,43.1,46.1,19,1008.1,1027.9,1018.3,33.8,59,46.1,44.8,40.4
1791273600,13.9,26,12.9,43.3,4,30.9,55,42.7,45.6,19.4,1008.8,1028,1018.7,33.8,57.2,45.6,44.3,42.6
1791277200,14.8,23.9,13.3,43.9,4.1,30.9,55,42.3,45.2,19.9,1009,1028.4,1018.9,32.9,57.9,45.2,43.7,44.3
1791280800,15.7,21.9,13.8,44.6,4.1,30.2,54,42,44.7,20.4,1009.3,1029.1,1019.5,32,57.9,44.7,43.2,40.3
1791284400,16.6,19.8,14.2,45.2,4.2,30.9,55,42.4,45.2,19.9,1010,1029.3,1019.8,33.8,59,45.2,43.6,39.8
1791288000,17.6,17.7,14.7,45.8,4.3,33.1,57,44.4,48.2,16.9,1010.2,1029.7,1019.9,36,60.1,48.2,46.7,33.5
1791291600,18.5,15.6,15.1,46.4,4.4,33.8,57,45.1,50.8,14.3,1010.1,1029.5,1020,39.2,63,50.8,49.3,27.8
1791295200,21.8,20.6,17.7,35.9,4.1,34.9,59,45.9,54.6,10.9,1009.4,1029.3,1019.8,44.1,66,54.6,53.5,19.5
1791298800,23.9,21.5,15.8,36.1,2.6,33.1,59,46.1,57.9,8.1,1009.7,1028.6,1019.3,46.9,69.8,57.9,57.1,12.7
1791302400,22.5,22,14.3,36.6,4.6,33.8,60.1,46.3,60.6,6.4,1009.1,1028.5,1019,48.9,73,60.6,59.9,9.7
1791306000,26.7,21.4,13.5,33,5.3,32,59,45.4,61.8,5.8,1008.5,1027.4,1018.2,48.9,75,61.8,61.2,6.3
1791309600,25.3,21.4,15.6,33.6,4.1,32,59,45.1,62.6,5.4,1008,1026.9,1018,48.9,75.9,62.6,62.1,6.3
1791313200,22,23.2,15.1,34.5,5.2,32,59,44.7,62.2,5.6,1007.8,1026.8,1017.8,48.9,75.2,62.2,61.6,4
1791316800,21.2,25,15,34.5,4.3,32,59,44.7,62.1,5.7,1008,1026.6,1017.7,48.9,75,62.1,61.6,4.5
1791320400,17.3,26.2,18,34.8,3.7,32,59,44.9,60,6.9,1008.3,1026.5,1017.8,48,72,60,59.3,7.5
1791324000,14.7,30.2,17.4,34.7,3,32,57.9,44.8,55.8,9.8,1008.5,1026.8,1018.3,44.6,66.9,55.8,55,18
1791327600,11.3,33.5,16.4,35.3,3.5,32,57,44.7,52.9,12.4,1008.8,1027.5,1018.8,42.8,64.4,52.9,51.8,29.5
1791331200,8.6,42,9.6,37.4,2.4,33.1,55.9,44.8,51.1,14.1,1008.9,1027.5,1018.9,39.2,62.6,51.1,50.1,34.3
1791334800,10.2,40.4,9.3,38,2.1,32,55.4,44.2,49.5,15.6,1009,1027.8,1019,37.9,61,49.5,48.5,37.6
1791338400,9.4,41,10.6,37.1,1.9,31.1,55.4,43.8,48.3,16.8,1009.2,1028.1,1019,36,60.1,48.3,47.3,43.1
1791342000,8.1,41.5,11.1,37.5,1.8,32,55.9,43.4,47.5,17.6,1008.9,1028,1018.8,35.6,59,47.5,46.5,45.1
1791345600,12.1,36.5,12.1,37,2.4,31.1,55.6,43.1,46.9,18.2,1008.8,1027.9,1018.8,34.7,58.5,46.9,45.9,44.5
1791349200,10.3,33.6,12.7,40.7,2.6,30.2,55.4,42.8,46.3,18.8,1008.6,1027.8,1018.7,33.8,57.9,46.3,45.2,43.9
1791352800,11.6,30.9,11.6,42.1,3.9,30.2,55.4,42.6,45.9,19.2,1008,1027.7,1018.2,33.8,57.9,45.9,44.7,46
1791356400,12.4,28.8,12.1,42.8,4,30.2,55.4,42.8,45.7,19.3,1008.1,1027.7,1018.2,33.1,59,45.7,44.4,41.8
1791360000,13.2,26.6,12.7,43.5,4.1,30.2,55,42.4,45.3,19.8,1008.8,1027.9,1018.7,33.1,57.2,45.3,44,43.2
1791363600,14,24.5,13.2,44.2,4.2,30.2,54,42,44.9,20.2,1009,1028.1,1018.8,32,57.2,44.9,43.4,45.3
1791367200,14.9,22.4,13.8,44.8,4.2,30.2,54,41.7,44.3,20.7,1009.3,1028.9,1019.3,32,57.2,44.3,42.8,40.8
1791370800,15.7,20.3,14.3,45.5,4.3,30.2,55,42.1,44.9,20.1,1009.9,1029.2,1019.6,33.1,57.9,44.9,43.3,41.7
1791374400,16.5,18.1,14.9,46.2,4.4,32,57,44.1,47.9,17.2,1010.2,1029.6,1019.9,36,60.1,47.9,46.3,34.3
1791378000,17.3,16,15.4,46.9,4.5,32,57,44.7,50.4,14.7,1010,1029.5,1019.9,39,63,50.4,48.9,29.1
1791381600,22,21.1,16.7,36.6,3.6,33.8,59,45.6,54.3,11.1,1009.3,1029.2,1019.6,43,66,54.3,53.2,19.5
1791385200,22,21.7,16,37.5,2.9,32,59,45.8,57.6,8.4,1009,1028.6,1019.2,46.4,69.8,57.6,56.6,13.1
1791388800,21.3,21.5,14.5,38.3,4.4,32,59,46.1,60.2,6.7,1008.3,1028.3,1018.8,48,72.9,60.2,59.5,10.2
1791392400,25.2,21,13.8,35,5.1,32,59,45.2,61.4,6.1,1008.3,1027.1,1018.1,48.2,75,61.4,60.8,7
1791396000,23.8,21.4,15.1,35.3,4.4,32,57.9,44.9,62.2,5.7,1007.8,1026.8,1017.7,48.9,75.9,62.2,61.6,6.6
1791399600,20.3,23.2,15.6,36.4,4.5,32,59,44.4,61.8,5.9,1007.4,1026.6,1017.6,48.9,75.2,61.8,61.2,4.3
1791403200,20.7,25.2,14.8,35,4.3,30.9,59,44.4,61.8,5.9,1007.6,1026.4,1017.5,48.2,75,61.7,61.2,4.5
1791406800,16.6,25.9,18.2,35.9,3.5,30.9,59,44.6,59.6,7.1,1008.1,1026.3,1017.6,47.8,72,59.6,59,7.9
1791410400,14.8,29.6,16.9,36.1,2.5,31.1,57.2,44.5,55.5,10.1,1008.2,1026.5,1018,44.1,66.9,55.5,54.6,17.5
1791414000,10.6,33.1,16.4,36.3,3.5,31.1,56.8,44.3,52.7,12.6,1008.3,1027,1018.5,42.1,64.4,52.7,51.6,29.4
1791417600,8.6,41.4,10.3,37.6,2.2,32,55.9,44.4,50.8,14.3,1008.7,1026.9,1018.7,39,62.1,50.8,49.8,34.8
1791421200,10,39.6,9.3,39.1,1.9,32,55.4,43.9,49.3,15.8,1008.7,1027.4,1018.7,37.4,61,49.3,48.2,37.1
1791424800,10.1,39.6,10.6,37.4,2.2,30.9,55.4,43.5,48.1,17,1009.1,1027.8,1018.8,36,59,48.1,47,41.8
1791428400,9.1,39.7,11.4,38,1.8,31.1,55.4,43.1,47.3,17.8,1008.9,1027.9,1018.6,35.6,59,47.3,46.3,43.5
1791432000,12.7,35.3,11.4,37.9,2.6,30.6,55.2,42.9,46.8,18.4,1008.6,1027.8,1018.5,34.7,58.1,46.8,45.6,42.6
1791435600,10,32.6,13.7,41.6,2.1,30.2,55,42.6,46.2,18.9,1008.3,1027.6,1018.4,33.8,57.2,46.2,45,41.7
1791439200,11,30.1,11.8,43.3,3.8,30.2,55,42.4,45.7,19.3,1008,1027.3,1018,33.1,57.2,45.7,44.5,44.3
1791442800,11.8,28.1,12.4,43.8,3.9,30,55,42.5,45.5,19.5,1007.9,1027.2,1018,32.9,57.9,45.5,44.1,42.1
1791446400,12.6,26.2,13,44.3,3.9,30.2,55,42.2,45.2,19.9,1008.5,1027.6,1018.3,32.9,57.2,45.2,43.8,42.5
1791450000,13.4,24.2,13.6,44.8,4,30.2,53.6,41.8,44.7,20.4,1008.7,1028.1,1018.5,32,57.2,44.7,43.2,44.8
1791453600,14.2,22.3,14.3,45.3,4,30,54,41.4,44.1,20.9,1009.1,1028.8,1019,32,57.2,44.1,42.5,40
1791457200,15,20.3,14.9,45.8,4.1,30.2,54,41.9,44.8,20.2,1009.6,1029.1,1019.2,32.9,57.9,44.8,43.1,40.9
1791460800,15.8,18.4,15.5,46.3,4.1,32,55.9,43.8,47.6,17.5,1010.1,1029.6,1019.6,35.6,59,47.6,46,33.5
1791464400,16.6,16.4,16.1,46.8,4.2,32,57,44.4,50.2,14.9,1009.9,1029.5,1019.7,37.9,62.1,50.2,48.7,28.5
1791468000,22.2,21.3,15.8,37.1,3.6,33.1,57.9,45.3,54.1,11.3,1009.2,1029.1,1019.4,42.8,66,54.1,53,18.8
1791471600,21.9,22.3,14.7,38.5,2.6,32,59,45.5,57.3,8.6,1008.6,1028.5,1018.9,46.4,69.8,57.3,56.3,13.1
1791475200,19.8,21.9,14.5,39,4.8,32,59,45.8,60,6.9,1007.7,1028.2,1018.5,48,72,59.9,59.2,10.4
1791478800,23.5,21.9,14.4,35.3,4.9,32,57.9,44.8,61.2,6.3,1007.7,1027,1017.9,48.2,75,61.2,60.5,7.7
1791482400,23.1,21.4,14.8,35.7,5.1,32,57.9,44.5,61.9,5.9,1007.1,1026.8,1017.5,48.2,75.9,61.9,61.3,6.6
1791486000,21.5,22.7,15.4,35.7,4.7,32,59,44.1,61.6,6.1,1007.1,1026.6,1017.4,48.9,75.2,61.5,60.9,5
1791489600,21.2,24.8,14.5,34.5,5,30.2,59,44,61.5,6.1,1007.4,1026.4,1017.3,48.2,75,61.4,60.8,5.5
1791493200,16.7,25.3,18.4,36,3.5,30.9,57.9,44.2,59.3,7.4,1008,1026.3,1017.4,46.9,72,59.3,58.6,8.4
1791496800,13.8,29.3,17.3,36.9,2.8,31.1,57.2,44.1,55.1,10.4,1008,1026.5,1017.8,44.1,66.2,55.1,54.3,18.4
1791500400,9.9,32.8,16.6,37.2,3.5,31.1,55.9,43.9,52.4,12.8,1008.3,1026.9,1018.3,42.1,64,52.4,51.2,28.4
1791504000,8.6,41.4,10,37.9,2.1,32,55.4,43.9,50.5,14.7,1008.6,1027.1,1018.6,38.8,61,50.5,49.4,34.4
1791507600,10.3,39.6,9.1,38.9,2.1,32,55.4,43.5,49,16.1,1008.7,1027.4,1018.6,37,60.8,49,47.9,37
1791511200,9.7,40.3,10.4,37.4,2.2,30.9,55,43.1,47.8,17.3,1009.1,1027.8,1018.7,35.6,59,47.8,46.6,42
1791514800,8.6,39.9,10.9,38.9,1.8,31.1,55,42.7,47,18,1008.8,1027.9,1018.5,35.6,59,47,46,43.3
1791518400,12.7,34.7,10.6,39.1,2.8,30.6,55,42.5,46.5,18.6,1008.5,1027.8,1018.4,34.7,58.1,46.5,45.4,42.1
1791522000,9.9,32.3,13,43,1.8,30.2,55,42.2,45.9,19.2,1008.3,1027.6,1018.3,33.8,57.2,45.9,44.7,40.9
1791525600,11.7,31,10.9,42.9,3.5,30.2,55,42,45.4,19.6,1008,1027.3,1018,33.1,57.2,45.4,44.2,44.7
1791529200,12.4,28.8,11.7,43.6,3.6,30,55,42.1,45.2,19.8,1007.9,1027.2,1017.9,32.9,57.2,45.2,43.8,41.6
1791532800,13,26.6,12.4,44.2,3.7,30.2,55,41.9,44.9,20.1,1008.5,1027.6,1018.2,32.9,57.2,44.9,43.5,41.8
1791536400,13.7,24.4,13.2,44.9,3.8,30.2,53.6,41.4,44.3,20.7,1008.7,1028.1,1018.5,32,57.2,44.3,42.8,43.7
1791540000,14.4,22.3,13.9,45.5,3.9,29.8,53.6,41.1,43.8,21.2,1009.1,1028.9,1018.9,32,57.2,43.8,42.2,39.6
1791543600,15.1,20.1,14.7,46.2,4,30.2,54,41.6,44.5,20.6,1009.6,1029.1,1019.2,32.9,57.2,44.5,42.8,40.3
1791547200,15.7,17.9,15.4,46.8,4.1,32,55.9,43.4,47.2,17.8,1009.9,1029.6,1019.6,35.6,59,47.2,45.6,33.8
1791550800,16.4,15.7,16.2,47.5,4.2,32,55.9,44,49.8,15.3,1010,1029.5,1019.7,37.4,62.1,49.8,48.2,28.6
1791554400,21.6,19.7,17.5,37.5,3.6,32.9,57,44.9,53.7,11.7,1009.2,1029.2,1019.4,42.8,64.9,53.7,52.5,18.9
1791558000,22,21.1,15.4,38.4,3.1,32,57.9,45.1,57,8.9,1008.3,1028.6,1019,46.4,68,57,55.9,13.1
1791561600,19.6,21.3,14.5,39.6,5.1,32,57.9,45.3,59.6,7.1,1007.6,1028.2,1018.5,48,72,59.6,58.8,10.4
1791565200,22,21.8,15.3,35.6,5.3,30.9,57.9,44.3,60.9,6.5,1007.4,1027.3,1018,48.2,73.9,60.9,60.2,7.2
1791568800,22.1,21.7,15.3,36.3,4.6,31.1,57.9,43.9,61.4,6.1,1007,1026.8,1017.6,48.2,75.2,61.4,60.8,6.6
1791572400,22,21.7,15.8,35.7,4.7,30.9,57.9,43.4,61.2,6.3,1007,1026.7,1017.4,48.2,75,61.2,60.5,5
1791576000,20.5,25,14,35.5,5,30.2,57.9,43.4,61.1,6.4,1007.2,1026.5,1017.4,48.2,73.9,61,60.3,5.2
1791579600,16.3,25.1,18.8,36.7,3,30.2,57.9,43.5,58.9,7.7,1007.6,1026.4,1017.6,46.9,71.6,58.9,58.1,8.6
1791583200,13.3,29.2,17.7,37,2.8,30.9,57,43.4,54.7,10.8,1007.9,1026.8,1017.9,44.1,66.2,54.7,53.7,17.6
1791586800,9.5,33.6,16.4,36.8,3.7,30.9,55.9,43.3,52.1,13.2,1008.3,1027.2,1018.4,41,63,52.1,50.9,27.8
1791590400,9.2,41.1,10.2,37.8,1.7,32,55,43.3,50,15.1,1008.5,1027.5,1018.7,38.8,61,50,48.8,34.4
1791594000,10.9,39.4,9.3,38,2.4,32,55,42.9,48.5,16.6,1008.5,1027.8,1018.8,37,60.1,48.5,47.3,38.5
1791597600,9.9,40.6,10.4,37,2.2,30.9,54,42.5,47.3,17.8,1008.8,1028.1,1018.8,35.6,59,47.3,46.1,43.2
1791601200,8.5,40.6,10.8,38.3,1.8,30.9,54,42.1,46.6,18.5,1008.6,1028,1018.6,34.9,57.9,46.6,45.4,42.2
1791604800,12.6,34.4,10.8,39.5,2.8,30,54,42,46.1,19,1008.5,1027.8,1018.5,33.9,57.5,46.1,44.8,41.4
1791608400,9.9,31.9,13.2,42.3,2.6,29.1,54,41.8,45.6,19.5,1008.3,1027.7,1018.4,32.9,57.2,45.6,44.3,40.5
1791612000,12.3,30.3,11.3,42.9,3.2,29.1,54,41.4,45.1,20,1008,1027.5,1018.1,32,57,45.1,43.7,43.6
1791615600,12.9,28.2,11.9,43.7,3.3,29.8,55,41.6,44.8,20.2,1007.9,1027.4,1018,32,57.2,44.8,43.3,40.4
1791619200,13.6,26,12.4,44.6,3.4,29.8,53.6,41.5,44.7,20.4,1008.4,1027.6,1018.3,32,57,44.7,43.2,41
1791622800,14.2,23.9,13,45.4,3.5,29.1,53.1,40.9,43.9,21.1,1008.7,1028.4,1018.7,32,57,43.9,42.3,43.7
1791626400,14.9,21.8,13.5,46.2,3.6,28.4,53.6,40.6,43.4,21.6,1009.1,1028.9,1019.1,32,55.4,43.4,41.7,38.6
1791630000,15.5,19.7,14.1,47,3.7,29.8,54,41,44,21,1009.6,1029.3,1019.4,32,57,44,42.2,39.3
1791633600,16.2,17.5,14.6,47.9,3.8,32,54,42.8,46.7,18.4,1010.1,1029.6,1019.8,34.9,57.9,46.7,44.9,33.6
1791637200,16.8,15.4,15.2,48.7,3.9,32,55.4,43.6,49.4,15.7,1010,1029.6,1019.9,37.4,60.8,49.4,47.7,28.1
1791640800,20.7,19.5,17.6,38.6,3.6,32,56.8,44.4,53.2,12.1,1009.3,1029.2,1019.7,42.1,64,53.2,51.9,19.2
1791644400,22.2,21.2,15.1,38.4,3.1,32,57.9,44.6,56.5,9.3,1008.6,1028.6,1019.2,46,68,56.5,55.3,13
1791648000,19.8,21,14.9,39.8,4.6,32,57.9,44.8,59.1,7.5,1007.8,1028.2,1018.7,48,71.6,59.1,58.3,10.6
1791651600,22,21.3,15.5,35.2,6,30.2,57.2,43.7,60.4,6.9,1007.7,1027.3,1018.2,48,73.9,60.3,59.6,7.9
1791655200,22.3,20.9,14.8,36.9,5.1,30.2,57,43.4,61,6.4,1007.1,1026.8,1017.7,48.2,75,61,60.3,7.3
1791658800,22.8,21.4,14.8,36.4,4.7,30.2,56.8,42.9,60.7,6.6,1007.1,1026.7,1017.6,48.2,73.9,60.7,59.9,5.7
1791662400,20.9,24.9,13.3,35.6,5.2,30.2,57.9,42.8,60.5,6.8,1007.4,1026.5,1017.6,48,73.4,60.4,59.7,5
1791666000,16.6,24.9,18.5,37,3,30.2,57.2,42.9,58.4,8,1007.6,1026.4,1017.7,46.4,71.1,58.4,57.6,8.8
1791669600,14.1,29.5,16.8,37.3,2.3,30.2,55.9,42.9,54.3,11.1,1007.7,1026.8,1018.1,44.1,65.8,54.3,53.3,18.3
1791673200,8.3,33.6,16.1,38.2,3.7,30.9,55.4,42.8,51.7,13.5,1008.2,1027.2,1018.5,41,63,51.7,50.5,28.8
1791676800,8.8,41.2,9.5,39.1,1.4,31.1,55,42.8,49.7,15.4,1008.3,1027.5,1018.7,37.9,61,49.7,48.5,35.2
1791680400,10.9,39.5,8,39.2,2.4,30.9,55,42.4,48.2,16.9,1008.3,1027.8,1018.9,37,60.1,48.2,47,39
1791684000,10.2,40,9.5,38.8,1.5,30.9,54,42,47.1,18,1008.5,1028.1,1018.9,35.1,59,47.1,45.8,42.8
1791687600,8.3,39,10,40.8,2,30.2,54,41.7,46.3,18.7,1008.4,1028.1,1018.8,34,57.9,46.3,45.2,42.5
1791691200,12.1,33.1,10.5,41.8,2.6,29.6,54,41.5,45.8,19.2,1008.3,1028,1018.6,33,57.5,45.8,44.6,41.6
1791694800,10.5,30.6,12.9,43.7,2.3,29.1,54,41.3,45.4,19.7,1008.2,1027.9,1018.5,32,57.2,45.4,44,40.7
1791698400,12.1,29,11.1,44.3,3.4,29.1,54,41,44.8,20.2,1007.8,1027.9,1018.2,32,57,44.8,43.4,42.8
1791702000,14.6,26.9,9.4,46.3,2.9,29.1,54,41.2,44.5,20.5,1008,1027.6,1018.1,32,57.2,44.5,42.9,40
1791705600,13.6,26.2,8.9,48.8,2.6,29.1,53.6,41.1,44.4,20.6,1008.4,1027.9,1018.4,32,57,44.4,42.9,41.4
1791709200,12.5,25.5,8.5,51.3,2.3,28.9,53.6,40.6,43.7,21.3,1008.6,1028.6,1018.8,32,57,43.7,42.1,44
1791712800,16.2,15.6,13.9,50.3,4,28.4,53.6,40.4,43.3,21.7,1009,1029.1,1019.2,31.1,57,43.3,41.6,38.1
1791716400,16.1,16.1,12.4,51.5,4,29.1,53.6,40.7,43.8,21.2,1009.5,1029.4,1019.4,32,57,43.8,42,39.4
1791720000,15.9,16.7,10.8,52.7,4,32,54,42.6,46.5,18.5,1009.6,1029.6,1019.8,34.9,57.9,46.5,44.8,33.7
1791723600,16.4,15.4,13.8,50.4,3.9,32,55,43.3,49.2,15.9,1009.5,1029.6,1019.9,37.4,60.1,49.2,47.5,27.3
1791727200,20,18.5,17.8,40.9,2.9,32,55.9,44.2,53,12.3,1009.2,1029.5,1019.8,42.1,64,53,51.6,19.4
1791730800,21.6,20.9,13.8,40.1,3.5,32,57.9,44.3,56.2,9.5,1008.3,1028.6,1019.2,46,68,56.2,55,13
1791734400,18.8,20.5,14.8,41.2,4.8,32,57.9,44.4,58.8,7.7,1007.6,1029,1018.7,48,70.9,58.8,57.9,10.2
1791738000,20.7,20.9,14.9,37.2,6.2,30.2,57.2,43.4,59.9,7.1,1007.4,1027.5,1018.3,48,73,59.9,59.1,7.4
1791741600,21.9,20,14.2,38.3,5.5,30.2,57,43.1,60.5,6.7,1007,1027.2,1017.8,48,73.4,60.5,59.8,7
1791745200,23.1,20.6,14,37.1,5.1,30.2,56.8,42.7,60.3,6.9,1007,1026.8,1017.6,48.2,73.4,60.3,59.5,5.4
1791748800,20.7,23.9,14.1,36.2,5.2,30.2,57,42.6,60.1,7,1007.1,1026.6,1017.6,48,73.4,60,59.3,4.9
1791752400,16.7,25,18.1,37.3,3,30.2,55.9,42.6,58,8.3,1007.6,1026.5,1017.8,46.4,71.1,58,57.1,8.4
1791756000,13.6,29,17.2,37.9,2.3,30.2,55.9,42.5,53.9,11.5,1007.7,1026.9,1018.1,44.1,64.9,53.9,52.9,18.2
1791759600,8.9,33.3,16.5,37.6,3.7,30.9,55,42.4,51.4,13.8,1008,1027.4,1018.6,39.9,62.1,51.4,50.1,29.2
1791763200,8.7,41.1,9.7,38.8,1.7,30.9,55,42.4,49.3,15.8,1008.2,1027.9,1018.8,37.9,60.8,49.3,48,35.2
1791766800,9.9,39.7,8.7,39.4,2.3,30.9,54,42,47.7,17.3,1008.1,1027.9,1019,36,59,47.7,46.6,40.8
1791770400,10.1,40.4,10.1,38,1.4,30.2,54,41.6,46.6,18.5,1008,1028.1,1019,35.1,57.9,46.6,45.3,43.7
1791774000,7.7,40,10.1,40.2,2,30.2,53.1,41.3,45.8,19.2,1007.9,1028.2,1018.8,34,57.2,45.8,44.7,43.2
1791777600,12.7,34.4,9.9,40.7,2.3,29.6,53.4,41.1,45.3,19.7,1008,1028.2,1018.7,33,57.1,45.3,44.1,41.9
1791781200,11.7,31,12.2,42.6,2.5,29.1,53.6,40.9,44.8,20.2,1008,1028.2,1018.6,32,57,44.8,43.5,40.6
1791784800,12.1,29.7,9.7,45,3.4,29.1,53.1,40.5,44.2,20.8,1007.7,1028.1,1018.3,32,57,44.2,42.8,42.8
1791788400,14,27.9,10,45.3,2.8,28.9,53.6,40.6,44,21.1,1007.9,1027.9,1018.1,32,57,44,42.4,40.8
1791792000,13.1,27.2,9.5,47.6,2.6,29.1,53.6,40.7,43.9,21.2,1008.2,1028,1018.4,31.1,57,43.9,42.4,42
1791795600,12.1,26.5,9,49.9,2.5,28.4,52,40.1,43.2,21.8,1008.4,1028.8,1018.9,31.1,55.9,43.2,41.5,44.4
1791799200,16,15.4,14.5,49.9,4.3,28.4,52,39.9,42.8,22.2,1009,1029.4,1019.2,31.1,55.4,42.8,41.1,38.1
1791802800,16.3,15.2,14.5,50.1,4.1,28.9,53.1,40.3,43.4,21.7,1009.5,1029.4,1019.4,31.1,55.4,43.4,41.5,39.7
1791806400,16.5,14.9,14.4,50.2,3.9,30.9,53.6,42,45.9,19.2,1009.6,1030,1019.9,34,57.2,45.9,44.1,33.6
1791810000,16.8,14.7,14.4,50.4,3.7,32,55,43,48.8,16.3,1009.5,1029.9,1019.9,37,60.1,48.8,47,28
1791813600,21.2,18.5,16.3,41.3,2.6,32,55.9,43.8,52.5,12.8,1009.2,1029.9,1019.8,41.9,63.9,52.5,51,19.2
1791817200,22,20.6,12.8,41.1,3.5,32,57.2,43.8,55.8,9.8,1008,1028.8,1019.3,45,66.9,55.8,54.6,13.4
1791820800,19.8,20.3,13.6,42.2,4.1,32,57,43.9,58.4,8,1007.3,1029.1,1018.7,46.9,70,58.4,57.4,10.3
1791824400,21.1,21.1,14.3,37.5,6,30.2,56.8,42.9,59.5,7.4,1007.3,1027.7,1018.3,46.9,73,59.5,58.6,7.4
1791828000,22.1,20.9,13.9,37.3,5.8,30.2,55.9,42.6,60.2,7,1006.7,1027.4,1017.9,48,73.4,60.2,59.3,7
1791831600,22.7,20.8,14,37.6,4.9,30.2,55.9,42.2,60,7.1,1006.8,1026.8,1017.7,48,73.4,60,59.1,5.7
1791835200,20.3,23.6,14.5,36.2,5.4,29.8,55.9,42,59.6,7.3,1007.1,1026.8,1017.8,46.9,73.4,59.6,58.8,4.7
1791838800,16.9,25.5,17.4,37.3,3,30,55.9,42.1,57.6,8.6,1007.3,1026.6,1017.8,46.4,70,57.6,56.6,8.2
1791842400,14,29.4,16.6,37.7,2.3,30.2,55.4,42,53.6,11.8,1007.6,1027.1,1018.2,43,64.9,53.6,52.4,17.6
1791846000,9.9,33.9,15.6,37.6,3,30.2,55,42,51,14.2,1008,1027.4,1018.6,39.9,62.1,51,49.7,28.3
1791849600,9.6,41.4,8.9,38.6,1.4,30.2,54,41.9,49,16.1,1008.2,1028,1018.9,37.9,60.1,49,47.6,34.4
1791853200,9.6,39.9,8.7,39.2,2.6,30.2,54,41.4,47.4,17.7,1008,1028,1019,36,57.9,47.4,46.2,41.7
1791856800,10.8,41.1,9.4,37.5,1.2,30.2,53.6,41.1,46.2,18.8,1008,1028.2,1019,35.1,57.9,46.2,44.9,43.3
1791860400,7.2,40.7,9.9,40.5,1.7,30,53.1,40.7,45.5,19.6,1007.9,1028.2,1018.9,33.8,57,45.5,44.3,42.6
1791864000,13.6,34.6,9.3,40.7,1.8,29.2,53.1,40.5,45,20.1,1008,1028.2,1018.8,32.9,57,45,43.6,42.1
1791867600,11.7,31.2,12.2,42.4,2.5,28.4,53.1,40.3,44.4,20.6,1008,1028.2,1018.6,32,57,44.4,43,41.6
1791871200,11.1,31.2,9.5,45.2,2.9,28.4,53.1,40,43.9,21.1,1007.7,1028.1,1018.4,31.1,57,43.9,42.5,43.4
1791874800,13.5,27.9,10.4,45.1,3.1,28.4,53.1,40.2,43.6,21.4,1007.9,1028,1018.2,30.9,55.9,43.6,42.1,41
1791878400,12.9,27.4,9.7,47,3,28.4,53.1,40.1,43.5,21.6,1008.2,1028.1,1018.5,31.1,55.9,43.4,42,42.5
1791882000,12.4,26.8,9,49,2.8,28.4,51.8,39.6,42.8,22.2,1008.4,1028.8,1018.9,30.9,55.4,42.8,41.2,44.9
1791885600,17.3,15.1,14.2,48.9,4.5,28.4,52,39.5,42.6,22.5,1008.7,1029.4,1019.2,30.9,55,42.6,40.8,38.2
1791889200,17.4,14.8,14.2,49.3,4.3,28.9,52,39.8,43,22.1,1009.5,1029.5,1019.4,31.1,55,43,41.1,41
1791892800,17.5,14.5,14.2,49.6,4.1,30.2,53.6,41.6,45.5,19.5,1009.6,1030.2,1019.9,33.8,57,45.5,43.8,34.2
1791896400,17.6,14.2,14.2,50,3.9,32,54,42.6,48.4,16.7,1009.3,1030.1,1019.9,37,59.9,48.4,46.6,27.3
1791900000,21.8,18.2,16,40.7,3.3,32,55.9,43.4,52.1,13.1,1009.2,1030,1019.8,41,63,52.1,50.6,19.7
1791903600,21.8,20.6,13.3,40.5,3.8,32,56.8,43.5,55.5,10.1,1008,1028.9,1019.4,44.6,66.9,55.5,54.2,13.9
1791907200,19,20.2,14.5,41.9,4.3,31.1,56.8,43.5,58.1,8.2,1007.3,1029.1,1018.7,46.9,70,58.1,57,9.8
1791910800,20.8,20.8,14.6,37.7,6.2,30.2,55.9,42.5,59.3,7.6,1007.3,1027.7,1018.3,46.9,72,59.3,58.2,7.2
1791914400,22.4,21.2,13,37.5,6,30,55.9,42.1,59.9,7.1,1006.7,1027.4,1017.8,48,73,59.9,59,7
1791918000,22.4,21.5,13.6,37.6,4.9,29.1,55.4,41.8,59.8,7.2,1006.8,1026.8,1017.6,48,73,59.8,58.8,6.1
1791921600,19.8,23.3,14.7,37.4,4.9,28.9,55.9,41.6,59.3,7.5,1007,1026.6,1017.7,46.9,73,59.3,58.4,4.7
1791925200,17.1,25.5,16,38.4,3,29.1,55.4,41.7,57.2,8.9,1007.4,1026.4,1017.8,46,70,57.2,56.3,7.5
1791928800,14.7,29,15.4,38.6,2.3,30,54.9,41.6,53.3,12,1007.7,1026.8,1018.2,43,64.9,53.3,52.1,17.5
1791932400,10.3,33.4,14.2,39.4,2.7,30.2,54,41.6,50.8,14.3,1008.2,1027.1,1018.6,39.9,61.9,50.8,49.6,28.5
1791936000,9.6,39.9,8.9,39.9,1.6,30.2,53.6,41.5,48.8,16.3,1008.5,1027.4,1018.9,37.9,59,48.8,47.5,34.3
1791939600,9.4,38.7,9.2,40.1,2.6,30.2,54,41.1,47.1,17.9,1008.2,1027.7,1019,36,57.9,47.1,46,42.3
1791943200,11.5,39.1,10.8,37.6,1,30.2,53.6,40.6,46,19.1,1008.3,1028,1019.1,35.1,57,46,44.7,43.5
1791946800,7.9,39.2,10.3,41.1,1.5,29.1,53.1,40.4,45.4,19.7,1008.3,1028.1,1018.8,33.8,57,45.4,44.1,42.7
1791950400,13.8,33.7,10.1,41,1.5,28.6,52.5,40.1,44.8,20.3,1008.3,1027.8,1018.6,32.9,56.9,44.8,43.5,42
1791954000,12.4,30.6,12.1,42.4,2.5,28.2,52,39.9,44.2,20.8,1008.2,1027.6,1018.5,32,56.8,44.2,42.8,41.3
1791957600,10.5,31.1,9.2,46.6,2.6,28.2,52,39.6,43.7,21.3,1007.8,1027.9,1018.4,31.1,55.9,43.7,42.2,42.5
1791961200,13.4,28.6,9.5,45.4,3.1,28.2,52.9,39.7,43.4,21.7,1007.9,1027.4,1018.2,30.9,55.9,43.4,41.8,41.4
1791964800,12.8,27.9,9.3,47.1,3,28.2,52.9,39.7,43.2,21.8,1008.2,1028,1018.4,31.1,55.9,43.2,41.7,40.9
1791968400,12.2,27.1,9.1,48.8,2.8,28.2,51.8,39.2,42.6,22.4,1008.6,1028.5,1018.8,30.9,55.4,42.6,40.9,44.7
1791972000,18.6,15.3,13.3,48.1,4.7,28.2,52,39.2,42.4,22.6,1008.7,1028.8,1019.1,30.9,55,42.4,40.6,36.8
1791975600,18.3,14.8,13.8,48.6,4.4,28.4,52,39.4,42.7,22.3,1009.5,1029.3,1019.4,31.1,55,42.7,40.8,39.8
1791979200,18.1,14.4,14.2,49.1,4.2,30.2,53.1,41.3,45.3,19.7,1009.5,1029.6,1019.8,33.8,57,45.3,43.5,34.3
1791982800,17.8,13.9,14.7,49.6,3.9,32,54,42.3,48.2,16.9,1009.3,1029.6,1019.8,37,59.9,48.2,46.3,27.1
1791986400,22.5,17.7,14.9,42,2.9,32,55.4,43.2,51.9,13.3,1009.1,1029.3,1019.7,41,63,51.9,50.3,19.7
1791990000,21.7,18.9,13.2,42.1,4,32,55.9,43.3,55.2,10.3,1008,1028.6,1019.3,44.6,66.9,55.2,53.8,14.6
1791993600,18.4,19.1,14.6,43.3,4.5,31.1,56.8,43.3,57.7,8.4,1007.3,1028,1018.6,46.4,69.8,57.7,56.6,9.4
1791997200,19.6,20.3,14.2,39.5,6.4,30.2,55.4,42.3,58.8,7.9,1007,1027,1018.2,46.9,72,58.8,57.7,7.2
1792000800,22.1,20.7,12,39.7,5.5,30,55.4,42,59.5,7.4,1006.6,1026.4,1017.7,48,73,59.5,58.5,6.7
1792004400,21,21,12.5,40.8,4.7,29.1,55.4,41.6,59.3,7.6,1006.4,1026.3,1017.5,46.9,73,59.3,58.3,6.4
1792008000,19.5,23.3,13,39.3,4.9,29.1,55.4,41.5,58.8,7.9,1007,1025.7,1017.6,46.4,72,58.7,57.7,5.1
1792011600,17.4,24.2,15.3,40,3,29.8,55.4,41.6,56.7,9.3,1007.6,1026,1017.7,45,70,56.7,55.6,7.5
1792015200,15.2,28.1,13.6,40.8,2.3,30.2,54,41.5,52.9,12.4,1007.7,1026.1,1018.1,42.8,64.9,52.9,51.7,17.8
1792018800,11.5,32.6,12.4,40.9,2.5,30.2,53.6,41.5,50.5,14.6,1008.3,1026.8,1018.5,39.2,61.9,50.5,49.1,27.4
1792022400,9.9,37.2,9.4,41.9,1.6,30.2,53.6,41.4,48.5,16.5,1008.6,1027.1,1018.8,37.9,59,48.5,47.1,32.9
1792026000,9.9,37.2,8.9,41.4,2.6,30.2,53.6,40.9,46.8,18.2,1008.8,1027.6,1019,36,57.9,46.8,45.6,41.4
1792029600,11.7,36.9,11,39.5,1,30.2,53.6,40.5,45.8,19.3,1009.1,1027.8,1019,35.1,55.9,45.8,44.3,42.7
1792033200,8.7,37.6,10.6,41.6,1.5,30,53.1,40.3,45.1,19.9,1008.9,1027.9,1018.8,34,55.9,45.1,43.8,43.1
1792036800,13.9,33.3,9.6,41.7,1.5,29.1,52.5,40,44.5,20.5,1008.8,1027.7,1018.6,33,55.6,44.5,43.1,41.7
1792040400,11.6,29.7,11.8,44.3,2.5,28.2,51.8,39.6,43.9,21.2,1008.6,1027.5,1018.5,32,55.4,43.9,42.4,40.3
1792044000,9.9,30.1,9.4,48.2,2.4,28.2,51.8,39.3,43.4,21.7,1008.3,1027.5,1018.4,31.1,55,43.4,41.8,43
1792047600,11.9,28.9,8.6,47.5,3.1,28.2,52,39.4,43.1,21.9,1008.1,1027.1,1018.1,31.1,55.4,43.1,41.4,41.5
1792051200,10.8,27.1,9.7,49.9,2.6,28.4,52,39.3,42.9,22.2,1008.6,1027.5,1018.4,31.1,55,42.8,41.2,40.5
1792054800,11.5,26.2,9,50.5,2.7,28.2,51.8,38.9,42.4,22.6,1008.6,1028.3,1018.8,31.1,55,42.4,40.5,44.3
1792058400,18.9,14.2,12.6,49.9,4.4,28.2,51.8,38.9,42.1,22.9,1008.8,1028.7,1019.1,30.9,54,42.1,40.2,36.6
1792062000,24.1,13.1,10.8,48.6,3.4,28.4,51.8,39.2,42.5,22.5,1009.5,1029,1019.3,31.1,55,42.5,40.4,39.6
1792065600,15.4,15.1,11.1,53.8,4.6,30.2,52.9,40.9,44.9,20.1,1009.5,1029.5,1019.8,33.8,55.9,44.9,43,34.2
1792069200,17.8,13.8,13.8,50.9,3.7,32,53.6,42,47.9,17.2,1009.3,1029.5,1019.8,37,59,47.9,45.9,27.1
1792072800,21.7,16.4,14,45,2.9,32,55,42.7,51.4,13.8,1009.2,1029.2,1019.7,39.9,62.6,51.4,49.7,20.1
1792076400,20.9,18.1,13.1,43.7,4.2,32,55.9,42.8,54.7,10.8,1008.2,1028.6,1019.3,44.1,66.2,54.7,53.1,14
1792080000,17.9,18.4,13.9,45.7,4.1,30.2,55.9,42.8,57.1,9,1007.2,1028,1018.6,46,69.1,57.1,55.8,9.4
1792083600,20.1,19.4,13.9,40.2,6.4,30.2,55,42,58.3,8.3,1006.9,1026.8,1018.1,46.4,71.6,58.3,57.1,7.9
1792087200,21.7,19,12.5,41.4,5.3,30,55.4,41.7,58.9,7.9,1006.5,1026.3,1017.7,46.9,72,58.9,57.8,7.5
1792090800,20.8,20.1,12.8,41.6,4.7,28.9,55,41.3,58.7,8,1006.4,1025.9,1017.5,46.4,72.9,58.7,57.6,6.4
1792094400,20.1,22.7,12.4,40.4,4.4,29.1,55.4,41.2,58.2,8.3,1006.8,1025.7,1017.5,46,72,58.2,57.1,5.9
1792098000,17.8,24,14.8,40.2,3.2,29.1,55,41.2,56.1,9.8,1006.7,1026,1017.8,45,69.8,56.1,55,7.7
1792101600,15.9,27.9,12.9,41,2.3,30,54,41.1,52.4,12.8,1007.5,1026.1,1018.1,42.1,64.4,52.4,51.1,17.1
1792105200,11.9,31.6,12.8,41,2.7,30.2,53.6,41.1,50.1,15,1008.2,1026.7,1018.5,39,61.9,50.1,48.7,27.6
1792108800,10.6,35.2,9.6,43.2,1.4,30.2,53.1,40.9,48.1,16.9,1008.6,1027.1,1018.8,37,59,48.1,46.7,32.2
1792112400,9.8,35.9,9.3,42.4,2.6,30.2,53.1,40.6,46.6,18.5,1008,1027.6,1018.9,36,57.9,46.6,45.3,41.4
1792116000,12.1,35.4,10.9,40.6,1,29.1,53.1,40.1,45.4,19.6,1008.5,1027.8,1019,35.1,55.9,45.4,43.9,43.1
1792119600,9.2,35.6,10.6,43.1,1.5,28.9,52,40,44.9,20.2,1007.9,1028,1018.8,34,55.4,44.9,43.4,42.4
1792123200,13.5,31.7,9.6,43.4,1.8,28.5,51.9,39.6,44.3,20.8,1008,1027.8,1018.7,33,55.2,44.3,42.8,41.1
1792126800,10.6,28,11.8,46.9,2.8,28.2,51.8,39.3,43.6,21.4,1008.1,1027.6,1018.6,32,55,43.6,42.1,39.9
1792130400,10.1,28.6,9.4,49.9,2.1,28.2,51.8,39,43.1,21.9,1007.7,1027.6,1018.4,31.1,55,43.1,41.4,41.7
1792134000,11.5,28,8.2,49.2,3,28,51.8,39,42.8,22.2,1007.8,1027.4,1018.2,30.9,55,42.8,41,39.9
1792137600,11.3,25.7,9.6,50.8,2.5,28,51.8,39,42.6,22.5,1007.6,1027.7,1018.4,30.9,55,42.5,40.8,39.2
1792141200,11.4,26.3,8.4,51.2,2.7,27.9,50,38.6,42.2,22.9,1008.3,1028.3,1018.7,30.9,54,42.2,40.2,41.9
1792144800,18.5,14.4,11.4,51.8,3.8,28.2,51.8,38.6,41.9,23.1,1007.8,1028.8,1019,30.2,54,41.9,39.8,34.8
1792148400,23.9,12.6,11.2,48.9,3.4,28.2,51.8,38.8,42.1,22.9,1007.8,1029.3,1019.3,30.9,54.9,42.1,40,39.1
1792152000,14.8,14.5,11.1,55,4.6,30,52,40.6,44.6,20.4,1008.9,1029.6,1019.7,33.8,55.9,44.6,42.6,33.5
1792155600,17.2,13.8,13,52.1,3.9,31.1,52,41.6,47.4,17.7,1008.5,1029.9,1019.8,36,57.9,47.4,45.4,26.7
1792159200,20.7,16.3,13.7,46.4,2.9,31.1,54,42.4,50.9,14.2,1008.6,1029.4,1019.6,39.9,62.1,50.9,49.1,20.1
1792162800,20.3,17.3,13.5,44.7,4.3,30.9,55.4,42.4,54.1,11.3,1007.8,1028.8,1019.3,44.1,66,54.1,52.6,14.6
1792166400,18.2,18.5,13.2,46.3,3.8,30.2,55.4,42.4,56.5,9.4,1007.1,1028.2,1018.5,46,68,56.5,55.2,10.1
1792170000,20.6,18.8,13.7,40.7,6.2,30,54.9,41.6,57.8,8.6,1006.5,1027.4,1018.1,46,71.1,57.8,56.6,8.2
1792173600,21.5,18.4,12.3,42.5,5.3,29.8,55.4,41.5,58.5,8.1,1005.9,1026.8,1017.6,46.4,72,58.5,57.4,7.8
1792177200,21.9,19.3,12.3,41.5,5,28.4,55,40.9,58.4,8.2,1006,1026.7,1017.4,46,72,58.4,57.2,6.9
1792180800,20.7,22.1,11.5,41.5,4.2,28.9,55,41,57.8,8.6,1006.1,1026.2,1017.4,45.9,71.6,57.8,56.6,5.6
1792184400,18.7,22.9,13.9,40.9,3.7,28.9,54,40.9,55.7,10.1,1006.5,1026.3,1017.7,44.6,68,55.7,54.5,7
1792188000,15.4,26.9,12.9,42.5,2.3,29.1,54,40.7,52,13.2,1007.1,1026.4,1018,42.1,64,52,50.6,16.6
1792191600,11.4,31.1,12.3,42.2,3,30.2,53.1,40.7,49.7,15.4,1008.1,1026.9,1018.5,39,61.9,49.7,48.3,27.1
1792195200,9.6,34.9,9.8,44,1.6,30,53.1,40.5,47.8,17.2,1008.5,1027.4,1018.7,37,59,47.8,46.3,31.8
1792198800,9.3,35.6,10,42.6,2.6,29.8,53.1,40.1,46.2,18.8,1007.6,1027.8,1018.9,35.6,57.2,46.2,44.7,40.8
1792202400,10.9,35.9,10.6,41.4,1.2,28.9,52,39.6,45,20,1008,1028.1,1019,34.9,55.4,45,43.4,44.2
1792206000,8.9,36,9.9,43.6,1.7,28.4,51.8,39.5,44.5,20.6,1007.5,1028.1,1018.7,33.1,55,44.5,42.8,40.8
1792209600,12.9,32.6,9.1,43.7,1.8,28.3,51.5,39.1,43.9,21.1,1007.5,1028,1018.6,32.1,55,43.9,42.2,40
1792213200,10.7,29.2,10.7,46.6,2.7,28.2,51.1,38.8,43.3,21.7,1007.4,1027.9,1018.5,31.1,55,43.3,41.6,39.2
1792216800,10.3,29.1,8.8,49.7,2.1,27.9,50.9,38.6,42.8,22.3,1006.9,1028,1018.5,31.1,54.9,42.8,40.9,42
1792220400,12,28.6,7.9,48.5,3,27.1,51.8,38.6,42.4,22.6,1007.2,1027.9,1018.2,30.2,55,42.4,40.5,39.9
1792224000,11.9,26.7,9.2,50,2.2,27.9,51.8,38.5,42.2,22.8,1007.3,1028.1,1018.4,30.2,54,42.2,40.2,39
1792227600,11,27.3,8.6,50.3,2.9,26.6,50,38.1,41.7,23.3,1007.6,1028.6,1018.7,30.2,54,41.7,39.6,39.3
1792231200,18.3,15.6,11.8,50.3,4,27.1,50,38.1,41.5,23.5,1007.3,1028.9,1018.9,30.2,54,41.5,39.3,33.9
1792234800,22.7,13,11.9,48.5,3.9,27.1,50,38.3,41.7,23.3,1007.8,1029.4,1019.3,30.2,54,41.7,39.5,37.3
1792238400,14.5,14.8,11.7,54.4,4.6,29.1,51.8,40.1,44.2,20.8,1008.7,1029.6,1019.7,33.1,55.4,44.2,42,32.5
1792242000,18.7,14,13,50.8,3.6,30.9,51.8,41.2,47,18,1008.5,1030.1,1019.8,36,57.2,47,44.9,26.9
1792245600,21.6,16.3,13.2,46,2.9,30.9,53.6,41.9,50.5,14.6,1008.4,1029.5,1019.6,39.9,62.1,50.5,48.6,21.1
1792249200,21.5,16.3,13.7,44,4.5,30.2,54,42,53.8,11.6,1007.7,1028.9,1019.3,43.9,64.9,53.8,52.1,13.6
1792252800,19.6,17.4,13.8,45.3,3.8,30.2,55.4,41.9,56,9.8,1006.9,1028.2,1018.5,45,68,56,54.6,9.9
1792256400,22.1,17.8,13.9,40.4,5.7,29.1,54,41.2,57.4,8.9,1006.5,1027.6,1018,45.9,70.9,57.4,56,8.1
1792260000,22.4,17.6,12.3,42.7,5.1,29.1,55,40.9,58,8.4,1005.9,1026.9,1017.6,46.4,71.1,58,56.9,7.7
1792263600,22.4,18.9,13.7,40.6,4.5,28.4,54,40.5,58,8.5,1006,1026.8,1017.4,45,71.1,58,56.8,7.3
1792267200,21.4,21.8,11.5,41.1,4.2,28.4,54,40.5,57.4,8.9,1006.1,1026.3,1017.3,45,71.1,57.3,56.2,6.1
1792270800,19.2,21.9,14.3,41.1,3.5,28.4,54,40.4,55.3,10.4,1006.3,1026.5,1017.7,44.1,68,55.3,54,7.2
1792274400,15.6,26.9,12.4,42.5,2.5,28.9,53.6,40.3,51.7,13.5,1006.5,1026.8,1017.9,41,63,51.7,50.2,16.4
1792278000,12.2,31.4,12.2,41.5,2.8,30,53.1,40.3,49.4,15.7,1008.1,1027.4,1018.5,39,61,49.4,47.8,26.2
1792281600,10.5,35.2,9.6,42.9,1.9,29.1,53.1,40.1,47.5,17.5,1008.2,1027.7,1018.7,37,59,47.5,45.9,32.2
1792285200,10,35.4,9.8,42.2,2.6,29.1,53.1,39.7,45.9,19.1,1007.6,1027.9,1018.8,35.6,57.2,45.9,44.4,40.4
1792288800,10.9,35.9,10.9,41.1,1.2,28.9,52,39.2,44.7,20.3,1008,1028.2,1018.9,34,55.4,44.7,43.1,44.3
1792292400,9.3,35.3,10.3,43.4,1.7,28.4,51.8,39.1,44.2,20.8,1007.5,1028.3,1018.7,33.1,55,44.2,42.5,39.4
1792296000,13.9,33.1,9.3,42.2,1.5,28.2,51.5,38.8,43.6,21.4,1007.5,1028.2,1018.6,32,55,43.6,41.9,39.1
1792299600,11,29.9,10.7,45.6,2.7,28,51.1,38.5,43,22,1007.5,1028.1,1018.5,30.9,55,43,41.3,38.8
1792303200,11.3,29,8.2,49.5,2.1,27.1,50.9,38.3,42.6,22.5,1006.9,1028.1,1018.4,30.9,55,42.6,40.6,42
1792306800,12.6,28.4,7.9,48.4,2.7,27.1,51.1,38.2,42.2,22.8,1007.2,1028,1018.2,30.2,54,42.2,40.1,38.1
1792310400,11.9,26,9.9,49.7,2.5,27.1,51.8,38.2,42,23,1007.2,1028.1,1018.3,30.2,54,42,39.9,38.6
1792314000,10.6,26.9,8.8,50.8,2.9,27,50,37.8,41.6,23.4,1007.5,1028.6,1018.7,30.2,54,41.6,39.3,38.5
1792317600,18.5,16.9,11,50.1,3.5,27.1,50,37.9,41.3,23.7,1007.3,1029,1018.9,30.2,54,41.3,39,33.8
1792321200,21.5,13.8,11.3,49.3,4.1,27,50,38,41.5,23.5,1007.6,1029.5,1019.2,30.2,54,41.5,39.2,36.7
1792324800,13.8,14.9,12.1,54.6,4.5,29.1,51.8,39.8,44,21,1007.7,1029.6,1019.6,33.1,55,44,41.8,31.3
1792328400,18,13.5,14.6,50.5,3.4,30.9,51.8,40.9,46.8,18.2,1008,1030.1,1019.7,36,57,46.8,44.6,26.5
1792332000,20.9,16.1,13.2,46.9,2.9,31.1,53.6,41.6,50.3,14.9,1008.3,1029.5,1019.5,39.9,61,50.3,48.3,20.8
1792335600,21.9,16,13.2,44.2,4.7,30.9,54,41.8,53.5,11.9,1007.7,1028.9,1019.3,43.9,64.9,53.5,51.8,13.1
1792339200,20.1,17,14.1,45,3.8,30.2,55,41.6,55.6,10.1,1006.8,1028,1018.4,45,68,55.6,54.1,9.9
1792342800,22,17.2,14.2,41,5.7,29.1,54,40.9,57,9.2,1006.3,1027.3,1018,44.6,70,57,55.6,8.3
1792346400,21.7,17.6,12.8,42.9,5.1,29.1,54,40.5,57.6,8.8,1005.9,1026.7,1017.5,45.9,71.1,57.6,56.4,7.3
1792350000,21.4,19.8,13.6,40.9,4.2,28.2,53.6,40.1,57.6,8.8,1006,1026.7,1017.4,44.6,71.1,57.6,56.3,7.1
1792353600,21.4,22.4,10.4,41.6,4.2,28.4,53.6,40.2,56.9,9.3,1006.1,1026.2,1017.2,44.6,69.8,56.8,55.6,6.1
1792357200,18.5,22.7,13.2,41.7,3.9,28.4,53.6,40,54.9,10.7,1006.3,1026.4,1017.7,44.1,66.9,54.9,53.5,7.5
1792360800,15.4,27.2,12,42.6,2.8,28.9,53.1,39.9,51.3,13.8,1006.5,1026.7,1017.9,41,63,51.3,49.8,16.5
1792364400,12.8,30.7,12.4,41.5,2.5,29.8,53.1,40,49,16,1008.1,1027.1,1018.5,37.9,60.8,49,47.4,26.5
1792368000,10.5,34.9,9.6,42.9,2.1,28.9,53.1,39.7,47.2,17.8,1007.7,1027.5,1018.7,37,57.9,47.2,45.5,32.4
1792371600,10.8,35,10.1,41.8,2.3,28.9,52,39.3,45.6,19.4,1007.4,1027.8,1018.7,35.6,57.2,45.6,44,40.5
1792375200,11.4,35.4,10.9,41.1,1.2,28.4,51.8,38.8,44.4,20.6,1007.9,1028.2,1018.8,34,55.4,44.4,42.7,45.7
1792378800,9.8,35,10.5,43.1,1.5,28.2,51.8,38.7,43.9,21.1,1007.4,1028.1,1018.7,33.1,55,43.9,42,39.7
1792382400,14.6,33.3,9.3,41.2,1.5,28,51.5,38.5,43.3,21.6,1007.5,1028,1018.6,31.6,55,43.3,41.5,39.4
1792386000,10.9,30.6,10.4,45.3,2.7,27.9,51.1,38.2,42.8,22.2,1007.5,1028,1018.5,30.2,54.9,42.8,41,39
1792389600,11.3,29,8.7,49.1,1.8,27.1,50,37.9,42.3,22.8,1006.9,1028.1,1018.4,30.2,54,42.2,40.2,43.2
1792393200,12,29.2,8.7,47.7,2.5,26.6,50,37.8,41.7,23.3,1007.2,1027.9,1018.2,30.2,54,41.7,39.6,39.9
1792396800,11.3,26.1,9.6,50.3,2.7,27.1,50,38,41.7,23.3,1007.2,1028.1,1018.3,30.2,53.6,41.7,39.5,39.9
1792400400,10.9,27.3,8.8,50.4,2.7,26.6,50,37.6,41.3,23.7,1007.5,1028.5,1018.6,30.2,53.1,41.3,38.9,39.9
1792404000,18.5,16.7,11.6,49.7,3.5,27.1,50,37.6,41,24,1007.3,1028.8,1018.8,30.2,53.1,41,38.7,34.6
1792407600,21.1,13.6,11.6,49.6,4.2,27,50,37.7,41.3,23.8,1007.6,1029.3,1019.1,30.2,54,41.2,38.9,38.3
1792411200,14.6,14,12,54.1,5.3,28.4,51.8,39.5,43.6,21.4,1008.2,1029.5,1019.5,33.1,55,43.6,41.4,32.6
1792414800,18.4,13.6,14.7,50.1,3.1,30.2,51.8,40.6,46.6,18.5,1008.1,1029.6,1019.5,36,57,46.6,44.3,26.8
1792418400,20.2,16.3,13.5,47.1,2.9,30.9,53.6,41.4,50,15.1,1008.3,1029.3,1019.4,39.9,61,50,48.1,21.1
1792422000,22.7,17,12.1,43.5,4.7,30.2,54,41.6,53.3,12.1,1007.7,1028.8,1019.2,43,64.9,53.3,51.5,13.2
1792425600,20,17.5,13.5,45.2,3.8,30.2,55.4,41.3,55.3,10.4,1006.9,1027.9,1018.2,44.6,66.9,55.3,53.8,10.4
1792429200,21.3,17.4,13.3,41.7,6.2,29.1,54,40.8,56.9,9.3,1006.3,1027,1017.8,44.6,70,56.9,55.5,8.6
1792432800,22.1,17.5,11.8,43.5,5,28.9,54.9,40.4,57.4,8.9,1006,1026.4,1017.3,45,70.9,57.4,56.2,7.7
1792436400,22.4,19.8,12.7,41.4,3.8,28.4,54,40,57.5,8.9,1006,1026.6,1017.2,44.6,71.1,57.5,56.1,7.3
1792440000,20.9,21.6,10.3,43,4.2,28.4,54,40.1,56.7,9.4,1006.1,1026,1017.1,44.6,69.1,56.7,55.4,6.6
1792443600,18.7,21.9,12.9,42.5,3.9,28.4,54,40,54.8,10.8,1006.5,1026.3,1017.5,43,66.9,54.8,53.4,7.7
1792447200,15.7,26,12.2,43.1,3,28.4,53.1,39.9,51.3,13.8,1007.1,1026.4,1017.8,41,63,51.3,49.8,16.9
1792450800,13.3,29.2,12.9,41.8,2.8,29.1,53.1,39.9,49.1,16,1008.2,1026.8,1018.3,37.9,60.8,49.1,47.4,25.3
1792454400,11,32.9,10.3,43.7,2.1,28.4,53.1,39.6,47.2,17.8,1008.2,1027.2,1018.5,36,57.9,47.2,45.5,32.1
1792458000,10.3,33.8,10.8,42.7,2.3,28.4,52,39.2,45.6,19.4,1007.8,1027.6,1018.6,35.6,57.2,45.6,44.1,41
1792461600,11.8,34.8,11.3,40.9,1.2,28.2,51.8,38.7,44.4,20.6,1008.3,1028,1018.7,34,55.4,44.4,42.7,44.8
1792465200,11,33.9,10.7,42.9,1.5,28.2,51.8,38.6,43.8,21.2,1007.8,1028,1018.6,32,55,43.8,41.9,39.7
1792468800,14.5,32.8,9,42.1,1.5,27.6,51.5,38.4,43.3,21.8,1007.8,1027.9,1018.5,31.1,55,43.3,41.4,39.5
1792472400,11.5,30.1,10,45.6,2.7,27.1,51.1,38.1,42.7,22.3,1007.7,1027.8,1018.3,30.2,54.9,42.7,40.9,39.2
1792476000,11.3,28.4,9,49.6,1.8,26.6,50,37.8,42.2,22.8,1007.5,1028,1018.3,29.8,54,42.2,40.1,43
1792479600,11.6,29.1,8.9,48.2,2.2,26.2,50,37.7,41.7,23.3,1007.4,1027.7,1018.1,30,54,41.7,39.6,40.4
1792483200,11.1,25.5,9.8,50.8,2.7,27.1,50,37.9,41.8,23.3,1007.4,1027.8,1018.2,30.2,53.6,41.7,39.6,40.6
1792486800,10.9,27.1,8.9,50.5,2.6,26.6,50,37.6,41.3,23.7,1007.7,1028.3,1018.5,30.2,53.1,41.3,39,40.1
1792490400,18.4,16.8,11.8,49.7,3.2,27,50,37.6,41.1,23.9,1007.8,1028.7,1018.6,30.2,53.1,41.1,38.8,35.9
1792494000,21.9,13.7,11.7,48.6,4.1,26.6,50,37.7,41.3,23.7,1007.9,1029,1018.9,30.2,53.6,41.3,38.8,37
1792497600,16.8,14.3,11.5,52.5,4.9,28.4,51.8,39.3,43.6,21.4,1008.7,1029.2,1019.3,32,55,43.6,41.3,33.6
1792501200,18.5,14.6,14.6,50,2.3,30.2,51.8,40.6,46.6,18.4,1008.2,1029.5,1019.4,36,57.2,46.6,44.3,26.1
1792504800,19.9,16.5,13.2,47.6,2.9,30.2,53.6,41.3,50,15.1,1008.4,1029.2,1019.2,39.2,61,50,47.9,21
1792508400,21.7,16.5,12.1,44.9,4.7,30.2,55,41.4,53.1,12.3,1007.7,1028.8,1019,43,64.9,53.1,51.2,12.6
1792512000,20.2,16.8,12.7,46.2,4.1,29.1,55,41.2,55.1,10.6,1006.8,1027.7,1018,44.6,66.9,55.1,53.5,8.9
1792515600,21.6,16.6,12.9,42.8,6.2,28.9,54,40.7,56.7,9.5,1006.3,1026.9,1017.7,44.1,70,56.7,55.1,7.9
1792519200,23.4,16.4,11.6,43.9,4.8,28.4,54.9,40.3,57.1,9.2,1006,1026.3,1017.2,44.6,70,57.1,55.8,7
1792522800,22.4,19.1,12,42.2,4.2,28.2,54,39.9,57.2,9.2,1006,1026.5,1017.1,44.1,71.1,57.2,55.8,7.3
1792526400,20.6,21.1,10.2,44.1,4,28.2,53.6,39.9,56.2,9.7,1006.1,1026,1016.9,44.1,69.1,56.2,54.8,6.2
1792530000,19.4,20.6,13.2,43,3.9,28,54,39.9,54.5,11.1,1006.4,1026.3,1017.4,42.8,66.2,54.5,53,7.7
1792533600,17.3,24.9,11.5,43.3,3,28.4,54,39.8,51.2,14,1007.1,1026.4,1017.7,41,63,51.2,49.6,16
1792537200,14.3,28.3,12.2,42.2,3,28.9,53.1,39.8,49,16.1,1008.1,1026.8,1018.2,37.9,61,49,47.3,24.5
1792540800,10.7,31.2,11.2,44.4,2.6,28.2,53.1,39.5,47.1,17.9,1008,1027.2,1018.4,36,59,47.1,45.5,31.9
1792544400,10.5,32.9,10.7,43.2,2.6,28.4,52,39.1,45.6,19.5,1007.8,1027.6,1018.4,35.6,57.2,45.6,44,39.8
1792548000,12,33.6,11.5,41.4,1.4,28.2,51.8,38.6,44.3,20.7,1008,1028,1018.6,33.8,55.4,44.3,42.6,43.1
1792551600,12.1,32.7,11.1,42.6,1.5,28.2,51.8,38.4,43.7,21.3,1007.2,1028,1018.4,32,55,43.7,41.8,38
1792555200,13.8,32.3,9,43.1,1.8,27.6,51.5,38.1,43.2,21.9,1007.2,1028,1018.3,31.1,54.5,43.2,41.3,38
1792558800,11.5,30.2,10.1,45.5,2.7,27.1,51.1,37.9,42.6,22.4,1007.2,1027.9,1018.2,30.2,54,42.6,40.7,38.1
1792562400,11.3,28.4,8.7,49.9,1.8,26.6,50,37.5,42.1,23,1006.9,1028,1018.2,29.1,54,42.1,40,41.8
1792566000,11.5,29,8.8,48,2.7,26.1,50,37.4,41.7,23.4,1007.2,1027.9,1018,29.1,54,41.7,39.5,39.1
1792569600,10.9,24.8,9.9,51.7,2.7,27,50,37.6,41.6,23.4,1007.2,1028,1018.2,30.2,53.6,41.6,39.4,39.1
1792573200,10.5,26.2,9,51.8,2.6,26.6,50,37.3,41.2,23.8,1007.3,1028.3,1018.3,30.2,53.1,41.2,38.8,38.4
1792576800,17.4,16.9,11.5,51,3.1,27,50,37.3,41,24,1007.2,1028.8,1018.5,30.2,53.1,41,38.5,33.8
1792580400,21.2,13.3,12,49.7,3.8,26.6,50,37.3,41.1,23.9,1007.4,1029,1018.8,30.2,52,41.1,38.6,35.8
1792584000,17.2,13.6,12,52.3,4.9,28.2,51.1,39,43.4,21.6,1007.7,1029.2,1019.2,32,54.9,43.4,41,32.5
1792587600,18.9,14.5,13.9,49.7,2.9,30.2,51.8,40.1,46.3,18.7,1007.9,1029.5,1019.3,35.6,57,46.3,43.9,25.3
1792591200,20.8,15.3,12.6,48.2,3.1,30.2,53.1,40.8,49.5,15.6,1008.1,1029.2,1019.1,39.2,60.8,49.5,47.3,20.1
1792594800,22.8,16.2,11.6,44.9,4.5,30.2,53.6,41,52.6,12.7,1007.4,1028.9,1018.9,42.8,64.9,52.6,50.6,12.2
1792598400,21,15.9,13.3,45.7,4.1,29.1,54,40.6,54.6,11.1,1006.5,1027.7,1018,44.1,66.9,54.6,52.8,8.5
1792602000,22.5,15.9,13.6,42.3,5.7,28.9,53.6,40.2,56.1,10,1006,1027,1017.6,44.1,70,56.1,54.5,7.4
1792605600,22.9,15.7,12.3,44.2,4.8,28.4,54,39.9,56.6,9.6,1005.8,1026.4,1017.2,44.6,70,56.6,55.2,7
1792609200,22.6,18.6,11.5,42.6,4.7,28,53.6,39.5,56.7,9.6,1006,1026.6,1017.2,44.1,70.9,56.7,55.2,7.3
1792612800,20.1,21.3,10.6,44,4,28,53.1,39.3,55.6,10.3,1006.1,1026.1,1017,43,68.9,55.6,54.1,5.5
1792616400,20.6,20.4,12.8,42.5,3.7,27.9,53.6,39.4,53.9,11.6,1006.2,1026.3,1017.5,42.8,66,53.9,52.3,6.8
1792620000,17.3,24.2,11.1,44.3,3,28.2,52,39.3,50.7,14.5,1006.5,1026.6,1017.7,41,62.1,50.7,49,16.3
1792623600,14.8,28.6,11.3,42.7,2.5,28.4,53.1,39.2,48.4,16.7,1008,1027.1,1018.3,37.9,60.1,48.4,46.6,23.4
1792627200,12.1,30.6,10.2,45,2.1,28.2,51.8,38.9,46.7,18.4,1007.7,1027.4,1018.5,36,57.9,46.7,44.8,31
1792630800,10.3,33,10.8,43.6,2.3,28,51.8,38.5,45.1,20,1007.4,1027.7,1018.5,35.1,57.2,45.1,43.4,38.8
1792634400,12.2,33.5,11.5,41.5,1.4,27.1,51.1,38.1,43.9,21.1,1007.9,1028.1,1018.7,33.8,55,43.9,42,42
1792638000,12.5,31.8,11.3,42.9,1.4,28,50,37.9,43.2,21.8,1007.2,1028.2,1018.5,32,55,43.2,41.2,37.6
1792641600,14.8,30.7,8.8,44.2,1.5,27.3,50,37.5,42.7,22.4,1007,1028.1,1018.5,31.1,54,42.7,40.7,37.8
1792645200,12.5,29.5,9.6,45.2,3.2,26.6,50,37.2,42.1,22.9,1006.9,1028,1018.4,30.2,53.1,42.1,40.1,38
1792648800,11.7,28.5,8.4,50.1,1.3,26.2,50,36.9,41.6,23.4,1006.8,1028.1,1018.4,28.9,53.1,41.6,39.5,40.9
1792652400,11.6,29.1,8.7,47.9,2.6,25.9,50,36.8,41.2,23.8,1007.1,1028.1,1018.2,29.1,53.1,41.2,38.9,37
1792656000,10.6,25.1,9.5,52,2.9,26.6,50,37,41.2,23.8,1007.2,1028.1,1018.3,30,53.1,41.2,38.9,38.1
1792659600,10.5,26.3,8.9,51.8,2.6,26.6,48.9,36.7,40.8,24.2,1007.2,1028.5,1018.5,29.1,51.8,40.8,38.4,38.3
1792663200,17.4,16.8,11.7,51,3.1,26.6,48.9,36.8,40.6,24.5,1007,1028.9,1018.6,29.8,52,40.6,38,34.1
1792666800,20.1,12.7,12.2,50.9,4.1,26.2,48.9,36.8,40.7,24.3,1007.4,1029.3,1019.1,30.2,52,40.7,38.1,35.1
1792670400,18.3,13.2,11,52.4,5.1,28.2,50,38.4,42.9,22.1,1007.7,1029.4,1019.4,32,53.6,42.9,40.5,32.7
1792674000,17.8,14.7,13.6,50.9,2.9,29.8,51.1,39.6,45.9,19.2,1007.9,1029.9,1019.6,35.6,57,45.9,43.4,24.9
1792677600,19.9,15.8,12.9,48.2,3.1,30,52,40.2,49,16.1,1008.1,1029.5,1019.3,39.2,60.1,49,46.7,20.1
1792681200,23.1,16.4,12.1,44.5,3.8,29.8,53.1,40.4,52.1,13.2,1007.6,1028.9,1019.2,42.1,64.4,52.1,50,12.3
1792684800,22.1,16.5,13.9,43.8,3.6,28.4,53.6,39.9,54.1,11.5,1006.8,1027.7,1018.2,43,66.9,54.1,52.2,8.3
1792688400,22.9,15.8,14.7,41.1,5.5,28.4,53.1,39.6,55.7,10.4,1006,1027.2,1017.8,43,69.1,55.7,53.9,6.7
1792692000,23.5,15,12.9,43.9,4.6,27.9,52.9,39.2,56.2,9.9,1006,1026.7,1017.4,44.1,70,56.2,54.7,6.6
1792695600,23.2,18.2,11.8,41.4,5.4,27,53.1,38.8,56.3,9.9,1006.1,1026.7,1017.5,43,70.9,56.3,54.6,6.9
1792699200,20.1,21.3,10.7,43.6,4.3,27.1,51.8,38.6,55.1,10.7,1006.4,1026.2,1017.3,43,68,55.1,53.5,5.5
1792702800,21.3,20.6,12.8,41.5,3.7,26.6,53.1,38.7,53.4,12,1006.7,1026.8,1017.9,42.1,64.9,53.4,51.7,6.6
1792706400,18.3,24.1,11.6,43.1,3,27.1,51.8,38.6,50.2,15,1007.6,1027,1018.1,39.2,61,50.2,48.4,15.7
1792710000,15.7,28.8,11.1,42.4,2.1,27.1,51.8,38.6,48,17.1,1008.4,1027.5,1018.7,37.4,59.9,48,46.1,23.9
1792713600,11.7,30.5,10.5,45.7,1.6,26.6,51.8,38.3,46.2,18.8,1008.5,1028,1018.9,36,57.9,46.2,44.3,30.2
1792717200,11,33.1,10.7,42.4,2.8,27,50,37.9,44.6,20.4,1008.5,1027.9,1018.9,34,57,44.6,42.9,38.9
1792720800,11.9,33.8,11.9,41.3,1.2,26.6,50,37.5,43.4,21.6,1008.5,1028.4,1019.1,32,55,43.4,41.5,42.7
1792724400,12.2,32.7,10.7,42.7,1.7,26.6,50,37.3,42.7,22.3,1007.8,1028.6,1019,32,54,42.7,40.6,39
1792728000,14.3,31.1,9.5,43.9,1.3,26.4,50,37,42.2,22.8,1007.6,1028.5,1019,31.1,53.5,42.2,40.1,38.8
1792731600,12.2,30.3,9.3,45,3.2,26.2,50,36.7,41.7,23.3,1007.5,1028.5,1018.9,30.2,53.1,41.7,39.6,38.6
1792735200,12.5,29.1,8.7,48.5,1.3,25,50,36.4,41.1,23.9,1007.5,1028.6,1019,28.4,52,41.1,38.9,40.7
1792738800,10.7,30.2,8.3,48.1,2.7,25,48.9,36.4,40.8,24.2,1007.3,1028.7,1018.7,28.4,53.1,40.8,38.4,36.8
1792742400,10.1,26.5,9,51.6,2.9,25.2,48.9,36.6,40.7,24.3,1007.6,1028.6,1018.9,29.1,53.1,40.7,38.4,38.7
1792746000,10.3,27.5,9,51.4,1.8,25.2,48.9,36.3,40.4,24.6,1007.9,1029,1019,28.9,52,40.4,38,38.8
1792749600,16.8,18.1,11.7,50.3,3.1,25,48.2,36.3,40.2,24.9,1007.7,1029.4,1019.1,28.9,52,40.1,37.5,34
1792753200,18.6,13.5,13,50.8,4.1,25.2,48.2,36.3,40.1,24.9,1008.9,1029.7,1019.6,29.1,52,40.1,37.5,35.8
1792756800,17.5,14.2,11.3,51.9,5.1,27.1,50,37.9,42.5,22.6,1009,1029.6,1019.7,32,53.6,42.4,40,32.3
1792760400,18.2,14.8,13.7,50.7,2.6,28.9,51.1,39.1,45.4,19.7,1008.6,1030.1,1020,35.1,56.8,45.4,42.8,24.9
1792764000,19,15.9,13.7,48.2,3.1,29.1,52,39.8,48.5,16.5,1008.4,1029.9,1019.8,39,59,48.5,46.1,19.7
1792767600,22.4,16.3,12.3,44.7,4.3,28.4,52,39.9,51.7,13.6,1008,1029.7,1019.6,42.1,64,51.7,49.5,12.3
1792771200,22.9,17.5,12.4,43.6,3.6,28.2,52,39.4,53.6,11.9,1007.3,1028.1,1018.7,43,66.2,53.6,51.5,7.8
1792774800,23.3,16.5,13.7,41,5.5,28,53.1,39.2,55.3,10.7,1006.6,1027.6,1018.2,43,69.1,55.3,53.5,6.2
1792778400,23.8,16.1,12.2,43.6,4.4,26.6,52,38.8,55.8,10.3,1006.2,1027.2,1017.9,44.1,69.8,55.8,54.2,7.1
1792782000,22.1,19.2,12.1,41.3,5.2,26.6,52,38.4,55.9,10.2,1006.4,1027.1,1017.9,43,70,55.9,54.2,6.2
1792785600,19.5,22.6,10,44,3.8,27,51.8,38.2,54.7,11,1007,1026.4,1017.7,43,68,54.7,53,4.5
1792789200,21.3,22.2,11.6,41.2,3.7,26.2,52,38.3,53,12.3,1007.5,1027.4,1018.3,42.1,64.9,53,51.3,6.8
1792792800,18.8,25.5,10.6,42.6,2.5,26.6,51.8,38.2,49.7,15.4,1007.9,1027.8,1018.5,39,61,49.7,47.9,16.4
1792796400,15.9,29,10.8,41.6,2.8,26.6,51.8,38.1,47.5,17.5,1008.7,1028.1,1019.1,37.4,60.1,47.5,45.7,24.8
1792800000,11.2,30.5,11.7,45,1.6,26.6,51.1,37.9,45.9,19.1,1008.6,1028.1,1019.2,35.6,57.9,45.9,44.1,30.6
1792803600,10.3,33.8,11,42.4,2.6,26.6,50,37.5,44.2,20.8,1008.5,1028.4,1019.2,33.8,55.9,44.2,42.5,39
1792807200,12.3,34.6,11.4,40.6,1.2,26.2,50,37,43.1,21.9,1008.5,1028.8,1019.4,32,54,43.1,41.2,41.8
1792810800,12.9,33.4,10.3,42,1.4,26.2,50,37,42.4,22.6,1007.9,1028.8,1019.3,31.1,54,42.4,40.3,38.4
1792814400,13.2,33.3,8.9,43.9,0.7,25.7,49.5,36.6,41.8,23.1,1007.7,1028.8,1019.2,30.5,53.5,41.8,39.7,38.5
1792818000,11.8,32.4,8.8,43.9,3.2,25.2,48.9,36.3,41.3,23.7,1007.5,1028.9,1019.1,29.8,53.1,41.3,39.1,38.7
1792821600,12,31.3,8.1,47.6,1,24.8,48.9,35.9,40.7,24.3,1007.7,1029.2,1019.3,28.2,52,40.7,38.3,39.3
1792825200,10.8,30.9,9,47,2.4,24.8,48,35.8,40.4,24.6,1007.4,1029,1019.1,28,52,40.4,37.9,36.6
1792828800,9.1,28.6,9.4,49.7,3.1,25,48.9,36,40.3,24.8,1007.5,1029.1,1019.2,28.4,52,40.3,37.8,38.4
1792832400,9.9,28.8,8.9,50.4,2,24.8,48.9,35.8,40,25,1007.9,1029.2,1019.3,28.4,52,40,37.5,38.7
1792836000,16.9,20.2,10.7,49.4,2.8,24.8,48,35.8,39.8,25.3,1007.7,1029.5,1019.4,28.4,52,39.7,37.1,33.9
1792839600,17.6,15.7,12.8,50,4,24.8,48,35.7,39.7,25.3,1009,1030,1020,28.4,52,39.7,37.1,35.7
1792843200,17.4,16.6,10.7,50.3,5.1,26.6,48.9,37.3,42,23,1008.9,1030.4,1020.1,31.1,53.6,42,39.5,32.6
1792846800,17.8,17.5,12,50.3,2.4,28.2,50,38.6,45.1,20,1008.5,1030.6,1020.3,35.1,55.9,45,42.4,25.6
1792850400,18.2,17.5,11.8,49.4,3.1,28.4,51.8,39.4,48.3,16.8,1008.4,1030,1020,39,59,48.3,45.7,18.9
1792854000,20.9,18.3,11.5,45.7,3.6,28.2,52,39.7,51.4,13.8,1008,1029.9,1019.9,41,64,51.4,49.1,12.8
1792857600,22.1,19,12.9,43.1,2.9,27.9,52,39.1,53.3,12.1,1007.2,1028.6,1019,42.8,66,53.3,51.2,7.5
1792861200,22.5,17.2,14,41.5,4.8,27,53.1,38.9,55,10.9,1006.6,1027.8,1018.4,43,69.1,55,53.1,6
1792864800,22.1,17,12.2,44.3,4.4,26.6,52.9,38.6,55.6,10.4,1006.5,1027.3,1018.2,44.1,69.1,55.6,54,7.3
1792868400,20.8,20.3,11.7,42.5,4.8,26.2,52,38.3,55.7,10.4,1006.9,1027.3,1018.2,43,70,55.7,53.9,6.2
1792872000,18.4,23.2,10,45,3.3,26.6,51.8,38.1,54.6,11.1,1007.1,1027,1018,42.8,68,54.6,52.8,4.8
1792875600,20.8,23.1,10.9,41.7,3.5,25,52,38.1,52.8,12.5,1007.6,1027.8,1018.5,41,64.9,52.8,51,6.5
1792879200,18,26.2,10.3,42.8,2.8,26.2,51.8,38,49.5,15.7,1008.5,1028.1,1018.7,39,61,49.5,47.6,15.8
1792882800,15.7,28.8,10.8,42.2,2.5,26.2,51.8,37.9,47.4,17.7,1008.9,1028.4,1019.3,37,59.9,47.4,45.4,23.8
1792886400,10.7,30.6,11.7,44.9,2.1,26.2,51.8,37.7,45.8,19.3,1009.2,1028.3,1019.4,35.1,57.9,45.8,43.9,28.8
1792890000,10.1,34,10.5,42.6,2.8,26.2,50,37.2,44.1,20.9,1008.6,1028.6,1019.5,33.1,55.9,44.1,42.3,37.1
1792893600,12.3,33.7,10.7,41.9,1.4,26.1,50,36.9,43,22,1008.6,1028.9,1019.5,32,54,43,41,40.5
1792897200,12.4,32.3,9.8,43.5,1.9,26.1,50,36.8,42.3,22.7,1008.2,1028.9,1019.4,30.9,54,42.3,40.2,38.1
1792900800,12.8,33.8,8.5,44.3,0.8,25.6,49.5,36.4,41.7,23.3,1008,1029,1019.4,30,53.5,41.7,39.5,37.9
1792904400,11.3,33.8,8.1,44.4,2.5,25,48.9,36,41.1,23.9,1007.7,1029.1,1019.4,29.1,53.1,41.1,38.9,37.7
1792908000,11,33.9,7.4,46.9,0.8,24.8,48.9,35.7,40.5,24.5,1008.3,1029.6,1019.5,28.2,52,40.5,38.2,39.7
1792911600,9.3,31.7,9.8,47.4,1.9,24.8,48,35.6,40.2,24.9,1007.6,1029.2,1019.3,28,52,40.2,37.7,37.2
1792915200,8.8,29.3,9.8,49.5,2.6,24.8,48.9,35.7,40,25,1007.6,1029.5,1019.4,28.2,52,40,37.6,38.6
1792918800,9.9,29.3,8.4,50.3,2,24.1,48.2,35.6,39.8,25.2,1008.2,1029.5,1019.4,28.4,52,39.8,37.3,38.2
1792922400,16.2,21,9.7,50.3,2.8,24.8,48,35.7,39.7,25.4,1007.7,1030,1019.5,28.2,52,39.6,37,34.7
1792926000,15.6,16.4,12.7,50.9,4.2,24.3,48,35.6,39.6,25.5,1009,1030.3,1020,28.2,52,39.5,36.9,36.1
1792929600,15.9,17.2,10.2,51.9,4.8,26.2,48.9,37.1,41.9,23.2,1008.9,1030.5,1020.1,30.9,53.6,41.9,39.3,32.8
1792933200,17.5,18,11.7,50.4,2.3,28.2,50,38.4,44.9,20.2,1008.6,1030.7,1020.5,34,55.9,44.8,42.2,26.4
1792936800,20.6,17.7,10.3,48.8,2.6,28.4,51.8,39.3,48.2,16.9,1008.7,1030.3,1020.1,37.9,59,48.2,45.6,18.7
1792940400,21.4,18.3,10.3,46.6,3.4,28.2,52,39.5,51.2,14,1008,1030.1,1019.9,41,63,51.2,48.9,13
1792944000,21.9,19.5,11.7,43.6,3.4,27.1,52,39,53.1,12.3,1007.2,1029,1019,42.8,64.9,53.1,51,7.5
1792947600,23.1,17.8,13.3,41.6,4.1,26.6,53.1,38.8,54.9,10.9,1006.3,1028.1,1018.5,43,68,54.9,53,6.3
1792951200,21.5,17.6,12.2,44.9,3.9,26.6,52.9,38.5,55.4,10.5,1006.1,1027.5,1018.3,43,68.9,55.4,53.8,6.8
1792954800,19.7,20.9,12.2,42.9,4.3,25.2,52,38.3,55.5,10.4,1006.3,1027.7,1018.3,42.8,69.1,55.5,53.7,5.5
1792958400,17.8,24.3,9.6,45.1,3.1,26.1,51.8,38.1,54.4,11.2,1006.9,1027.4,1018,42.8,66.9,54.4,52.6,4.8
1792962000,20.6,23.2,10.4,42.5,3.2,25,52,37.9,52.6,12.7,1007.6,1028,1018.6,41,64.4,52.5,50.7,6.3
1792965600,17.7,25.4,11,43.1,2.8,26.2,51.1,37.8,49.2,15.9,1008.5,1028.2,1018.8,38.8,60.8,49.2,47.3,14.2
1792969200,15.7,27.9,11.1,42.6,2.8,26.1,51.8,37.8,47.1,17.9,1008.8,1028.9,1019.4,37,59,47.1,45.1,22.7
1792972800,11.4,29.8,12.1,44.3,2.3,25.2,50.9,37.5,45.6,19.5,1009.4,1028.7,1019.6,35.1,57.2,45.6,43.6,28.6
1792976400,10.1,33.5,11.5,42.4,2.6,26.1,50,37.1,43.9,21.1,1008.6,1029.2,1019.5,33.1,55.9,43.9,42.1,36.7
1792980000,12.3,34.3,10.6,41.4,1.4,25.2,50,36.6,42.7,22.4,1008.7,1029.5,1019.6,31.1,54,42.7,40.7,40.6
1792983600,13.1,32.7,10,42.7,1.4,25.2,50,36.6,42.1,22.9,1008.2,1029.5,1019.4,30.2,54,42.1,40,37.9
1792987200,12.2,33.8,9,44,1,25,49.5,36.3,41.5,23.5,1008,1029.5,1019.5,29.5,53.5,41.5,39.4,37.8
1792990800,10.1,34.6,8.4,44.5,2.5,24.8,48.9,35.9,40.9,24.1,1007.7,1029.5,1019.5,28.9,53.1,40.9,38.7,37.6
1792994400,10.9,34.6,7.1,46.8,0.5,24.8,48.2,35.5,40.3,24.7,1008.4,1029.7,1019.6,28,52,40.3,37.9,39.1
1792998000,8.7,31.2,10,48,2.1,24.8,48,35.5,40,25,1007.4,1029.6,1019.4,27.9,52,40,37.6,37.9
1793001600,8.3,29.5,9.8,49.5,2.8,24.3,48,35.5,39.8,25.2,1007.5,1029.7,1019.4,28.2,52,39.8,37.3,37.7
1793005200,9.7,29.1,9.2,49.7,2.3,23.2,47.8,35.3,39.5,25.6,1008.5,1029.6,1019.6,28.2,52,39.5,36.9,37.5
1793008800,16.7,22.3,10,48.2,2.8,24.3,46.9,35.4,39.4,25.7,1008.2,1030.1,1019.6,27.1,51.1,39.3,36.6,34.5
1793012400,16.4,17.8,12.2,49.9,3.7,24.3,48,35.4,39.3,25.8,1009,1030.4,1020.1,27.9,52,39.2,36.5,34.4
1793016000,16.1,18,10.5,51.1,4.3,26.1,48.2,36.8,41.6,23.5,1009,1030.6,1020.2,30.2,53.6,41.5,38.8,31.1
1793019600,17.8,18.8,12,49.2,2.1,28,48.9,38.2,44.6,20.5,1009.1,1031,1020.6,34,55.9,44.5,41.8,26
1793023200,21.2,18.4,10.3,47.5,2.6,28.2,51.1,39,47.8,17.3,1008.7,1030.5,1020.1,37.4,59,47.8,45.1,18.4
1793026800,22.4,18.6,10.4,45.8,2.9,28,52,39.2,50.8,14.4,1008.2,1030.3,1020.1,39.9,63,50.8,48.4,13.3
1793030400,21.7,19.5,12.4,43.2,3.2,26.6,52,38.7,52.7,12.7,1007.2,1029.1,1019.1,41.9,64.9,52.7,50.5,8.3
1793034000,22.7,18.1,13.7,41.6,3.9,26.2,53.1,38.6,54.5,11.2,1006.5,1028.7,1018.5,42.8,68,54.5,52.5,6.9
1793037600,21.3,17.6,12.5,44.7,3.9,26.2,53.6,38.3,55.1,10.8,1006,1028.1,1018.2,42.8,68,55.1,53.4,7.1
1793041200,20.4,21.4,12.5,42.1,3.6,24.8,53.1,37.9,55.2,10.7,1006.4,1027.9,1018.4,42.8,69.1,55.2,53.4,6
1793044800,18.3,24.3,9.4,44.8,3.1,25,52,37.7,54.1,11.5,1007,1027.5,1018.1,42.1,66.2,54.1,52.2,5.3
1793048400,20.6,23.4,10.9,42.2,2.8,24.3,52,37.6,52.4,12.9,1007.6,1028.3,1018.6,41,64,52.3,50.4,6.5
1793052000,17.5,26.2,10.5,43,2.8,26.1,51.1,37.5,49,16.2,1008.5,1028.3,1018.8,37.9,60.8,49,47,14.2
1793055600,15.3,28.7,10.6,42.8,2.5,26.1,51.8,37.5,46.8,18.2,1009,1028.9,1019.5,36,59,46.8,44.7,22.7
1793059200,11.7,29.7,11.9,44.6,2.1,25.2,51.1,37.2,45.3,19.7,1009.5,1029,1019.6,34,57.2,45.3,43.3,27.7
1793062800,10.3,33.3,11.3,41.8,3.3,25.2,50,36.8,43.8,21.3,1009.1,1029.7,1019.5,32.9,55.9,43.8,41.8,34.9
1793066400,12.6,34,10.2,42.1,1.2,25.2,50,36.3,42.5,22.5,1008.9,1029.7,1019.6,30.2,54,42.5,40.4,39.4
1793070000,13.1,32.8,9.3,43.5,1.4,24.8,50,36.3,41.9,23.1,1008.2,1029.7,1019.5,30.2,54,41.9,39.7,37.4
1793073600,11.2,34.5,8.7,44.7,1,24.6,49.1,36,41.3,23.7,1008.2,1029.7,1019.5,29.3,53.5,41.3,39,37.1
1793077200,10.3,34.8,8.6,43.9,2.5,24.3,48.2,35.6,40.7,24.3,1008.1,1029.7,1019.5,28.4,53.1,40.7,38.4,36.9
1793080800,11.4,34.7,7.6,45.6,0.8,24.3,48,35.2,40.1,24.9,1008.5,1029.8,1019.7,27.9,52,40.1,37.7,39.1
1793084400,8.5,31.3,10.6,47.7,1.8,24.3,48,35.2,39.9,25.2,1007.6,1029.7,1019.4,27,52,39.9,37.3,38.6
1793088000,8,29.6,10.3,49.1,3.1,23.2,47.8,35.2,39.6,25.4,1007.9,1029.7,1019.5,28,52,39.6,37,37.6
1793091600,9.4,29.4,9.6,49.2,2.3,23,47.8,35,39.3,25.8,1008.6,1029.8,1019.6,27.1,51.8,39.3,36.6,37.8
1793095200,16.8,23,10.2,46.9,3.1,23.2,46.9,35.1,39.2,25.9,1008.4,1030,1019.7,26.6,51.1,39.1,36.3,35.2
1793098800,17.3,18.1,12,48.7,3.9,23.2,48,35,39,26.1,1009.2,1030.3,1020.1,26.6,51.8,38.9,36.1,34
1793102400,14.9,18.6,10.9,51.1,4.5,25,48.2,36.4,41.3,23.8,1009.1,1030.6,1020.3,30.2,53.1,41.2,38.4,30.8
1793106000,17.4,20.2,11.7,48.7,2.1,27.1,48.9,37.8,44.3,20.8,1009.1,1031,1020.7,33.8,55.4,44.3,41.5,24.8
1793109600,21.1,19,10.2,47,2.6,27.9,51.1,38.7,47.7,17.4,1008.7,1030.4,1020.2,37.4,59,47.7,45,18.8
1793113200,22.1,19.4,10.6,45.1,2.9,27.1,52,38.9,50.7,14.6,1008.8,1030.1,1020.1,39.9,62.6,50.6,48.2,12.5
1793116800,21.3,20.1,12.7,42.4,3.4,26.2,52,38.4,52.6,12.8,1007.5,1028.7,1019.2,41,64.4,52.6,50.3,8.3
1793120400,22.9,18.1,14,41,4.1,26.2,53.1,38.3,54.3,11.4,1006.9,1028,1018.5,42.1,68,54.3,52.3,6.9
1793124000,20.6,17.6,12.5,45.1,4.2,25.2,52.9,37.9,54.9,11,1006.5,1027.5,1018.3,42.8,68,54.9,53.1,6.6
1793127600,20.6,21.3,12.5,42,3.6,24.8,52,37.5,55,10.9,1007.1,1027.7,1018.4,42.1,69.1,55,53.1,6
1793131200,19,24.3,8.9,44.8,2.9,25,51.8,37.3,53.8,11.7,1007.1,1027.4,1018.1,41,66.2,53.8,51.9,5.1
1793134800,21.1,23.7,10.4,42.2,2.6,24.3,52,37.2,52.1,13.2,1008.2,1027.9,1018.7,39.9,64,52,50.1,6.8
1793138400,18.5,26.2,9.6,43.2,2.6,25.9,51.1,37.2,48.7,16.4,1008.6,1028.3,1018.9,37.9,60.1,48.7,46.6,14.2
1793142000,14.8,28.5,11.4,42.5,2.8,25.2,51.1,37.1,46.5,18.5,1009.1,1028.9,1019.5,35.6,59,46.5,44.4,23.7
1793145600,12.1,30.1,11.7,43.9,2.1,25,50,36.8,44.9,20.1,1009.6,1028.9,1019.6,34,56.8,44.9,42.8,28.1
1793149200,11,33.3,11,41.7,3,25,50,36.4,43.4,21.6,1009.4,1029.4,1019.6,32,55.4,43.4,41.4,34.4
1793152800,12.1,34,10.5,42.1,1.4,25,50,36,42.2,22.9,1009.1,1029.7,1019.6,30.2,53.6,42.2,40,39.2
1793156400,13.1,32.8,9.5,43.2,1.4,24.8,50,35.9,41.6,23.4,1008.7,1029.7,1019.4,30.2,53.6,41.6,39.3,37.2
1793160000,10.5,35.2,9.2,44.1,1,24,49.1,35.6,41,24,1008.6,1029.8,1019.5,29.3,52.8,41,38.6,36.8
1793163600,10.3,35.8,7.4,43.9,2.7,23.2,48.2,35.3,40.4,24.6,1008.5,1029.8,1019.5,28.4,52,40.4,38,36.4
1793167200,11.9,34.8,7.3,44.9,1,24.1,48,34.9,39.8,25.3,1008.8,1029.7,1019.7,27.1,52,39.8,37.2,38.2
1793170800,8.8,32.6,9.3,47.4,1.8,23.2,48,34.9,39.5,25.5,1007.9,1029.7,1019.4,26.6,52,39.5,36.8,38.2
1793174400,8.7,29.6,9.3,49.6,2.8,23.2,46.9,34.8,39.3,25.7,1008.4,1029.7,1019.5,27.1,51.8,39.3,36.6,37.7
1793178000,9.4,28.7,10.2,49.5,2.3,23,46.9,34.6,38.9,26.1,1008.8,1029.8,1019.6,27.1,51.1,38.9,36.2,37.1
1793181600,17,22,10.6,47.3,3,23,46.9,34.8,38.8,26.3,1008.7,1029.9,1019.7,26.2,51.1,38.8,35.9,36
1793185200,17.4,16.9,12.7,49.1,3.9,23,46.9,34.7,38.6,26.4,1009.5,1030.3,1020,26.6,51.1,38.6,35.8,33.5
1793188800,14.2,18.4,11.1,52.1,4.2,24.8,48.2,36.1,41,24.1,1009.2,1030.5,1020.1,30,53.1,40.9,38,30.9
1793192400,17.4,20.5,11.7,48.4,2.1,27,48.2,37.5,44,21.1,1009.2,1031,1020.6,33.1,55,43.9,41,26.1
1793196000,21,19,9.5,48.3,2.1,27.1,50.9,38.4,47.4,17.8,1008.8,1030.4,1020,36,59,47.3,44.6,19
1793199600,22.2,19.1,10,46.3,2.4,27.1,52,38.8,50.4,14.9,1008.8,1030,1019.9,39.2,63,50.4,47.8,12.4
1793203200,22.6,19.2,12,43,3.2,26.1,52,38.3,52.3,13.2,1007.6,1028.7,1019,41,64.9,52.2,49.9,8.3
1793206800,22.9,17.4,14,41.2,4.6,25.9,53.1,38.1,54,11.8,1006.9,1027.8,1018.4,41,68,53.9,51.8,7.4
1793210400,20.4,17.9,12,45.5,4.2,25.2,53.1,37.9,54.5,11.4,1006.4,1027.4,1018.1,42.1,68,54.5,52.6,6.9
1793214000,20.2,20.9,12.7,42.8,3.4,24.8,53.1,37.4,54.6,11.3,1006.9,1027.4,1018.3,41,69.1,54.6,52.6,5.5
1793217600,18.1,23.9,9.2,45.9,2.9,24.8,52,37.3,53.4,12.1,1007.1,1027.2,1018,41,66.2,53.4,51.4,5.1
1793221200,20.5,23.5,10.5,43.5,2.1,24.1,52,37.1,51.7,13.6,1007.5,1027.9,1018.6,39.2,64,51.6,49.6,7.5
1793224800,18.5,25.6,9.9,43.7,2.3,24.8,51.1,37.1,48.4,16.8,1008,1028.1,1018.7,37.4,60.1,48.3,46.2,13.8
1793228400,15.6,27.2,11.6,42.8,2.8,25,51.8,37,46.3,18.8,1008.8,1028.9,1019.4,35.1,57.9,46.3,44,23.2
1793232000,12.2,29.2,11.8,44.9,1.9,24.8,50.9,36.7,44.7,20.3,1009.4,1028.9,1019.5,33.8,56.8,44.7,42.6,28.3
1793235600,11.5,31.9,11.2,42.4,3,24.8,50,36.3,43.3,21.7,1009.2,1028.9,1019.4,32,55.4,43.3,41.2,32.7
1793239200,12.1,33.5,9.8,43.3,1.4,24.8,50,35.9,42,23,1009.1,1029.5,1019.5,30.2,54,42,39.8,38.6
1793242800,13.1,32.5,9.3,43.4,1.7,24.3,50,35.8,41.4,23.6,1008.5,1029.5,1019.3,28.9,53.6,41.4,39,35.7
1793246400,9.8,34.3,8.8,45.9,1.3,23.8,49.5,35.5,40.8,24.2,1008.4,1029.7,1019.3,28.5,52.8,40.8,38.4,35.8
1793250000,10.1,35.7,6.9,44.6,2.7,23.2,48.9,35.2,40.2,24.8,1008.2,1029.8,1019.4,28.2,52,40.2,37.7,35.9
1793253600,11.7,35,6.6,45.9,0.8,23.2,48,34.7,39.5,25.5,1008.5,1029.8,1019.6,26.6,51.8,39.5,36.8,37.7
1793257200,8.5,32,9.5,48.5,1.5,23,48,34.8,39.4,25.6,1007.7,1029.7,1019.3,26.6,51.8,39.4,36.6,37.8
1793260800,8.5,28.8,9,50.9,2.8,23,48,34.7,39.1,25.9,1008,1029.7,1019.4,26.6,51.8,39.1,36.3,37.4
1793264400,9.9,27.7,9.9,49.9,2.5,22.1,46.9,34.5,38.7,26.3,1008.2,1029.8,1019.5,26.6,51.8,38.7,35.9,37.1
1793268000,15.2,21.8,10.7,49.5,2.8,23,46.9,34.7,38.7,26.4,1008.1,1029.9,1019.6,26.1,50,38.6,35.8,37.6
1793271600,15.5,16.8,12.1,52.2,3.4,23,46.9,34.5,38.5,26.5,1008.9,1030.1,1019.9,26.6,51.1,38.5,35.6,33.5
1793275200,14.6,18.8,10.7,52.6,3.4,24.8,48.2,35.9,40.7,24.4,1008.3,1030.5,1020,30,52,40.6,37.7,30.6
1793278800,17.8,20.4,10.6,49.7,1.5,26.6,48.2,37.2,43.6,21.5,1009.1,1030.8,1020.5,32,55,43.5,40.6,27
1793282400,21.6,18.5,9,48.5,2.4,27,50.9,38,46.9,18.2,1008.6,1030.3,1019.9,36,59,46.9,44,20.1
1793286000,22.1,19.4,9.8,46.3,2.4,26.6,52,38.5,50,15.3,1008.2,1030,1019.8,39.2,62.6,49.9,47.3,12.3
1793289600,23.3,19.2,11.3,43,3.2,26.1,52,38,51.8,13.6,1007.4,1028.7,1018.8,39.9,64.4,51.8,49.3,8.5
1793293200,22.2,17.6,14.4,42.1,3.7,25.2,53.1,37.8,53.5,12.2,1006.6,1028,1018.3,41,66.9,53.5,51.3,8.1
1793296800,20,18.1,12,45.5,4.4,25.2,53.6,37.6,54,11.8,1006.2,1027.4,1017.9,41,68,54,52,6.9
1793300400,21.1,20.8,12.7,42.1,3.3,24.3,53.1,37.3,54.2,11.6,1006.9,1027.4,1018.1,41,68,54.2,52.1,5
1793304000,17.7,23.2,9.9,46.2,2.9,24.3,52,37.1,53.1,12.4,1006.3,1027.1,1017.7,41,66,53.1,50.9,4.8
1793307600,20.2,23,10.7,43.7,2.3,24.1,52,36.9,51.3,13.9,1007.4,1027.8,1018.4,39.2,64,51.3,49.1,7.7
1793311200,18.1,25.4,10.3,43.9,2.3,24.1,51.1,36.9,48.1,17,1007.4,1028.3,1018.5,37,60.1,48.1,45.9,14.5
1793314800,14.2,27.2,12.3,43.5,2.8,24.8,51.8,36.8,46,19.1,1008.6,1028.9,1019.2,35.1,57.9,46,43.7,23.4
1793318400,12.4,29,10.8,45.7,2.1,24.8,50.9,36.5,44.6,20.5,1009,1028.9,1019.3,33.8,56.8,44.6,42.3,28.6
1793322000,10.7,31.5,11,43.6,3.3,24.8,50,36.2,43.2,21.8,1008.5,1028.9,1019.2,32,55.9,43.2,41,32.1
1793325600,11.9,33.9,9.1,43.7,1.4,24.8,50,35.7,41.8,23.2,1008.4,1029.5,1019.3,30.2,54,41.8,39.6,37
1793329200,12.3,31.9,9.7,44.2,1.9,24.1,50,35.6,41.2,23.8,1007.4,1029.5,1019,28.4,53.6,41.2,38.7,34.7
1793332800,9.5,33.6,9.2,46,1.7,23.6,49.1,35.3,40.7,24.4,1007.4,1029.5,1019,28.2,52.8,40.7,38,35.2
1793336400,10.3,34.9,8.4,44.2,2.2,23,48.2,34.9,40.1,25,1007.4,1029.5,1019.1,28,52,40.1,37.4,35.7
1793340000,12,34.9,6.9,45.5,0.8,23,48,34.5,39.3,25.7,1007.6,1029.7,1019.3,26.6,51.8,39.3,36.6,36.8
1793343600,8.7,31.6,9.5,48.3,1.8,23,48,34.5,39.2,25.8,1007.2,1029.6,1019,26.6,51.8,39.2,36.4,37.7
1793347200,9.5,29.4,8.8,49.7,2.6,23,46.9,34.4,38.9,26.1,1007.4,1029.5,1019.1,26.6,51.1,38.9,36,36.1
1793350800,9.9,28.2,10.2,49.2,2.5,21.9,46.9,34.2,38.5,26.5,1007.6,1029.5,1019.2,26.6,51.1,38.5,35.7,36.4
1793354400,15.7,23.1,10.7,48.2,2.3,22.1,46.9,34.3,38.4,26.6,1007.3,1029.8,1019.2,26.1,50,38.4,35.5,36.7
1793358000,15.9,17.2,11.8,51.8,3.3,22.1,46.9,34.2,38.3,26.7,1008,1030.1,1019.6,26.6,51.1,38.3,35.4,32.6
1793361600,14.8,19,10.6,52.5,3.1,24.8,48.2,35.7,40.5,24.6,1007.7,1030.4,1019.6,30,52,40.4,37.5,29.8
1793365200,17.4,19.7,11.3,49.6,2,26.6,48.2,36.9,43.4,21.7,1008.5,1030.5,1020.1,32,55,43.3,40.2,25.8
1793368800,22.6,18.8,8.8,47,2.9,26.6,51.1,37.7,46.7,18.5,1008.1,1030.2,1019.6,36,59,46.6,43.7,18.8
1793372400,21.6,19.7,9.6,46.2,2.9,26.1,52,38.2,49.7,15.5,1008,1029.7,1019.4,39,63,49.7,47,12
1793376000,22.9,19.5,11.6,42.9,3.2,25.2,52,37.8,51.5,13.9,1007.2,1028.2,1018.5,39.2,64.4,51.5,48.9,8
1793379600,22.3,17.5,14.6,41.9,3.6,24.8,53.1,37.5,53.2,12.5,1006.3,1027.7,1018.1,39.9,66.9,53.2,50.9,7.1
1793383200,20.5,18.3,11.5,45,4.6,24.8,53.1,37.2,53.6,12.1,1006,1027.3,1017.7,41,68,53.6,51.5,5.9
1793386800,21.5,20.8,12.2,42,3.6,24.3,53.1,37,53.9,11.9,1006.3,1027.1,1017.8,41,68,53.9,51.6,4.5
1793390400,18.3,22.9,10.1,45.5,3.1,23.2,52,36.7,52.7,12.8,1006.3,1026.8,1017.6,39.9,65.8,52.7,50.4,4.1
1793394000,20.6,22.2,11,43.7,2.6,23.2,52,36.6,51,14.3,1007,1027.5,1018.2,39,64,50.9,48.7,7.5
1793397600,18.2,24.8,10.6,44.3,2.1,23.2,51.1,36.5,47.7,17.4,1007.4,1027.8,1018.3,36.9,60.1,47.7,45.5,15.3
1793401200,14.7,26.6,11.7,44.5,2.6,24.8,51.1,36.5,45.8,19.3,1008.4,1028.1,1019,34.9,57.9,45.8,43.5,23
1793404800,12.7,28.7,11.3,45.2,2.1,24.3,50,36.2,44.3,20.7,1008.8,1028.3,1019,33.1,56.8,44.3,42.1,28.5
1793408400,10.8,31.4,11,43.3,3.5,24.3,50,35.8,43,22.1,1008.6,1028.4,1019,31.1,55.9,43,40.7,31.8
1793412000,12.2,34.4,8.9,43.3,1.2,24.3,48.9,35.4,41.5,23.5,1008.7,1028.8,1019.1,30.2,54,41.5,39.2,35.7
1793415600,12.8,32.5,9.7,42.9,2.1,23.2,50,35.2,40.9,24.1,1008.2,1028.7,1018.8,28.4,53.6,40.9,38.3,34
1793419200,9.6,34.1,9.6,44.9,1.7,23.1,49.1,34.8,40.3,24.7,1007.9,1028.9,1018.8,27.8,52.8,40.3,37.6,34.3
1793422800,11.6,35.2,8.6,42.4,2.2,23,48.2,34.4,39.7,25.3,1007.5,1029.1,1018.9,27.1,52,39.7,36.9,34.5
1793426400,11.8,35.9,7.2,44.4,0.8,22.1,46.9,34,39,26.1,1008.3,1029.5,1019.1,26.6,51.8,39,36.2,36.9
1793430000,9.8,31.6,9.5,47.6,1.5,22.1,48,34.1,38.9,26.1,1007.2,1029.2,1018.9,26.6,51.8,38.9,36.1,37.8
1793433600,9.8,29.4,9,49.7,2.1,22.1,46.9,34,38.6,26.4,1007.9,1029.1,1019,26.6,51.8,38.6,35.7,35.2
1793437200,10.7,27,10.4,49.1,2.8,21.2,46.9,33.9,38.3,26.7,1008,1029.2,1019.1,26.6,51.8,38.3,35.5,37.1
1793440800,15.3,22.6,10.9,49.1,2,21.9,46.9,33.9,38.2,26.8,1007.7,1029.5,1019.2,25.9,51.1,38.2,35.2,36.9
1793444400,16.7,16.9,11.5,51,3.8,22.1,46.9,33.9,38.1,26.9,1008.6,1030,1019.6,26.6,51.1,38.1,35.1,32.4
1793448000,14.3,19.2,11.2,51.7,3.6,24.3,48.2,35.2,40.2,24.9,1007.7,1030.4,1019.6,29.1,52,40.1,37.1,28.8
1793451600,16.8,20.4,11.5,49,2.3,26.1,48.2,36.4,43,22,1009,1030.4,1020.1,32,55,43,39.8,24.5
1793455200,22.4,18.4,8.7,46.6,4,26.2,50.9,37.3,46.3,18.8,1008.2,1029.9,1019.6,35.6,59,46.3,43.2,18.1
1793458800,21.6,19.5,9.6,45.9,3.4,25.2,52,37.7,49.3,16,1008,1029.5,1019.4,37.9,62.1,49.2,46.4,11.1
1793462400,22,19,12.1,43.5,3.5,24.8,52,37.2,50.9,14.4,1006.9,1028.1,1018.5,39.2,64.4,50.9,48.2,7.1
1793466000,21,17.8,14.8,42.8,3.6,24.8,53.1,37.1,52.6,13,1006.3,1027.6,1018,39.2,66.9,52.6,50.3,7.1
1793469600,19.3,18.6,12,45.2,4.9,24.3,52,36.6,53.1,12.6,1006,1027.2,1017.7,39.9,66.9,53.1,50.8,5.4
1793473200,20.1,21.3,12.2,42.7,3.6,24.1,52,36.5,53.3,12.4,1006.3,1026.9,1017.8,39.9,68,53.3,51,4.1
1793476800,17.7,23,10.8,45.3,3.1,23,51.8,36.1,52,13.3,1006.3,1026.8,1017.6,39.9,64.9,52,49.7,4.1
1793480400,20.4,23.2,11,43.3,2.1,22.1,52,36,50.3,14.9,1007.1,1027.4,1018.2,37.9,63,50.3,48,7.5
1793484000,18.8,25.4,11.2,42.8,1.9,23,51.1,36,47.2,17.9,1007.6,1027.8,1018.5,36,59.9,47.2,44.9,15.2
1793487600,14.9,27.6,11.6,43.6,2.4,23.2,50,36,45.4,19.6,1008.4,1028.1,1018.9,34,57.9,45.4,43.1,23.2
1793491200,12.3,28.1,12.5,44.6,2.6,23.2,50,35.6,43.7,21.3,1009.1,1028.1,1019.1,32,55.9,43.7,41.5,28.9
1793494800,11,31,11,43,4,24.1,50,35.4,42.5,22.5,1008.8,1028.4,1019.1,30.9,55.4,42.5,40.3,32.9
1793498400,12.9,33.3,9.9,43,0.9,23.2,48.9,34.9,41.2,23.8,1009.1,1028.8,1019.2,30.2,54,41.2,38.8,34.8
1793502000,13.8,32.1,9.3,43,1.9,23,48.9,34.7,40.5,24.5,1008.5,1028.6,1018.8,28.4,53.1,40.5,38,35
1793505600,9.8,32.7,10.1,45,2.5,22.6,48.5,34.4,39.9,25.1,1008.3,1028.7,1018.8,27.5,52.5,39.9,37.3,34.6
1793509200,11.1,35.1,8.7,42.8,2.2,22.1,48,34,39.3,25.7,1008,1028.8,1018.9,26.6,52,39.3,36.5,34.3
1793516400,11.1,36.5,7.3,44.3,0.8,22.1,46.9,33.6,38.7,26.4,1008.8,1028.9,1019.2,26.6,51.1,38.7,35.9,36.2
1793520000,9.1,31.4,9.1,48.6,1.8,22.1,48,33.6,38.6,26.4,1007.7,1028.6,1018.9,26.6,51.1,38.6,35.7,37.3
1793523600,9.6,29.2,9.1,50,2.1,21.9,46.9,33.5,38.2,26.8,1008.4,1028.6,1019.1,26.1,51.1,38.2,35.3,35.4
1793527200,11.7,26.3,9.7,49.7,2.6,21.2,46.9,33.4,38,27,1008.2,1029,1019.2,26.1,51.1,38,35.1,37
1793530800,14.8,22.7,10.7,50,1.8,21.2,46.9,33.5,37.9,27.1,1007.7,1029.3,1019.2,26.1,50,37.9,34.9,36
1793534400,16.9,17.4,11.3,51,3.3,21.9,46.9,33.5,37.8,27.2,1008.6,1030,1019.6,26.6,50,37.8,34.8,32.6
1793538000,14.7,19.3,10.8,51.5,3.6,24.1,48,34.8,39.8,25.3,1008.3,1030.2,1019.7,29.1,51.8,39.7,36.7,28.2
1793541600,16.6,21.2,11.5,47.8,2.8,25.2,48,35.8,42.5,22.6,1009,1030.4,1020.2,30.9,54,42.5,39.2,24.5
1793545200,22.4,17.9,9.4,45.8,4.5,25,50,36.8,45.8,19.3,1008.2,1030,1019.6,35.1,57.9,45.8,42.7,17.4
1793548800,21.7,19.5,10.4,45.1,3.4,24.8,52,37.1,48.8,16.5,1008,1029.7,1019.5,37.4,61.9,48.7,45.9,12.1
1793552400,22.3,19.8,11.6,43.1,3.2,24.3,51.8,36.7,50.6,14.7,1007,1028.3,1018.6,38.8,64,50.6,47.8,6.8
1793556000,21.4,18.5,14.1,41.9,4.1,24.3,53.1,36.7,52.3,13.3,1006.6,1027.7,1018.1,39.2,66.2,52.3,49.9,6.8
1793559600,18.9,20.1,12,44.1,4.9,23.9,52,36.1,52.8,12.8,1006.1,1027.3,1017.8,39.2,66.2,52.8,50.5,4.9
1793563200,20.1,22.3,12,42,3.6,23.2,52,36,53,12.6,1006.3,1027,1017.8,39.2,66.9,53,50.6,4.1
1793566800,17.7,23.4,11.7,44.3,2.9,22.1,51.1,35.5,51.7,13.6,1006.3,1027.1,1017.7,39.2,64.9,51.7,49.3,4.3
1793570400,19.9,24.1,11.5,42.6,1.9,21.9,51.8,35.5,49.9,15.3,1007.1,1027.5,1018.3,37.4,63,49.9,47.5,7.5
1793574000,18.3,25.2,12.6,41.9,1.9,23,51.1,35.4,46.8,18.3,1007.6,1027.8,1018.5,35.6,59,46.8,44.5,16.2
1793577600,13.9,27.8,12.2,44,2.1,23,50,35.5,45,20,1008.4,1028,1018.9,34,57.2,45,42.7,23.4
1793581200,11.8,28.4,12.3,45.2,2.4,23,50,35.2,43.4,21.7,1009.1,1028.3,1019.2,32,55.9,43.4,41.1,27.9
1793584800,11.5,31.5,11,42,4,23.2,50,35,42.2,22.9,1008.5,1028.5,1019.1,30.2,55.4,42.2,39.9,33.1
1793588400,12.7,33.6,9.4,43.4,0.9,23,48.9,34.5,40.8,24.2,1009,1028.9,1019.3,29.1,53.6,40.8,38.4,34.6
1793592000,13.8,31.9,9.5,42.9,1.9,22.1,48.9,34.4,40.1,24.9,1008.5,1028.7,1018.9,28.2,53.1,40.1,37.6,35.4
1793595600,8.1,33,9.6,46.8,2.5,22,48.5,34,39.5,25.5,1008,1028.8,1019,27.2,52.5,39.5,36.9,34.5
1793599200,11.5,35,8,43.3,2.3,21.9,48,33.5,38.9,26.1,1007.5,1028.8,1019,26.2,52,38.9,36.1,33.6
1793602800,10.6,36.7,7.5,44.4,0.8,21.9,46.9,33.2,38.4,26.7,1008.5,1028.7,1019.2,26.2,51.1,38.4,35.6,35.6
1793606400,8.5,31.4,9,48.7,2.3,21.2,48,33.3,38.2,26.8,1007.3,1028.6,1019,26.2,51.1,38.2,35.3,37.8
1793610000,9.5,28.9,8.5,51.3,1.8,21.2,46.9,33.1,37.9,27.1,1008.4,1028.7,1019.2,25.2,51.1,37.9,35,35.6
1793613600,11.4,26.9,9.9,49.2,2.5,21,46.9,33,37.6,27.4,1008.2,1029.1,1019.2,25.2,51.1,37.6,34.8,37.9
1793617200,14.4,22.9,11.1,49.9,1.8,21.2,46.9,33.2,37.6,27.4,1007.7,1029.4,1019.3,25,51.1,37.6,34.6,36.1
1793620800,16.7,17,12.4,50.9,3,21.2,46.9,33.2,37.5,27.5,1008.6,1030,1019.6,25,51.1,37.5,34.4,32.4
1793624400,14.6,20,10.5,51.8,3.1,24.1,48.2,34.4,39.4,25.7,1008.3,1030.4,1019.8,28.4,51.8,39.3,36.3,29.5
1793628000,17.3,21.6,10.4,47.7,3,25,48,35.6,42.2,22.9,1008.8,1030.5,1020.3,30.2,53.6,42.1,38.7,24.8
1793631600,23,17.8,9.1,45.9,4.2,24.8,50,36.5,45.4,19.7,1007.9,1030.3,1019.7,35.1,57.2,45.4,42.2,17.9
1793635200,21,19.3,10.9,45.7,3.1,24.8,51.1,36.8,48.4,16.9,1008.2,1030,1019.6,37.4,60.8,48.3,45.4,12.6
1793638800,22.2,19.5,11.3,43.8,3.2,24.1,51.1,36.5,50.2,15.1,1007,1028.7,1018.7,37.9,63.9,50.2,47.4,7
1793642400,21.2,18.3,13.7,42.5,4.3,23.2,52,36.4,51.9,13.6,1006.6,1028,1018.1,39,66,51.9,49.4,6.4
1793646000,18.8,19.6,12.2,44.5,4.9,23,52,35.8,52.4,13.2,1006.2,1027.7,1017.9,39.2,66.2,52.4,50,5.4
1793649600,20.6,20.9,12.2,42.7,3.6,23,52,35.7,52.6,13,1006.1,1027.4,1017.8,39.2,66.9,52.6,50.1,3.8
1793653200,17.9,22.4,12.4,44.6,2.6,21.9,50.9,35.2,51.3,14,1006.3,1027.5,1017.8,37.9,64.4,51.3,48.8,4.5
1793656800,20.1,23.2,12.6,42.4,1.6,21.2,51.1,35.1,49.5,15.7,1007,1027.9,1018.3,36.9,62.6,49.5,47,7.7
1793660400,18.1,24.9,13.5,41.8,1.7,22.1,50,35,46.4,18.7,1007.4,1028.1,1018.6,35.1,59,46.4,44.1,16.2
1793664000,13.6,28.2,12.2,43.8,2.1,22.1,50,35.2,44.6,20.4,1008.4,1028.9,1019,33.1,57.2,44.6,42.3,23.9
1793667600,12.7,28.5,12.5,44.1,2.1,22.1,50,34.8,43,22,1008.7,1028.8,1019.2,32,55.9,43,40.7,27.9
1793671200,11.7,31.8,11.2,41.6,3.7,22.1,50,34.6,41.9,23.2,1008.5,1028.8,1019.2,29.8,55.4,41.9,39.6,33
1793674800,13.1,33.5,9.1,43.1,1.2,22.1,48.2,34.2,40.6,24.5,1009,1029.1,1019.3,28.4,54,40.6,38.2,34.3
1793678400,14,31.8,9.3,43,1.9,21.9,48.9,34,39.9,25.1,1008,1028.9,1018.9,28,53.1,39.9,37.4,34.9
1793682000,8.1,32.2,9.6,47.4,2.7,21.5,48.5,33.5,39.3,25.8,1007.7,1029,1019,27.1,52.5,39.3,36.6,33.8
1793685600,11.7,34.7,7.9,43.4,2.2,21.2,48,33.1,38.6,26.4,1007.4,1029.1,1019,26.2,52,38.6,35.8,32.8
1793689200,11.5,35.7,7.1,44.6,1,21.2,46.9,32.8,38.1,26.9,1008.4,1029.4,1019.3,26.2,51.1,38.1,35.3,34
1793692800,9.6,29.7,9.1,49.2,2.3,21.2,46.9,32.9,38,27,1007.3,1029,1019,26.1,51.1,38,35.2,37.2
1793696400,9.9,28,8.9,51.1,2,21.2,46.9,32.7,37.7,27.3,1008.4,1029.1,1019.1,25,51.1,37.7,34.7,34.2
1793700000,11.6,26.5,9.8,49.5,2.5,20.1,46.9,32.6,37.4,27.6,1008,1029.2,1019.2,24.8,51.1,37.4,34.6,37
1793703600,13.6,22.7,11.4,50.6,1.7,21,46.9,32.8,37.3,27.7,1007.7,1029.8,1019.4,24.8,51.1,37.3,34.3,35.2
1793707200,16.7,16.7,12.2,51.5,3,21,46.9,32.8,37.2,27.8,1008,1030.1,1019.6,24.8,51.1,37.2,34.1,30.7
1793710800,14.9,19.7,10.1,52.9,2.3,23.2,46.9,34,39.1,26,1008.1,1030.7,1019.9,28.4,51.8,39,36,28.4
1793714400,16.8,21.3,10.3,48.5,3.3,24.8,48,35.2,41.8,23.3,1008.4,1030.8,1020.3,30.2,53.6,41.7,38.4,24.2
1793718000,22.9,17.8,8.9,46.3,4.2,24.3,48.9,36,45,20.1,1007.7,1030.6,1019.7,34.9,57.2,45,41.8,17.4
1793721600,20,18.8,11.5,46.6,3.1,24.3,51.1,36.4,47.9,17.4,1007.8,1030.1,1019.6,37,60.8,47.8,44.7,12.3
1793725200,21.9,19.7,11.1,44.3,3,23,50.9,36,49.7,15.5,1006.7,1029.2,1018.7,37.9,63,49.7,46.8,6.1
1793728800,21.5,18,13.7,42.7,4.1,23,51.8,35.9,51.3,14.1,1006.6,1028.4,1018.2,39,64.9,51.3,48.7,6.4
1793732400,18.8,19,12.7,44.9,4.6,23,51.8,35.3,51.8,13.7,1006,1028.2,1018,39,66,51.8,49.3,4.7
1793736000,20.7,20.4,12.7,42.5,3.6,21.9,51.8,35.2,52,13.6,1006.1,1027.8,1017.8,39,66.2,52,49.3,3.3
1793739600,18.5,21.8,12,44.8,2.9,21.9,50,34.6,50.8,14.5,1006,1028.1,1017.9,37.9,64.4,50.8,48.1,3.8
1793743200,20.3,22.2,12.9,42.8,1.9,21.2,51.1,34.5,48.8,16.3,1006.8,1028.3,1018.3,36,62.1,48.8,46.2,8
1793746800,18,24.2,14.2,41.9,1.7,21.9,50,34.4,45.7,19.3,1007.1,1028.3,1018.5,34,59,45.7,43.2,15.2
1793750400,13.1,27.9,12.7,44.1,2.1,22.1,48.9,34.6,44,21,1008.3,1029,1019,32.9,57.2,44,41.5,23.9
1793754000,13.4,28.8,11.3,43.9,2.6,22.1,48.9,34.3,42.5,22.5,1008.4,1028.9,1019.2,31.1,55.9,42.5,40,27.6
1793757600,12.1,31.3,10.9,42,3.7,22.1,48.9,34.1,41.4,23.6,1008.2,1029,1019.2,29.1,55.4,41.4,38.9,31.9
1793761200,13.5,32.8,8.4,44,1.4,22.1,48,33.7,40.2,24.8,1008,1029.1,1019.2,28.2,53.6,40.2,37.7,32.8
1793764800,14.1,31.1,9.2,43.5,2.1,21.9,48.2,33.6,39.6,25.4,1007.3,1028.9,1018.9,27.1,53.1,39.6,37,33.3
1793768400,8.6,30.8,10.3,47.7,2.7,21.5,47.5,33.1,39,26,1007.1,1029.1,1019,26.6,52.5,39,36.1,32.3
1793772000,11.4,34,8.2,44.2,2.2,21.2,46.9,32.6,38.3,26.7,1007,1029.3,1019,26.1,52,38.3,35.3,31.4
1793775600,11.4,34.7,7.6,45.1,1.3,21.2,45.9,32.3,37.8,27.2,1007.6,1029.5,1019.3,26.1,50,37.8,34.8,32.5
1793779200,10.6,28.8,8.8,49.5,2.3,21.2,46,32.4,37.7,27.4,1007.2,1029.2,1019,26.1,51.1,37.7,34.7,36.2
1793782800,9.9,27.6,8.9,51.4,2.3,21.2,46,32.2,37.3,27.7,1007.6,1029.1,1019.1,25,50,37.3,34.1,32.3
1793786400,12.4,25.8,9.4,49.6,2.8,20.1,46,32.1,37.1,27.9,1007.6,1029.5,1019.2,24.8,50,37.1,34,34.8
1793790000,13.4,22.5,11.4,51,1.7,21,46.4,32.2,37,28,1007.3,1029.8,1019.4,25,50,37,33.9,34
1793793600,16.3,16.1,11.9,52.5,3.2,21,46,32.2,36.9,28.1,1007.5,1030.1,1019.6,25,50,36.9,33.7,30
1793797200,13.2,19.8,10.4,54.3,2.3,23,46,33.4,38.6,26.4,1007.7,1030.8,1020,28.4,51.1,38.6,35.4,27
1793800800,15.5,20.8,10,50.5,3.3,24.1,47.8,34.6,41.3,23.7,1007.9,1030.8,1020.3,30.2,53.1,41.3,37.8,24.2
1793804400,21.4,17,9.1,48,4.4,24.1,48.2,35.4,44.4,20.7,1007.4,1030.7,1019.7,34,56.8,44.4,41,16.3
1793808000,19.4,18.2,11.5,47.2,3.6,24.1,50,35.8,47.2,18,1007.3,1030.5,1019.7,36,59.9,47.2,44,12.3
1793811600,20.9,19.7,11.6,44.8,3,23,50,35.5,49.1,16.1,1006.7,1030,1018.9,37.4,62.6,49.1,46,6.6
1793815200,21.5,17.8,13.3,43,4.3,23,51.1,35.3,50.6,14.8,1006.1,1028.8,1018.2,37.9,64.4,50.6,47.8,7.1
1793818800,17,19.5,13.1,46,4.4,21.9,51.1,34.8,51.1,14.3,1005.7,1028.8,1018.1,37.9,64.9,51.1,48.4,4.9
1793822400,19.2,20.7,13.2,43,3.8,21.2,50.9,34.5,51.3,14.2,1006,1028.1,1017.9,38.8,66,51.3,48.4,3.6
1793826000,18.3,21.6,12.4,44.7,3.1,21.2,50,34.2,50.2,15.1,1005.8,1028.2,1018,37.4,64,50.2,47.4,4.3
1793829600,19,22.3,12.4,43.7,2.6,21.2,48.9,34.1,48.2,17,1006.7,1029.1,1018.5,36,61,48.1,45.4,8.3
1793833200,17.3,24.3,13.7,42.8,1.9,21.2,48.9,33.8,45,20,1007,1029.1,1018.7,34,57.9,45,42.4,15.4
1793836800,12.6,28,12.1,45.1,2.1,21.9,48.9,34.1,43.4,21.6,1007.7,1029.2,1019.1,32,55.9,43.4,40.9,24.6
1793840400,13.7,29.8,10.2,44.2,2.1,21.9,48.2,33.7,41.9,23.1,1008,1029.5,1019.3,30.9,55.4,41.9,39.3,27.3
1793844000,11.6,31.6,10.5,42.8,3.5,21.9,48,33.6,40.8,24.2,1007.9,1029.5,1019.4,28.9,54.9,40.8,38.2,31.5
1793847600,13.3,32.3,8.1,45.1,1.2,21.9,46.9,33.2,39.7,25.3,1008,1029.8,1019.4,28.2,53.6,39.7,37,32.4
1793851200,13.6,31.2,9.2,43.7,2.3,21.2,46.4,33,39,26,1007.6,1029.7,1019.1,27.1,52,39,36.2,33.1
1793854800,8.5,30.2,11.2,47.6,2.4,21.2,46.4,32.5,38.4,26.6,1007.3,1029.8,1019.2,26.1,51.5,38.4,35.4,32.9
1793858400,11.2,33.8,8.2,44.8,2,21.2,46.4,32,37.7,27.3,1007,1029.9,1019.2,25.2,51.1,37.7,34.6,32.7
1793862000,11.5,34.4,7.4,45.5,1.3,21.2,44.6,31.8,37.2,27.9,1007.9,1029.7,1019.5,25.2,50,37.2,34,32.8
1793865600,10.3,29,9.1,49.9,1.8,21,44.6,31.8,37.1,28,1007.2,1029.6,1019.2,25,50,37.1,33.9,36.5
1793869200,10.1,28,9.1,50.5,2.3,21,44.6,31.6,36.7,28.3,1008,1029.2,1019.3,24.8,48.9,36.7,33.4,33.1
1793872800,12.2,26.6,10.1,48.6,2.5,19.9,45,31.5,36.5,28.5,1007.6,1029.6,1019.4,24.3,50,36.5,33.3,35.5
1793876400,12.5,23.1,11.8,50.4,2.2,20.1,45,31.6,36.4,28.6,1007.7,1029.9,1019.7,24.8,48.9,36.4,33.2,34.5
1793880000,16.1,16.6,11.7,52.2,3.4,20.1,45,31.7,36.4,28.6,1007.7,1030.2,1019.9,24.8,50,36.4,33,30.4
1793883600,13.8,19.8,10.1,54.3,2,23,46,32.9,38.1,27,1008.2,1030.9,1020.3,28,50,38,34.8,27.7
1793887200,15.2,20.9,10,51,3,24.1,46.9,34.1,40.8,24.3,1008.4,1031,1020.5,30.2,52,40.7,37.2,24.4
1793890800,21.7,17,8.9,48.3,4.2,23.9,48.2,35,43.8,21.2,1007.7,1030.7,1020,33.8,55.9,43.8,40.4,17.5
1793894400,19.3,18.4,11.5,47.3,3.6,23.2,48.9,35.3,46.7,18.5,1007.9,1030.6,1019.9,35.6,59,46.6,43.3,13.2
1793898000,20.3,20.1,11,45.6,2.9,23,50,35.1,48.5,16.6,1006.8,1030,1019.1,37,62.1,48.5,45.4,7.5
1793901600,21.5,18.1,12.1,43.9,4.3,22.1,50,34.9,50,15.4,1006.7,1029.1,1018.5,37.4,64,50,47,7.1
1793905200,17.7,19.6,11.9,46.5,4.4,21.2,50.9,34.4,50.6,14.8,1006.4,1028.7,1018.3,37.4,64.9,50.6,47.8,4.9
1793908800,19.9,20.3,12.4,44.3,3.1,21.2,50,34.2,50.7,14.7,1006,1028.2,1018,37.4,66,50.7,47.8,4
1793912400,18.6,20.8,11.8,45.3,3.5,21.2,50,33.9,49.6,15.6,1005.9,1028.2,1018.2,37.4,64,49.6,46.7,4.2
1793916000,18.2,21.7,12.6,44.9,2.6,21.2,48.9,33.8,47.6,17.5,1006.9,1029.1,1018.6,35.6,60.8,47.6,44.7,8.9
1793919600,17.3,23.9,13.3,43.4,2.1,21.2,48.9,33.6,44.6,20.4,1007.1,1028.9,1018.8,33.8,57.9,44.6,41.9,15
1793923200,12.2,27,12,46.9,1.9,21.2,48.9,33.9,43.1,21.9,1008.1,1029.2,1019.1,32,55.9,43.1,40.5,24
1793926800,13,28.9,9.7,46.2,2.1,21.2,48.2,33.5,41.6,23.4,1008.2,1029.5,1019.4,30.2,55.4,41.6,39,27.3
1793930400,12.1,29.9,10,43.9,4,21.2,48,33.4,40.6,24.4,1008.3,1029.5,1019.4,28.9,54.9,40.6,38,31.5
1793934000,14,30.9,7.9,46,1.2,21.2,46.9,33,39.5,25.5,1008,1029.5,1019.4,28,53.1,39.5,36.7,32.2
1793937600,12.9,30.4,8.9,45.7,2.1,21.2,46.9,32.8,38.8,26.2,1007.6,1029.7,1019.1,26.6,51.8,38.8,36,32.4
1793941200,6.8,29.9,11.7,49.1,2.4,21.1,46.6,32.3,38.1,26.9,1007.6,1029.8,1019.2,25.8,51.5,38.1,35.1,32
1793944800,11.2,32.5,8.4,46.2,1.7,21,46.4,31.9,37.5,27.5,1007.6,1029.9,1019.2,25,51.1,37.5,34.3,31.7
1793948400,11.4,33.4,7.3,46.6,1.3,20.8,44.6,31.7,37,28,1008.4,1029.7,1019.4,25,50,37,33.8,32
1793952000,10.5,28.3,9.3,50.5,1.5,20.1,44.6,31.6,36.8,28.2,1007.8,1029.6,1019.2,24.8,50,36.8,33.7,37.4
1793955600,10.3,27.2,9.1,51.4,2,20.1,44.6,31.4,36.5,28.5,1008.4,1029.6,1019.2,24.3,48.9,36.5,33,32.5
1793959200,12.8,25.9,9.6,49.4,2.3,19.4,45,31.3,36.3,28.7,1008,1029.6,1019.4,24.1,50,36.3,33.1,35
1793962800,13,23.5,10.8,50.9,2,19.4,45,31.4,36.2,28.8,1008.3,1029.9,1019.7,24.1,48.9,36.2,32.9,34
1793966400,16.2,17.4,11.4,52.1,2.9,19.4,45,31.4,36.1,28.9,1007.7,1030.3,1019.9,24.1,50,36.1,32.8,30.1
1793970000,13.8,20.3,10.5,53.8,1.8,21.9,45.9,32.6,37.8,27.3,1008.3,1031,1020.3,27,50,37.7,34.5,27.8
1793973600,16.3,21.2,9.6,49.9,3,23.2,46.9,33.8,40.5,24.5,1008.5,1031,1020.5,30,52,40.5,36.8,23.6
1793977200,22.2,16.9,8.6,48.4,3.9,23.2,48.2,34.7,43.5,21.5,1007.9,1030.7,1020,33.1,55.9,43.5,40,17.4
1793980800,18.8,18.6,11.9,47.1,3.6,23,50,35,46.3,18.8,1008,1030.6,1019.9,35.1,59,46.3,42.9,12.9
1793984400,20.1,20.1,10.5,46.8,2.5,22.1,50,34.9,48.1,17,1006.9,1030.1,1019.1,36,61.9,48.1,44.9,7.8
1793988000,21.6,18.6,11.2,44.5,4.1,21.9,50,34.6,49.5,15.8,1006.9,1029.2,1018.4,37,63,49.5,46.5,7.8
1793991600,17.7,20.4,11.8,45.8,4.3,21.2,51.1,34.1,50.2,15.2,1007.1,1028.8,1018.2,37.4,64.4,50.2,47.2,5.3
1793995200,19.8,21.2,11.9,44.5,2.6,21,50,34,50.3,15.1,1006.1,1028.3,1017.9,37,64.9,50.3,47.3,4.3
1793998800,18.4,20.8,11.3,45.9,3.5,21.2,50,33.8,49.3,15.9,1005.8,1028.4,1018.1,37,63,49.3,46.3,4.5
1794002400,17.7,21.4,13,45.3,2.6,21.2,48.9,33.6,47,18.1,1006.9,1029.1,1018.5,35.1,60.8,47,44.1,10.1
1794006000,16.8,24.3,12.5,44.2,2.1,21.2,48.9,33.4,44.2,20.9,1007.1,1029.1,1018.8,33.1,57.9,44.2,41.4,16.4
1794009600,11.5,27.4,12.2,47.1,1.9,21.2,48.2,33.6,42.7,22.3,1007.7,1029.2,1019,32,55.9,42.7,40,24.6
1794013200,13.7,28.5,9.4,46,2.4,21,48.2,33.2,41.3,23.8,1008,1029.5,1019.3,30,55.4,41.2,38.6,28.1
1794016800,11.9,29.7,10,44.9,3.5,21.2,48,33.2,40.4,24.7,1008.1,1029.4,1019.2,28.4,54.9,40.4,37.7,30.9
1794020400,13.9,30.9,7.4,46.4,1.4,20.8,46.9,32.7,39.2,25.8,1008,1029.5,1019.3,27,53.1,39.2,36.4,31.3
1794024000,12.6,30.2,8.9,46.1,2.1,20.1,46.9,32.6,38.6,26.4,1007.6,1029.7,1018.9,26.6,51.8,38.6,35.8,31.2
1794027600,7.3,29.4,11.4,49.4,2.4,20.1,46.5,32.1,37.9,27.1,1007.7,1029.7,1019,25.8,50.9,37.9,34.8,31.1
1794031200,10.9,32.2,8.4,46.5,2,20.1,46,31.6,37.2,27.8,1007.7,1029.6,1019,25,50,37.2,33.9,31.1
1794034800,10.6,33.3,7.3,47.2,1.5,19.9,44.6,31.5,36.8,28.3,1008.4,1029.6,1019.2,24.8,50,36.8,33.5,32.5
1794038400,10.1,27.6,10.1,50.7,1.5,20.1,44.6,31.3,36.6,28.5,1007.6,1029.5,1019,24.1,50,36.6,33.4,37
1794042000,10.5,27.1,9.5,51.1,1.8,19.4,44.6,31.2,36.3,28.7,1008.2,1029.2,1019,24.1,48.9,36.3,32.9,33.2
1794045600,12.2,25.4,10.7,49.4,2.2,19.4,45,31,36,29,1008,1029.6,1019.2,23,48.2,36,32.7,35
1794049200,12.3,23.2,10.9,51.6,1.9,19.2,44.6,31.2,36,29,1007.7,1029.8,1019.5,23.9,48.2,36,32.8,35.6
1794052800,16.3,17,11.5,51.7,3.6,19.2,44.6,31.3,36,29,1007.5,1030.2,1019.6,23.2,48.9,36,32.6,30.8
1794056400,14.2,20.4,10.4,53.5,1.5,21.2,45,32.3,37.5,27.6,1008.3,1030.9,1020.1,26.6,50,37.4,34.2,28.9
1794060000,16.6,21.5,8.8,50.4,2.7,23,46.9,33.7,40.3,24.7,1008.4,1031.1,1020.2,29.8,52,40.3,36.6,24.6
1794063600,21.2,16.9,9,49.2,3.7,23,48.2,34.5,43.3,21.7,1007.8,1030.7,1019.7,32,55.9,43.3,39.8,18.6
1794067200,19,18.8,11.7,47.4,3.1,23,48.9,34.9,46.1,19.1,1007.9,1030.7,1019.6,35.1,59,46,42.6,13.4
1794070800,20,19.3,11.4,47.2,2.2,22.1,50,34.7,47.9,17.3,1006.8,1030.1,1018.8,35.6,61.9,47.9,44.6,7.8
1794074400,21.4,18.7,11.1,45.2,3.7,21.2,50,34.5,49.1,16.1,1006.7,1029.3,1018.2,36,63,49.1,46,8.2
1794078000,17.5,19.9,12.2,46.4,4.1,21.2,50.9,34.1,49.8,15.5,1006.6,1028.8,1018,37,64,49.8,46.8,5.3
1794081600,18.2,20.6,12.5,46.3,2.4,21,50,33.9,49.9,15.4,1005.7,1028.2,1017.6,37,64.4,49.9,46.9,5
1794085200,18.2,19.6,12.3,46.6,3.3,21,50,33.6,49,16.2,1005.8,1028.2,1017.9,36,63,49,45.9,5.4
1794088800,16.7,20,13.5,47,2.8,20.8,48.9,33.4,46.7,18.4,1006.8,1028.5,1018.3,34,60.8,46.7,43.6,9.6
1794092400,15.6,23.2,12.8,46.1,2.4,20.8,48.9,33.3,44,21.1,1007,1028.9,1018.5,32,57.9,44,41.1,15.5
1794096000,10.5,26.9,12.4,48.9,1.2,21.2,48.9,33.5,42.5,22.5,1007.6,1029,1018.8,31.1,55.9,42.5,39.8,25.3
1794099600,14.1,28.2,8.5,46.8,2.4,20.1,48.9,33,41.1,24,1008,1029.2,1019.1,28.4,55.4,41.1,38.3,27
1794103200,11.4,28.3,9.8,47,3.5,20.8,48.2,33.1,40.3,24.7,1008.1,1028.8,1019,28.4,54,40.3,37.6,29.9
1794106800,13.5,29.5,7.7,47.9,1.4,19.9,46.9,32.6,39,26,1008,1029.3,1019.1,26.6,52,39,36.2,31.4
1794110400,11.7,27.9,10.1,48.1,2.1,20.1,46.9,32.5,38.5,26.5,1007.6,1028.9,1018.7,26.2,51.8,38.5,35.5,29.4
1794114000,7.8,26.4,12.5,50.6,2.7,20,46.5,32,37.8,27.2,1007.8,1028.8,1018.7,25.6,50.9,37.8,34.7,30.6
1794117600,11.9,29.7,8.7,47.8,2,19.9,46,31.6,37.1,27.9,1007.9,1028.8,1018.7,25,50,37.1,33.9,31.9
1794121200,10.3,29.7,7.8,50.4,1.8,19.9,44.6,31.6,36.9,28.1,1007.9,1028.9,1018.8,24.8,50,36.9,33.6,32.2
1794124800,10.3,24.8,10.1,53.1,1.7,20.1,44.6,31.4,36.6,28.4,1007.3,1028.9,1018.7,24.3,50,36.6,33.3,36.3
1794128400,11.1,24.1,9.5,53.5,1.8,19.4,44.6,31.2,36.3,28.7,1007.5,1028.9,1018.7,24.1,48.9,36.3,32.8,33.3
1794132000,12.3,23,11,51.3,2.5,19.2,45,31.1,36.1,28.9,1008,1029.3,1018.9,23.2,48.2,36.1,32.7,34.6
1794135600,12.4,21.4,10.9,53.3,1.9,19.4,44.6,31.3,36.1,28.9,1007.7,1029.8,1019.1,24.1,48.2,36.1,32.7,34.3
1794139200,17.1,15.1,11.1,53.4,3.4,19.2,44.6,31.3,36,29,1006.9,1030.1,1019.3,23.2,48.9,36,32.6,29.9
1794142800,13.9,17.9,10.9,55.7,1.5,21.2,45.9,32.3,37.3,27.7,1008.2,1030.7,1019.8,26.6,50,37.3,33.9,27.5
1794146400,16.4,18.8,10,52.1,2.7,22.1,46.9,33.6,40,25,1008.2,1030.7,1019.9,29.1,52,40,36.3,24.6
1794150000,22.3,14.9,9.1,50.2,3.5,22.1,48.2,34.3,42.9,22.1,1007.7,1030.7,1019.4,32,55.9,42.9,39.2,19.2
1794153600,19.6,17.2,11.7,48,3.6,23,48.9,34.7,45.5,19.6,1007.9,1030.6,1019.3,34,59,45.5,42,13.4
1794157200,20,18,10.8,48.8,2.5,21.9,50,34.6,47.4,17.7,1006.8,1030,1018.5,35.6,61,47.4,44,8
1794160800,22.7,17.6,10.4,45.4,3.9,21.2,50,34.3,48.7,16.6,1006.7,1029.2,1018.1,36,62.6,48.7,45.4,8.3
1794164400,18.2,18.7,11.5,47.4,4.3,21.2,50,33.9,49.3,16,1006.6,1028.7,1017.8,36,63.9,49.3,46.1,5.5
1794168000,19.4,18.9,12.3,46.1,3.3,20.8,50,33.7,49.4,15.9,1005.7,1028.2,1017.4,36,64,49.4,46.2,5.2
1794171600,18.6,18.6,12,46.9,3.8,20.8,50,33.4,48.3,16.8,1005.5,1028.2,1017.7,35.6,62.6,48.3,45.1,6.1
1794175200,17.4,18.8,13.2,47.7,3,20.1,48.9,33.3,46.1,19,1006.4,1028.4,1018,33.8,60.1,46.1,42.9,9.3
1794178800,16.1,22.2,12.1,47,2.6,20.8,48.9,33.1,43.5,21.5,1006.8,1028.9,1018.3,32,57.2,43.5,40.5,16.2
1794182400,10.7,25.6,12.1,50.5,1.2,21.2,48.9,33.4,42.2,22.8,1007.3,1029,1018.5,30.2,55.9,42.2,39.4,25.8
1794186000,14.1,26.8,8.7,48.6,1.9,19.9,48.2,32.9,40.8,24.2,1007.1,1029.2,1018.9,28.4,55.4,40.8,38,26.7
1794189600,11,27.3,9.8,48.7,3.3,20.1,48,33,40,25,1007.6,1028.8,1018.7,28.2,53.6,40,37.2,29.7
1794193200,13.9,28.5,7.2,49,1.4,19.9,46.9,32.4,38.8,26.2,1007.3,1029.3,1018.8,26.6,53.1,38.8,35.8,30.7
1794196800,11.7,27.2,10.6,49.1,1.4,19.9,46.9,32.3,38.3,26.7,1006.9,1028.9,1018.5,25.2,51.8,38.3,35.2,29.1
1794200400,8.3,25.2,12.1,51.7,2.7,19.6,46.5,31.8,37.6,27.4,1006.8,1028.8,1018.5,25,50.9,37.6,34.4,30.8
1794204000,11.9,28.4,8.9,48.9,2,19.4,46,31.4,37,28,1006.8,1028.8,1018.5,24.8,50,37,33.6,32.4
1794207600,10.8,27.4,8,51.8,2,19.4,45,31.5,36.8,28.2,1006.9,1028.9,1018.4,24.3,50,36.8,33.5,31.6
1794211200,11,23.9,9.8,53.2,2.2,19.4,45,31.3,36.5,28.5,1006.6,1028.9,1018.4,23.9,50,36.5,33.1,35.7
1794214800,11.8,24.1,9.3,53.1,1.8,19.2,45,31,36.1,28.9,1006.5,1028.9,1018.4,23.9,48.9,36.1,32.6,33.1
1794218400,10.9,23.6,10.9,52.1,2.5,19,45,30.9,35.9,29.1,1006.4,1029.3,1018.6,23,48.9,35.9,32.5,34.4
1794222000,12.4,21.6,11.2,52.9,1.9,19,44.6,31,35.8,29.2,1006.8,1029.8,1018.9,23.2,48.2,35.8,32.5,34.1
1794225600,16.8,15.3,10.6,54.2,3.1,18.9,44.6,31,35.8,29.2,1006.3,1030.1,1019,23,48.9,35.8,32.4,29.8
1794229200,14.1,17.4,10.9,55.8,1.7,21,45,32,37,28,1007.4,1030.8,1019.5,26.2,48.9,37,33.6,28
1794232800,16.1,18.1,10.3,52.8,2.7,21.2,46.9,33.3,39.7,25.3,1007.4,1030.8,1019.6,28.9,52,39.7,35.9,23.7
1794236400,20.6,14.5,9.3,51.9,3.7,21.9,48.2,34,42.5,22.5,1006.9,1030.8,1019.1,32,55.9,42.5,38.8,19
1794240000,18.7,16.5,12,48.9,3.8,22.1,48.9,34.3,45,20.2,1007.3,1030.6,1019.1,33.8,57.9,45,41.3,13.3
1794243600,18.9,17.2,11.3,50.6,2,21.2,48.9,34.3,46.9,18.3,1006.5,1029.8,1018.3,35.1,61,46.9,43.2,7.5
1794247200,21.2,16.7,10.7,47.4,4,20.1,48.9,33.9,48.1,17.2,1006.6,1029.2,1017.9,35.6,62.6,48.1,44.6,7.1
1794250800,17.6,18.3,10.6,49.4,4.1,20.1,48.9,33.5,48.6,16.7,1006.4,1028.5,1017.6,35.1,62.6,48.6,45.2,5.3
1794254400,20,18.4,11.1,46.9,3.5,19.9,48.9,33.3,48.7,16.6,1005.3,1028.2,1017.2,36,63,48.7,45.3,4.9
1794258000,18.3,17.6,12,48.4,3.8,19.9,48.9,32.9,47.6,17.5,1005.5,1028.2,1017.5,35.6,61,47.6,44.2,6.1
1794261600,17.1,18.5,13,48.1,3.2,19.9,48.2,32.8,45.5,19.6,1006.3,1028.4,1017.8,33.1,59,45.5,42.1,8.9
1794265200,15.6,21.7,12.1,47.8,2.8,20.1,48,32.6,42.9,22.1,1006.7,1028.9,1018.1,31.1,57.2,42.9,39.7,16.9
1794268800,10.5,25.5,11.5,51.3,1.2,20.8,48,32.9,41.7,23.3,1006.8,1029,1018.3,30.2,55.4,41.7,38.7,25.5
1794272400,12.9,25.9,9.6,49.9,1.6,19.4,48,32.5,40.4,24.6,1006.9,1029.2,1018.6,28.4,54,40.4,37.4,25.4
1794276000,10.7,26.4,9.6,50,3.3,20.1,48,32.5,39.7,25.4,1007,1028.8,1018.5,28.2,53.6,39.7,36.8,29.6
1794279600,13.3,27.9,7,50.5,1.4,19.4,46,32.1,38.6,26.4,1006.6,1029.1,1018.5,26.6,52,38.6,35.5,29.5
1794283200,11.1,27.6,9.9,50,1.4,19.4,46.9,32,38,27,1006.6,1028.7,1018.2,25.2,51.8,38,34.8,28.4
1794286800,8.3,24.8,11.3,52.9,2.7,19.3,46,31.5,37.4,27.6,1006.1,1028.6,1018.2,25,50.9,37.4,34,30.1
1794290400,12.9,27,8.4,49.8,2,19.2,45,31,36.7,28.3,1005.6,1028.4,1018.2,24.8,50,36.7,33.3,31.8
1794294000,12.1,26.5,7.6,51.8,2,19.2,44.6,31.1,36.5,28.5,1006.4,1028.6,1018.1,24.1,50,36.5,33.1,31.2
1794297600,11.7,23.5,9.3,53.5,2,19,44.1,30.9,36.2,28.8,1005.8,1028.6,1018.2,23.9,50,36.2,32.7,34.1
1794301200,12.5,23.5,8.5,53.8,1.8,19,44.6,30.7,35.9,29.1,1005.9,1028.6,1018.2,23.2,48.9,35.9,32.4,33.3
1794304800,10.4,22.8,10.6,53.7,2.5,18.1,44.6,30.6,35.8,29.2,1005.1,1028.9,1018.3,23,48.9,35.8,32.3,33.3
1794308400,12.6,21.1,10.4,54.2,1.7,18.1,44.1,30.6,35.6,29.4,1006,1029.8,1018.6,23,48,35.6,32.2,34.4
1794312000,16.3,14.6,10.5,55.5,3.1,18.1,44.1,30.5,35.5,29.5,1006.1,1030.1,1018.8,23,48,35.5,31.9,30.3
1794315600,13.4,17.1,10.4,57.4,1.7,19.9,44.1,31.5,36.6,28.4,1007,1030.8,1019.4,26.1,48.2,36.6,33.1,28.4
1794319200,15.3,17,10.5,53.8,3.4,20.8,46,32.7,39.2,25.8,1007.2,1030.7,1019.5,28.4,51.1,39.2,35.4,24.9
1794322800,19.5,14.6,9.2,52.8,4,21.2,48,33.4,42,23,1006.8,1030.7,1018.9,32,55,42,38.2,19.8
1794326400,17.9,16.5,11.2,50,4.3,21.2,48,33.7,44.4,20.7,1007.2,1030.6,1019,33.1,57.2,44.4,40.4,13.2
1794330000,19.2,17,9.8,51.8,2.2,21.2,48,33.6,46.2,18.9,1006.4,1029.2,1018.2,34,60.8,46.2,42.4,7.3
1794333600,21.3,16.6,10.1,48,4,19.9,48,33.3,47.4,17.8,1006.1,1029.2,1017.9,35.1,61,47.4,43.8,7.2
1794337200,17.4,18.4,9.9,50.7,3.6,19.9,48,32.9,47.9,17.3,1006.3,1028.5,1017.6,35.1,62.1,47.9,44.3,5.3
1794340800,19.1,18.1,10.4,48.9,3.5,19.4,48,32.7,47.9,17.3,1005.3,1028.2,1017.2,35.6,62.6,47.9,44.3,5.2
1794344400,17.4,17.6,10.8,50.4,3.8,19.4,48,32.4,46.9,18.2,1005.7,1028.2,1017.6,34.9,60.8,46.9,43.3,6.8
1794348000,16.8,17.7,12.9,49.5,3,19.4,47.8,32.4,44.8,20.3,1006.3,1028.4,1017.8,33.1,59,44.8,41.3,9.3
1794351600,15.8,20.8,11.8,48.5,3.1,19.4,46.9,32.1,42.3,22.7,1006.8,1028.9,1018.2,31.1,55.9,42.3,39,17.2
1794355200,10.5,24.8,11.4,52.1,1.2,20.1,47.8,32.5,41.2,23.8,1006.8,1029,1018.3,30.2,55,41.2,38.1,25.1
1794358800,12.9,25.9,9.2,50.4,1.6,19.4,46.9,32,39.8,25.2,1006.9,1029.2,1018.6,28.4,53.6,39.8,36.7,26.1
1794362400,11.2,25.7,9.3,50.9,2.8,19.9,46.9,32.1,39.1,25.9,1007,1028.8,1018.6,27.1,53.1,39.1,36.1,29.2
1794366000,13.6,27.1,6.8,50.7,1.9,19.4,46,31.6,38.2,26.8,1006.7,1029.1,1018.7,26.6,51.8,38.2,35,29.3
1794369600,11.2,26.9,9.8,50.5,1.7,19.4,45.9,31.6,37.6,27.4,1006.6,1028.9,1018.4,25.2,51.1,37.6,34.3,28.3
1794373200,9.3,23.3,11.8,52.9,2.7,19.2,45.3,31.1,36.9,28.1,1006.1,1028.8,1018.3,24.8,50.5,36.9,33.6,29.8
1794376800,12.1,26.7,8.4,51,1.7,19,44.6,30.7,36.2,28.8,1005.6,1028.6,1018.3,24.3,50,36.2,32.9,31.2
1794380400,12.6,25.4,7.3,53,1.8,19,44.1,30.7,36.1,29,1006.5,1028.9,1018.3,24.1,50,36.1,32.6,30.7
1794384000,12,22.7,8.5,54.4,2.4,18.1,44.1,30.5,35.7,29.3,1005.9,1028.9,1018.4,23,48.9,35.7,32.2,32.4
1794387600,13.4,22.9,8,54,1.7,18.1,44.1,30.3,35.5,29.5,1005.9,1028.8,1018.3,23,48.9,35.5,32,32.9
1794391200,11.4,22.3,9.7,54.2,2.5,18,44.1,30.3,35.4,29.6,1005.1,1029.1,1018.5,23,48,35.4,31.9,32.8
1794394800,12.7,20.9,9.9,55.3,1.2,18.1,44.1,30.3,35.3,29.7,1006,1029.8,1018.8,23,48,35.3,31.9,34.1
1794398400,15.3,14.6,10.5,56.9,2.6,18.1,44.1,30.2,35.2,29.8,1006.1,1030.2,1019,23,48,35.2,31.7,31
1794402000,13.8,16,9.9,59.1,1.2,19.4,44.1,31.2,36.3,28.7,1007,1030.9,1019.6,25.2,48,36.3,32.8,28.6
1794405600,15.5,15.8,10.4,54.6,3.6,20.1,45,32.3,38.7,26.3,1007.2,1030.8,1019.7,28.4,50,38.7,34.8,26.3
1794409200,19.1,13.6,9.2,53.6,4.5,21.2,46.9,33,41.4,23.6,1006.8,1030.8,1019.2,32,53.6,41.4,37.4,19.3
1794412800,17.8,15.7,11.3,51.1,4.1,21.2,46.9,33.3,43.7,21.4,1007.2,1030.6,1019.2,32.9,55.9,43.7,39.7,14.3
1794416400,18.3,15.9,10,53.8,2,21.2,48,33.3,45.5,19.5,1006.4,1029.8,1018.4,34,59,45.5,41.5,7.8
1794420000,20,16.2,10.1,50.5,3.3,19.4,48,33,46.8,18.4,1006.1,1029.4,1018.1,35.1,60.1,46.8,43,7.9
1794423600,17.1,18.1,9.4,52.2,3.1,19.9,47.8,32.7,47.3,17.9,1006.3,1028.7,1017.9,34,62.1,47.3,43.5,5.6
1794427200,18.7,17.8,10.4,50,3.1,19.4,48,32.5,47.4,17.8,1005.3,1028.3,1017.4,35.1,62.1,47.4,43.6,5
1794430800,17.5,17.5,10.6,50.7,3.8,19.4,48,32.1,46.4,18.7,1005.8,1028.4,1017.8,34,60.1,46.4,42.6,7.5
1794434400,15.7,17.3,13.6,50.5,3,19.2,46.9,32.1,44.3,20.8,1006.3,1028.5,1018,33.1,57.9,44.3,40.7,10.5
1794438000,14.6,20.5,12.4,49.4,3.1,19.4,46.9,31.9,41.8,23.2,1006.8,1029,1018.4,30.2,55.9,41.8,38.4,17.8
1794441600,10.3,24.6,11,53.2,0.9,19.4,46.9,32.2,40.7,24.3,1006.8,1029,1018.6,29.8,55,40.7,37.6,25.1
1794445200,12.4,25,9.5,51.4,1.7,19.4,46.4,31.8,39.5,25.5,1006.9,1029.5,1018.8,28.2,53.6,39.5,36.5,27.2
1794448800,11.3,25.1,8.9,51.9,2.8,19.4,46.9,31.9,38.8,26.2,1007,1029,1018.8,26.6,53.1,38.8,35.8,29.6
1794452400,13.1,26.3,6.8,52.1,1.6,19.4,46,31.5,37.9,27.1,1006.7,1029.3,1018.9,25.2,51.8,37.9,34.8,30
1794456000,11.5,26,9.4,51.2,1.9,19.4,45,31.4,37.4,27.6,1006.6,1029,1018.5,25,51.1,37.4,34.1,27.8
1794459600,9.8,21.8,11.5,54.2,2.7,18.8,44.8,30.9,36.7,28.3,1006.1,1029,1018.5,24.6,50.5,36.7,33.4,29.1
1794463200,12.6,25.7,8.4,51.9,1.5,18.1,44.6,30.4,36,29,1005.6,1029,1018.5,24.3,50,36,32.6,30.5
1794466800,12.5,24.3,7.5,54,1.8,18.9,44.1,30.4,35.8,29.2,1006.5,1029,1018.5,23.9,50,35.8,32.4,31.5
1794470400,12,21.2,8.8,55.9,2.2,18,43,30.2,35.5,29.5,1005.9,1029.1,1018.6,23,48.9,35.5,32,33.2
1794474000,12.2,22.4,8.2,55.5,1.7,18.1,44.1,30.1,35.3,29.7,1005.9,1029,1018.6,23,48.9,35.3,31.9,33.5
1794477600,11.4,22,9.4,55.1,2.2,18,44.1,30,35.2,29.8,1005.1,1029.6,1018.7,23,48,35.2,31.8,33.8
1794481200,11.6,21,10.1,56.1,1.2,18,44.1,30,35.2,29.8,1006,1029.9,1019,23,48,35.2,31.8,34.4
1794484800,14.7,15.4,9.6,57.5,2.9,18,44.1,30,35.1,30,1006.1,1030.3,1019.3,23,48,35.1,31.6,31.7
1794488400,14.3,16.3,9.4,58.9,1.2,19.2,44.1,30.9,36,29,1007,1031.2,1019.9,25,48,36,32.6,29.1
1794492000,15.4,15.4,10.1,55.7,3.4,20.1,45,32,38.4,26.6,1007.2,1031.1,1020,28.2,50,38.4,34.5,25.5
1794495600,18.9,13.4,9.2,54,4.5,21.2,46.4,32.7,41,24,1006.4,1030.8,1019.4,31.1,53.1,41,37,19.2
1794499200,18.3,15.4,11.1,51.1,4.1,21.2,46.9,32.9,43.3,21.8,1007.2,1030.7,1019.5,32,55.9,43.3,39.2,13.3
1794502800,17.3,16.3,9.7,54.7,1.9,21.2,46.9,33,45.2,19.8,1006.4,1029.9,1018.7,34,59,45.2,41.2,7.3
1794506400,20,16.7,9.6,51.1,2.6,19.4,47.8,32.7,46.3,18.8,1005.8,1029.5,1018.4,34,60.1,46.3,42.5,7.5
1794510000,17.5,18.2,9.2,52.4,2.7,19.9,47.8,32.3,46.8,18.3,1006.3,1028.8,1018.1,34,61,46.8,43,5.9
1794513600,19,18.1,10,49.9,3.1,19.4,48,32.2,47,18.1,1005.4,1028.5,1017.6,34,61,47,43.2,5
1794517200,17.3,18.2,10.2,50.8,3.5,19.2,48,31.7,46,19.1,1005.9,1028.6,1018,34,60.1,46,42.2,8.5
1794520800,16.1,17.7,13.1,50.1,3,19.2,46.9,31.8,43.8,21.2,1006.6,1028.5,1018.3,33.1,57.2,43.8,40.2,10.4
1794524400,13.6,21.1,11.7,50.5,3.1,19.4,46.9,31.5,41.5,23.5,1006.9,1029.2,1018.6,30.2,55.4,41.5,38,17.9
1794528000,9.3,25.2,11,53.4,1.2,19.4,46.9,31.8,40.5,24.5,1007.2,1029,1018.8,28.4,54,40.5,37.2,25.5
1794531600,12.5,25.3,9,51.5,1.7,19.2,46.4,31.5,39.2,25.8,1006.9,1029.5,1019,27.9,53.1,39.2,36,26.5
1794535200,10.8,25.3,8.7,52.7,2.6,19.4,46.4,31.6,38.5,26.5,1007.2,1029.2,1018.9,26.6,53.1,38.5,35.5,29.8
1794538800,12.9,25.8,7.3,52.5,1.6,19.4,46,31.1,37.6,27.4,1007.2,1029.3,1019,25,51.8,37.6,34.5,30.3
1794542400,11.5,25.7,8.9,52.2,1.7,19.4,45,31.1,37.1,27.9,1006.9,1029.3,1018.7,24.8,51.1,37.1,33.7,28.6
1794546000,9.6,23.1,10.8,54.1,2.5,18.7,44.8,30.6,36.5,28.5,1006.5,1029.2,1018.7,24.5,50.5,36.5,33,29.5
1794549600,12.6,25.9,8.4,52,1.2,18,44.6,30.2,35.8,29.2,1006.1,1029.1,1018.6,24.1,50,35.8,32.4,30.4
1794553200,13.8,24.1,8,52.4,1.8,18.1,44.1,30.3,35.6,29.4,1006.5,1029,1018.6,23,50,35.6,32.2,31.5
1794556800,11.7,21.3,8.6,56.2,2.2,18,43,30,35.3,29.7,1005.9,1029.2,1018.6,23,48.9,35.3,31.7,32.6
1794560400,12.5,22.8,8,55.1,1.5,18.1,44.1,29.9,35.1,29.9,1006.5,1029.2,1018.6,23,48.2,35.1,31.6,32.8
1794564000,10.6,21.9,10.1,55.2,2.2,18,44.1,29.8,35,30,1005.7,1029.7,1018.7,22.1,46.9,35,31.5,33.1
1794567600,11.8,21.4,10.3,55.3,1.2,18,43.9,29.7,34.9,30.1,1006.8,1030,1019,23,48,34.9,31.5,33.1
1794571200,14.9,15.9,9.9,56,3.4,17.6,44.1,29.8,34.9,30.2,1006.3,1030.4,1019.3,21.9,46.9,34.9,31.3,30.5
1794574800,14.7,16.4,9.6,58.1,1.2,19,44.1,30.6,35.8,29.2,1008,1031.2,1019.9,24.3,48,35.8,32.3,29.7
1794578400,15.7,16.1,10.4,54.5,3.4,19.9,45,31.8,38.3,26.7,1007.7,1031.2,1020,28,50,38.3,34.3,25.3
1794582000,18.4,13.9,9.2,53.4,5,21.2,46.4,32.5,40.9,24.1,1006.9,1030.8,1019.4,31.1,53.1,40.9,36.8,17.9
1794585600,19.6,15.5,10.9,50.2,3.9,21.2,46.4,32.6,43.1,22,1007.3,1030.8,1019.6,32,55.4,43,38.9,13.1
1794589200,17.1,16.3,9.5,55.1,2,21.2,46.4,32.7,45,20.1,1006.7,1030.1,1018.9,34,57.9,45,40.9,7.1
1794592800,21.4,16.2,8.9,50.8,2.6,19.4,46.9,32.4,46.1,19,1006.6,1029.7,1018.4,34,59.9,46.1,42.2,6.8
1794596400,17.8,17.8,9,53.3,2.2,19.4,46.9,31.9,46.5,18.6,1006.5,1028.9,1018.2,34,60.8,46.5,42.6,6.1
1794600000,19.3,17.9,10,50,2.9,19.2,46.9,31.9,46.7,18.4,1005.7,1028.6,1017.7,34,60.8,46.7,42.8,5
1794603600,18.1,18.1,9.7,51.1,3.1,19.2,46.9,31.5,45.7,19.3,1006.3,1028.8,1018.2,33.8,59,45.7,41.9,8.3
1794607200,16.1,17.9,12.6,50.3,3,19,46.9,31.5,43.5,21.5,1006.6,1028.6,1018.3,32,57,43.5,39.8,10.7
1794610800,13.7,21.2,11.8,50.6,2.7,19.4,46.9,31.2,41.2,23.8,1007.1,1029.4,1018.8,30,55,41.2,37.6,17.5
1794614400,9.7,24.4,11.1,53.6,1.2,19.4,46.9,31.5,40.2,24.8,1006.9,1029.1,1018.8,28.4,54,40.2,36.9,26.5
1794618000,12.8,25.6,9.2,50.9,1.4,19.2,46,31.1,38.8,26.2,1007,1029.6,1019.1,27.9,53.1,38.8,35.7,27.1
1794621600,12,25.4,8.5,52.1,2.1,19.4,46.4,31.2,38.1,26.9,1007.2,1029.2,1019.1,26.6,52,38.1,35.1,30.9
1794625200,13.3,25.1,8.2,51.8,1.6,19.2,46,30.8,37.4,27.6,1007.2,1029.3,1019.1,25.2,51.1,37.4,34.2,31.3
1794628800,12.7,25.7,7.7,52.4,1.4,19.2,45,30.8,36.8,28.2,1007,1029.4,1018.9,24.8,50.9,36.8,33.5,28.4
1794632400,9.4,23.9,9.9,54.9,2,18.6,44.8,30.5,36.1,28.9,1006.8,1029.3,1018.8,24.5,50.5,36.1,32.8,29.8
1794636000,12.5,26.3,7.4,52.6,1.2,18,44.6,30.1,35.5,29.5,1006.5,1029.2,1018.7,24.1,50,35.5,32.1,31.2
1794639600,13,23.8,7.8,53.8,1.8,18.1,44.1,30,35.3,29.7,1006.9,1029.4,1018.8,23,48.9,35.3,31.9,32.2
1794643200,12.7,20.7,8.5,56.1,2,18,43,29.8,34.9,30.1,1007,1029.5,1018.7,23,48.9,34.9,31.4,33.6
1794646800,12.5,21.7,8,56.4,1.5,18.1,44.1,29.7,34.8,30.2,1007.1,1029.6,1018.7,23,48.2,34.8,31.4,34.9
1794650400,10.4,21.1,9.9,56.1,2.5,18,44.1,29.5,34.7,30.3,1007,1029.8,1018.9,22.1,46.9,34.7,31.1,34.2
1794654000,10.8,20.7,10.3,56.7,1.4,18,44.1,29.5,34.6,30.4,1007.8,1030.1,1019.2,23,47.8,34.6,31.2,33.6
1794657600,14.4,15.4,10.3,56.3,3.6,17.6,44.1,29.5,34.5,30.5,1007.1,1030.7,1019.5,21.9,46.9,34.5,30.9,30.5
1794661200,14.5,16.5,9.6,58,1.5,18.9,44.1,30.3,35.5,29.5,1008.5,1031.4,1020.1,24.3,47.8,35.5,31.9,30.2
1794664800,16,16.5,10.7,54,2.9,19.9,45,31.5,38,27,1008.4,1031.7,1020.2,27.1,50,38,34,26.4
1794668400,17.9,13.7,9.4,54,5,20.1,46.4,32.3,40.5,24.5,1007.6,1031.2,1019.6,30.2,53.1,40.5,36.4,19.6
1794672000,19.9,15.3,10.9,50.7,3.2,21,46.4,32.4,42.7,22.3,1007.8,1031.2,1019.9,32,55.4,42.7,38.4,13.7
1794675600,17.3,16.1,9.5,55.1,2,21.2,46.4,32.6,44.7,20.3,1007,1030.4,1019,33.1,57.2,44.7,40.6,7.1
1794679200,20.9,16.5,8.2,51.8,2.6,19.4,46.9,32.1,45.7,19.4,1007.2,1030,1018.6,33.8,59,45.7,41.7,7
1794682800,17.2,17.4,9,54.5,1.9,19.2,46.9,31.9,46.2,18.9,1007.2,1029.2,1018.3,34,60.1,46.2,42.3,6.6
1794686400,19.1,17.7,10.5,50.1,2.6,19,47.8,31.8,46.3,18.8,1006.1,1029,1017.9,33.8,60.1,46.3,42.3,5.2
1794690000,17.8,17.8,10,51.7,2.8,18.9,46.9,31.3,45.3,19.7,1006.4,1028.8,1018.3,33.1,59,45.3,41.4,8.5
1794693600,16.5,17.9,12.8,50.2,2.5,18.1,46.9,31.3,43.2,21.8,1006.7,1029,1018.5,32,57,43.2,39.4,11.6
1794697200,13.4,21.1,12.5,49.9,3.1,19.2,46.9,31.1,40.9,24.1,1007.5,1029.9,1018.9,29.1,54,40.9,37.3,17.6
1794700800,10,24.8,10.9,52.9,1.4,19.4,46.9,31.3,39.9,25.1,1006.9,1029.5,1018.9,28.2,54,39.9,36.5,26.5
1794704400,12.3,25.6,8.8,51.4,1.9,19.2,46.4,31,38.7,26.3,1007,1029.9,1019.3,27.1,53.1,38.7,35.5,27.3
1794708000,12.4,25.8,8.4,51.8,1.6,19.2,46.4,31,37.9,27.1,1007,1029.5,1019.1,26.2,52,37.9,34.8,31
1794711600,13.6,24.6,8.5,51.4,1.9,18.1,46,30.7,37.3,27.7,1007.2,1030.2,1019.2,24.8,51.1,37.3,34.1,31.1
1794715200,12,25.4,7.7,53.8,1.2,18.9,45,30.6,36.8,28.3,1007.5,1029.9,1019.1,24.1,51.1,36.8,33.3,28.7
1794718800,10.1,23,9.7,55.4,1.7,18.4,44.8,30.3,36.1,28.9,1007,1029.8,1019,23.6,50.5,36.1,32.6,29.8
1794722400,11.5,25.7,7.4,54.4,1,18,44.6,30,35.5,29.5,1006.5,1029.6,1018.8,23.2,50,35.5,32,30.9
1794726000,11.9,22.6,8.2,55.1,2.2,18,44.1,29.9,35.2,29.8,1006.9,1029.5,1018.8,23,50,35.2,31.7,31.5
1794729600,11.4,20.2,9,57.2,2.2,17.6,44.1,29.7,34.8,30.2,1006.7,1029.5,1018.8,23,48.9,34.8,31.2,33.3
1794733200,11.2,21.9,8.2,57.1,1.5,18.1,44.1,29.6,34.7,30.3,1006.6,1029.6,1018.8,22.1,48.2,34.7,31.2,35.1
1794736800,9.5,21.9,9.5,57,2.2,17.6,44.1,29.3,34.4,30.6,1006.7,1030,1018.9,21.9,46.9,34.4,30.8,33.3
1794740400,11.3,20.4,10.8,55.9,1.7,17.6,44.1,29.3,34.5,30.6,1007.7,1030.3,1019.3,21.9,46.9,34.5,30.9,33.1
1794744000,13.4,15.3,10.6,57.3,3.4,17.6,44.1,29.3,34.3,30.7,1006.9,1030.7,1019.5,21.2,46.9,34.3,30.7,30.6
1794747600,15.9,15.9,9,58.3,1,18.1,44.1,30.2,35.2,29.8,1008.3,1031.4,1020.1,23.9,46.9,35.2,31.6,30.7
1794751200,16.9,15.9,10.1,54.2,2.9,19.4,45,31.4,37.8,27.3,1008.2,1031.7,1020.2,27,50,37.8,33.8,27.2
1794754800,18.2,13.7,10.4,54,3.8,20.1,46.4,32.1,40.3,24.7,1007.3,1031.4,1019.6,29.8,52,40.3,36.1,20.2
1794758400,19.9,15.7,11.1,50.8,2.4,21,46.4,32.4,42.5,22.6,1007.9,1031.4,1019.8,31.1,55.4,42.5,38.2,14.3
1794762000,17.6,16.6,9.3,55.1,1.5,21.2,46.4,32.6,44.5,20.5,1007.2,1030.7,1019,32,57.2,44.5,40.4,8.1
1794765600,21.5,16.4,8,51.3,2.8,19.2,46.9,32.1,45.3,19.7,1007.5,1030,1018.6,33.1,59,45.3,41.3,7.4
1794769200,17.3,17.8,8.4,54.8,1.7,19.2,46.9,31.8,45.9,19.2,1007.2,1029.2,1018.3,33.8,60.1,45.9,41.9,6.7
1794772800,19.6,17.4,10.5,50.1,2.4,18.9,48,31.6,46,19.1,1006.3,1029.1,1018,33.8,60.1,46,41.9,5.2
1794776400,17.8,18,10,51.4,2.8,18.1,46.9,31.2,45,20,1006.6,1028.9,1018.3,32.9,59,45,41,8.5
1794780000,15.8,18.1,13.3,50.2,2.5,18,46.9,31.2,42.9,22.1,1006.7,1029.3,1018.5,31.1,57,42.9,39,12.5
1794783600,12.6,21.2,11.9,51.1,3.1,19,46.9,31,40.6,24.4,1007.1,1030,1018.9,29.1,54,40.6,37,18.7
1794787200,10.6,24.1,10.8,53.3,1.1,19,46.9,31.1,39.5,25.5,1006.6,1029.7,1018.9,28,53.6,39.5,36,26.7
1794790800,12.3,26.5,7.8,52.1,1.2,18.1,46.4,30.9,38.4,26.6,1006.8,1030.2,1019.2,26.6,53.1,38.4,35.1,27
1794794400,12.2,26.1,8.5,52,1.2,18.1,46.4,30.8,37.6,27.4,1006.5,1029.5,1019.1,25.9,52,37.6,34.3,30.5
1794798000,13.1,25.6,7.7,50.9,2.6,18.1,45.9,30.5,37,28,1006.7,1030.2,1019.1,24.8,51.1,37,33.6,31.6
1794801600,10.8,25.8,7.9,53.6,1.9,18,45,30.4,36.5,28.5,1006.9,1029.9,1019,23.2,51.1,36.5,33,28.7
1794805200,9.7,24.3,8.9,55.8,1.2,17.8,45,30.1,35.9,29.1,1006.6,1029.8,1018.9,23.1,50.5,35.9,32.3,29.6
1794808800,11,26,6.6,55.4,1,17.6,45,29.8,35.2,29.8,1006.4,1029.6,1018.7,23,50,35.2,31.6,30.6
1794812400,12.1,22.5,7.9,55.3,2.2,17.6,44.1,29.7,34.9,30.1,1006.8,1029.5,1018.7,22.1,50,34.9,31.4,32.7
1794816000,11.6,19.8,9.2,57.6,1.9,17.6,43,29.4,34.5,30.5,1006.7,1029.5,1018.7,21.9,48.2,34.5,30.9,33.6
1794819600,11.2,21.1,8,58.2,1.5,18,44.1,29.3,34.4,30.6,1006.5,1029.6,1018.7,21.9,48,34.4,30.9,35.8
1794823200,8.8,21.5,9.5,58,2.3,17.2,44.1,29,34.1,30.9,1006.7,1030,1018.9,21.2,46.9,34.1,30.4,34.2
1794826800,11.2,19.7,10.2,56.9,1.9,17.6,43.9,29.1,34.1,30.9,1007.7,1030.1,1019.2,21.2,46.4,34.1,30.6,33.6
1794830400,13,14.5,11.1,57.8,3.6,17.2,44.1,29,34,31.1,1007.1,1030.7,1019.4,21.2,46.9,34,30.3,31.6
1794834000,15.4,15.4,9.5,58.2,1.5,17.6,43,29.8,34.8,30.2,1008.2,1031.4,1020.1,23.2,46.9,34.8,31.1,31.8
1794837600,16.7,15.2,10.1,55.3,2.7,19.4,45,31.3,37.5,27.6,1008.2,1031.6,1020,26.6,50,37.4,33.4,28.1
1794841200,18.6,13.8,9.1,54.7,3.8,20.1,46.4,31.9,39.8,25.2,1007.6,1031.2,1019.6,29.1,52.9,39.8,35.6,20.8
1794844800,19.3,16.4,10.1,51.8,2.4,20.8,46.4,32.2,42.1,23,1007.9,1031.1,1019.7,30.9,55.4,42.1,37.7,13.5
1794848400,16.6,17.1,9.8,55.1,1.5,21,46.4,32.3,44.1,21,1007.2,1030.4,1018.9,32,57,44.1,39.8,7.8
1794852000,20.9,16.7,8.2,51.6,2.6,19.2,46.9,31.8,45,20.1,1007.4,1029.8,1018.5,32,59,45,40.8,7.7
1794855600,17.2,16.9,8.6,55.6,1.7,19.2,46.4,31.7,45.5,19.5,1007.3,1028.9,1018.1,33.1,60.1,45.5,41.6,7.2
1794859200,18.7,17,10.5,51.4,2.4,18.9,47.8,31.4,45.6,19.5,1006.3,1028.7,1017.9,33.1,60.1,45.6,41.4,5
1794862800,17.8,17.8,9.3,52.3,2.9,18,46.9,30.9,44.7,20.4,1006.7,1028.8,1018.2,32,57.9,44.7,40.6,8.1
1794866400,15.4,17.7,12.7,51.4,2.8,17.6,46.9,31,42.6,22.5,1006.8,1028.9,1018.4,30.9,55.4,42.6,38.6,12.1
1794870000,13.4,21.5,10,52.3,2.9,17.6,46.9,30.8,40.4,24.6,1007.5,1029.4,1018.8,28.4,54,40.4,36.6,17.7
1794873600,11,23.9,10.3,53.7,1.1,18.1,46.4,30.8,39.3,25.7,1007.7,1029.3,1018.8,27.1,53.1,39.3,35.7,25.9
1794877200,12.5,25.5,7.8,53,1.2,18,46,30.7,38.2,26.8,1007,1029.8,1019.1,26.6,51.8,38.2,34.9,26.7
1794880800,12.2,25.1,8.2,53.3,1.2,18.1,46,30.5,37.4,27.6,1006.6,1029.2,1018.9,25.9,51.1,37.4,34.1,29.6
1794884400,12.9,25.1,7.5,52,2.6,17.6,45,30.2,36.9,28.1,1006.7,1029.3,1019,24.3,51.1,36.9,33.5,30.6
1794888000,10.7,25,6.9,55.2,2.1,17.6,45,30.2,36.4,28.6,1007,1029.4,1018.8,23.2,51.1,36.4,32.8,27.7
1794891600,9.9,23.1,9.2,56.6,1.2,17.6,45,30,35.8,29.2,1006.9,1029.3,1018.7,23.1,50.5,35.8,32.2,28.4
1794895200,10.9,25.3,6.6,56.2,1,17.6,45,29.8,35.2,29.8,1006.7,1029.2,1018.6,23,50,35.2,31.6,29.2
1794898800,12.1,22,7.2,56.4,2.2,17.6,44.6,29.7,34.9,30.1,1006.9,1029.4,1018.6,23,50,34.9,31.3,31.1
1794902400,11.8,19.6,8.9,58.2,1.4,17.6,43,29.4,34.5,30.5,1006.8,1029.2,1018.5,21.9,48,34.5,30.8,31.8
1794906000,10.9,21.3,7.9,58.4,1.5,18,44.1,29.2,34.4,30.6,1006.6,1029,1018.4,21.9,48,34.4,30.9,35
1794909600,9,21.1,9.5,58.5,2,17.2,43,28.9,34,31,1006.7,1029.6,1018.7,21.2,46.9,34,30.2,32.3
1794913200,10.9,19.7,10.2,57.3,1.9,17.2,42.8,28.8,34,31,1007.7,1029.9,1019,21.2,46.4,34,30.4,32.6
1794916800,13.9,14.6,10.1,58,3.4,17.2,42.8,28.8,33.8,31.2,1007.4,1030.4,1019.2,21.2,46.9,33.8,30,30.9
1794920400,17.2,15,9.7,56.6,1.5,17.6,43,29.5,34.5,30.5,1008.2,1031.2,1019.8,23,46.9,34.5,30.8,31.2
1794924000,16.8,15.3,10.3,55.2,2.4,19.4,44.6,30.9,37.2,27.9,1008.5,1031.2,1019.9,26.2,48.9,37.1,33.1,27.7
1794927600,18.1,14.3,9.3,54.2,4.1,19.4,46,31.5,39.6,25.4,1008.1,1031,1019.5,29.1,52,39.6,35.3,20.3
1794931200,19.9,16.3,9.4,51.8,2.6,19.9,46.4,31.8,41.8,23.2,1007.9,1030.9,1019.5,30.2,55,41.8,37.3,13
1794934800,16.3,17.1,10,54.9,1.7,20.1,46.4,31.9,43.7,21.3,1007.3,1029.8,1018.8,32,55.9,43.7,39.4,7.8
1794938400,20.8,16.9,8.4,51.3,2.6,19.2,46.9,31.3,44.6,20.5,1007.4,1029.5,1018.4,32,57.9,44.6,40.3,7.7
1794942000,17.9,17.2,8.6,54.9,1.4,19,46.4,31.3,45.1,19.9,1007,1028.6,1018,33.1,59,45.1,41.1,7.4
1794945600,19.6,16.7,10.5,50.7,2.4,18.1,46.9,31,45.1,19.9,1006.3,1028.3,1017.9,32.9,59,45.1,40.9,5.5
1794949200,18.1,17.3,10,51.8,2.9,17.6,46.9,30.6,44.2,20.8,1006.7,1028.6,1018.1,32,57.2,44.2,40,8.1
1794952800,15.4,17.5,13.1,51.5,2.5,17.6,46.9,30.6,42.1,22.9,1006.8,1028.5,1018.4,30.2,55,42.1,38,12.3
1794956400,14.1,21,9.5,52.5,2.9,17.6,46.4,30.5,40,25,1007.7,1029,1018.7,28.4,53.1,40,36.1,17.4
1794960000,11.5,23.3,10.1,53.5,1.6,18,46.4,30.5,38.9,26.1,1007.7,1029,1018.8,27.1,52,38.9,35.2,24.6
1794963600,12.3,25.2,7.5,53.8,1.2,18,46,30.3,37.9,27.1,1007.1,1029.2,1019,26.6,51.8,37.9,34.4,25.8
1794967200,12.1,25,7.5,54.2,1.2,18,45.9,30.1,37,28,1007.2,1028.9,1018.9,25.2,50,37,33.5,28.9
1794970800,12.1,25,7.5,52.8,2.6,17.2,45,29.8,36.5,28.5,1007,1029.2,1018.9,24.3,50,36.5,32.9,29.8
1794974400,9.8,25.5,6.9,55.7,2.1,16.9,45,29.7,36,29,1007.5,1029,1018.8,23.2,50.9,36,32.3,27.5
1794978000,9.6,23.2,9.1,56.9,1.2,17.3,45,29.5,35.4,29.6,1007.1,1029,1018.7,22.6,50.5,35.4,31.7,28.5
1794981600,11.4,24.6,6.3,56.4,1.2,17.6,45,29.4,34.8,30.2,1006.7,1029,1018.6,22.1,50,34.8,31.1,29.5
1794985200,11.6,21.7,7.7,56.8,2.2,17.2,44.6,29.3,34.5,30.5,1006.9,1029,1018.6,21.9,48.9,34.5,30.8,31.7
1794988800,11.2,20.9,8,58.5,1.5,17.6,43,29,34.2,30.8,1006.6,1029,1018.5,21.9,48,34.2,30.3,30.6
1794992400,10.9,21.8,7.7,58.7,1,17.2,43,28.8,34,31,1006.5,1028.9,1018.5,21.9,47.8,34,30.4,34.8
1794996000,8.7,21,9.4,58.9,2,17.1,43,28.6,33.7,31.3,1006.6,1029.3,1018.7,21.2,46.4,33.7,29.9,32.7
1794999600,10.9,19.5,9.2,57.9,2.4,17.2,42.8,28.6,33.7,31.3,1007.4,1029.6,1018.9,21,46,33.7,30,32.8
1795003200,14.2,15.1,9.1,58.2,3.4,16.2,42.8,28.4,33.4,31.6,1007.4,1030.1,1019.3,21,46.4,33.4,29.6,30.5
1795006800,16.3,15.6,9.8,56.8,1.5,16.9,43,29.2,34.2,30.8,1008.2,1030.8,1019.8,21.2,46.9,34.2,30.3,31.7
1795010400,17.3,15.1,10.6,54.6,2.4,19.2,44.6,30.5,36.8,28.3,1008.5,1030.7,1019.9,25.9,48.9,36.7,32.6,28.1
1795014000,19.3,13.6,9.3,53.8,4,19.2,45,31.2,39.2,25.8,1008.1,1030.7,1019.5,28.9,51.8,39.2,34.8,21.6
1795017600,21,16.1,9.4,50.8,2.7,19.4,46,31.4,41.3,23.7,1007.9,1030.2,1019.5,30.2,54,41.3,36.8,13.6
1795021200,17.3,16.8,10.5,53.7,1.7,19.9,46,31.5,43.3,21.8,1007.3,1029.6,1018.9,32,55,43.3,38.9,8.3
1795024800,21.2,17,8.9,50.3,2.6,18.9,46.4,31.1,44.1,20.9,1007.4,1029.4,1018.4,32,57.9,44.1,39.8,8.3
1795028400,18.1,17.2,8.8,54.2,1.7,18,46.4,31,44.8,20.2,1007,1028.6,1018,32.9,59,44.8,40.6,7.9
1795032000,19.8,16.7,10,51.1,2.4,18,46.9,30.6,44.8,20.3,1006.4,1028.3,1017.9,32.9,59,44.8,40.4,5.7
1795035600,17.7,17.7,10.4,51.7,2.6,17.6,46.9,30.4,43.9,21.1,1007,1028.4,1018.1,32,57,43.9,39.6,8.3
1795039200,15.4,18.6,12.9,50.8,2.3,17.6,46.9,30.2,41.7,23.3,1007.2,1028.5,1018.4,30.2,54,41.7,37.6,12.8
1795042800,13.8,22,9.3,52.3,2.6,17.1,46,30.1,39.6,25.4,1007.7,1029,1018.8,28.4,52,39.6,35.7,18.2
1795046400,11.4,23.9,9.3,54.1,1.4,17.6,46.4,30.1,38.5,26.5,1007.7,1029,1018.8,27.1,52,38.5,34.7,24.8
1795050000,11.1,25.7,7.8,54.5,0.9,17.6,46,29.9,37.5,27.5,1007.4,1029.2,1019.1,26.6,51.1,37.5,34,27.3
1795053600,12.4,25.2,7.5,53.7,1.2,17.6,45,29.7,36.6,28.4,1007.6,1028.8,1019,25.2,50,36.6,33,29.3
1795057200,11.5,25.4,7.5,53.1,2.6,17.1,45,29.5,36.1,28.9,1007.3,1029.2,1019,24.3,50,36.1,32.6,31.4
1795060800,8.6,24.7,7.7,57.1,1.9,16.2,45,29.4,35.7,29.3,1007.6,1029,1018.9,23.2,50,35.7,32,29.1
1795064400,9.1,22.9,9.3,57.2,1.5,16.5,45,29.3,35.1,29.9,1007.8,1029,1018.8,22.6,50,35.1,31.4,30.1
1795068000,11.2,24.6,6.3,56.6,1.2,16.9,45,29.1,34.5,30.5,1008,1029,1018.7,22.1,50,34.5,30.8,31.2
1795071600,12.6,22.4,6.9,56.2,2,17.1,44.6,29.1,34.2,30.8,1007.2,1029,1018.6,21.9,48.9,34.2,30.6,33.1
1795075200,11.2,21.2,7.8,58.3,1.5,17.6,44.1,28.9,33.9,31.1,1006.7,1029.1,1018.6,21.9,46.9,33.9,30,31.8
1795078800,11.2,22.3,7.2,58.6,0.7,16.2,43,28.7,33.7,31.3,1006.5,1028.8,1018.5,21.9,46.4,33.7,30.2,36.8
1795082400,8.1,21.2,9.6,59.1,2,16.9,43,28.4,33.4,31.6,1006.7,1029.1,1018.7,21,46,33.4,29.6,34.2
1795086000,11.2,19.7,8.5,58.2,2.4,17.1,42.8,28.4,33.5,31.5,1007.4,1029.4,1018.9,20.1,46,33.5,29.7,32.5
1795089600,13.4,15.3,9.1,59.3,2.9,16.2,42.8,28.3,33.2,31.8,1007.5,1030.1,1019.3,20.8,46.4,33.2,29.4,31.8
1795093200,17,15.3,9.7,56.6,1.5,16.2,43,29.1,33.9,31.1,1008.2,1030.7,1019.7,21.2,46.4,33.9,30.1,32.9
1795096800,17.7,14.9,11.3,53.7,2.4,19.2,44.6,30.4,36.5,28.6,1008.5,1030.5,1019.8,25.2,48.9,36.4,32.4,28.7
1795100400,20.4,13.7,9.1,52.5,4.3,19.2,45,31.1,38.9,26.1,1008.1,1030.5,1019.5,28.4,51.1,38.9,34.6,22.2
1795104000,21.5,15.9,9.7,50.5,2.4,19.4,45.9,31.3,41.1,23.9,1008,1030.1,1019.5,30.2,53.6,41.1,36.6,14
1795107600,18.7,16.7,10.1,53.1,1.5,19.9,46,31.5,43.1,22,1007.4,1029.4,1018.8,31.1,55,43.1,38.7,8.8
1795111200,21,16.8,9.1,50.7,2.3,18.9,46,31,44,21.1,1007.5,1028.8,1018.4,32,57,44,39.6,8.1
1795114800,17.7,16.8,9.6,54.2,1.7,18,46.4,30.9,44.7,20.4,1006.5,1028.5,1017.9,32.9,59,44.7,40.5,7.7
1795118400,20.6,16,10.3,51.4,1.7,18,46.9,30.6,44.7,20.4,1006.3,1028.2,1017.7,32,59,44.7,40.4,6
1795122000,17.8,17.3,10.2,52.1,2.6,17.1,46.9,30.2,43.7,21.3,1006.7,1028.2,1018,32,57,43.7,39.5,8.5
1795125600,15.8,18.1,13.3,50.9,1.8,17.2,46.4,30,41.6,23.5,1006.8,1028.4,1018.3,30.2,54,41.6,37.4,13.2
1795129200,13.8,21.5,10.3,52.3,2.1,16.9,46,30,39.5,25.5,1007.5,1029,1018.6,28.4,52,39.5,35.6,19.6
1795132800,12.1,23.4,9.7,53.4,1.4,17.6,46,29.9,38.4,26.6,1007,1029,1018.7,27.1,51.8,38.4,34.5,23.9
1795136400,10.8,24.9,8.5,54.8,0.9,17.6,46,29.8,37.4,27.6,1007.2,1029.1,1018.9,26.6,51.1,37.4,33.9,27.9
1795140000,12.6,24.4,7.7,54.2,1.2,17.2,45,29.6,36.5,28.5,1007.2,1028.8,1018.7,25.2,50,36.5,32.9,29.6
1795143600,11.2,24.8,7.7,53.9,2.3,16.9,45,29.4,36.1,28.9,1007,1029.1,1018.8,24.3,50,36.1,32.5,31.1
1795147200,8.9,23.6,7.2,58.4,1.9,16,45,29.4,35.7,29.3,1006.6,1029,1018.7,23.2,50,35.7,32,29.8
1795150800,9.8,22.1,8.8,57.8,1.5,16.4,44.8,29.3,35.1,29.9,1006.5,1029,1018.5,23.1,50,35.1,31.4,30.5
1795154400,11.9,23.1,6.6,57.3,1.2,16.9,44.6,29.2,34.5,30.5,1006.5,1029,1018.4,23,50,34.5,30.8,31.1
1795158000,13,21.1,7.1,56.9,2,17.1,44.1,29.2,34.4,30.6,1006.6,1028.9,1018.4,22.1,48.9,34.4,30.8,33.6
1795161600,11.5,20.6,7.1,59.3,1.5,17.6,43,28.9,33.9,31.1,1006.5,1029,1018.4,21.9,46.9,33.9,30,32.1
1795165200,11.7,21.4,6.7,59.5,0.7,16.2,43,28.8,33.8,31.2,1006.2,1028.9,1018.3,21.9,46.9,33.8,30.3,36.4
1795168800,8.6,20.2,8.9,60.3,2,16.9,42.8,28.6,33.5,31.5,1006,1029,1018.4,21,46,33.5,29.7,34.3
1795172400,11.5,19.6,8.1,58.7,2.2,17.1,42.8,28.4,33.5,31.5,1006.5,1029.3,1018.7,20.1,46,33.5,29.6,31.7
1795176000,13.2,15.1,9.1,59.5,3.1,16.2,42.8,28.4,33.3,31.7,1006.4,1030.1,1019.1,19.9,46.4,33.3,29.5,32.2
1795179600,16.7,15.3,9.9,56.4,1.7,16.2,43,29,33.9,31.1,1007.4,1030.7,1019.6,21.2,46.4,33.9,30,32.5
1795183200,17.5,14.7,11.3,54.1,2.4,18.1,44.1,30.3,36.4,28.6,1008.1,1030.5,1019.7,25,48.9,36.4,32.3,28.4
1795186800,19.7,13.4,9.1,53.5,4.3,18.9,44.6,31,38.9,26.1,1007,1030.5,1019.3,28.4,51.1,38.9,34.6,21
1795190400,20.5,15.7,9.4,51.9,2.4,19.4,45,31.3,41,24,1007.4,1030.1,1019.3,30.2,53.6,41,36.5,13.3
1795194000,19.6,16.1,9.8,53.1,1.5,19.2,45,31.3,42.9,22.1,1007.1,1029.4,1018.7,31.1,55,42.9,38.5,8.3
1795197600,20.3,16.1,9.3,51.9,2.3,18.1,46,30.9,43.8,21.2,1007.3,1028.8,1018.3,32,57,43.8,39.4,7.6
1795201200,18.3,16.1,9.6,54.3,1.7,18,46,30.8,44.5,20.5,1006.3,1028.4,1017.8,32,59,44.5,40.4,7.7
1795204800,20.6,15.8,10.5,51.2,1.9,17.6,46,30.5,44.5,20.5,1006.3,1028,1017.6,32,59,44.5,40.2,5.5
1795208400,18.3,16.9,10,52.5,2.4,17.1,46.4,30.1,43.6,21.4,1007,1028.2,1018,32,56.8,43.6,39.3,8.8
1795212000,15.9,17.7,12.9,51.8,1.6,17.2,46,29.9,41.5,23.5,1006.9,1028.1,1018.2,30.2,54,41.5,37.3,12.6
1795215600,13.8,20.9,10.7,53,1.7,16.9,45,29.8,39.4,25.6,1007.7,1029,1018.6,28.4,52,39.4,35.4,18.2
1795219200,12,22.9,9.3,53.9,1.9,17.2,45,29.8,38.4,26.6,1007.5,1029,1018.6,27.1,51.8,38.4,34.5,23.7
1795222800,10.6,24.3,8.5,55.2,1.4,17.2,45,29.6,37.4,27.6,1007.2,1028.8,1018.8,26.2,51.1,37.4,33.7,27.5
1795226400,12.5,24.5,7.4,54.9,0.7,16,45,29.5,36.6,28.4,1007.2,1028.8,1018.7,25,50,36.6,32.8,28.8
1795230000,10.1,24.4,8.2,55,2.3,16,45,29.3,36.1,28.9,1007,1029.1,1018.7,24.3,50,36.1,32.5,30
1795233600,8.5,23.2,7.3,59.1,1.9,15.8,44.6,29.3,35.7,29.3,1006.6,1028.6,1018.5,23.2,50,35.7,32,29.8
1795237200,10.3,21.8,8.8,57.6,1.5,16,44.6,29.3,35.2,29.9,1006.5,1028.8,1018.4,22.6,50,35.2,31.4,30.6
1795240800,11.5,22.7,6.4,58.4,1,16.2,44.6,29.2,34.6,30.4,1006.3,1029,1018.3,22.1,50,34.6,30.9,31.4
1795244400,12.4,20.3,7.4,57.9,2,16.2,44.6,29.2,34.5,30.5,1006.5,1028.9,1018.3,22.1,48.9,34.5,30.8,33.3
1795248000,10.6,20.2,6.9,60.7,1.5,17.2,44.1,29.1,34.1,30.9,1005.8,1028.7,1018.2,21.9,48,34.1,30.2,31.4
1795251600,11.2,20.6,6.9,60.5,0.7,16,43,28.9,34,31,1005.8,1028.8,1018.2,21.9,46.9,34,30.5,37
1795255200,8.2,19.4,9.2,61,2.2,16.2,43,28.7,33.7,31.3,1005.5,1029,1018.2,21.2,46.4,33.7,29.8,32.7
1795258800,11.3,18.4,8.1,60,2.2,17.1,42.8,28.8,33.8,31.2,1005.5,1029.3,1018.4,21,46.4,33.8,29.9,30.6
1795262400,12.7,14.4,9.1,60.5,3.3,16.2,43,28.7,33.6,31.5,1006.1,1029.7,1018.8,20.8,46.4,33.5,29.8,31.4
1795266000,16.2,14.5,9.9,57.6,1.7,16.2,43,29.2,34.2,30.9,1006.9,1030.2,1019.3,21.2,46.4,34.1,30.2,30.9
1795269600,16.8,13.7,11.4,55.9,2.1,18.1,45,30.5,36.6,28.5,1007.1,1030.3,1019.4,24.8,48.9,36.5,32.4,28.3
1795273200,19,12.7,9.9,53.8,4.6,18.1,45,31.3,39.1,26,1006.5,1030.3,1019.1,28.2,52,39,34.7,21
1795276800,21.7,14.7,8.4,52.8,2.4,19.4,46,31.5,41.1,23.9,1006.7,1029.7,1019.1,30,54,41.1,36.6,13.3
1795280400,19.5,15.6,9.5,53.8,1.7,19.4,46,31.6,43,22.1,1006.7,1029,1018.5,31.1,55.9,43,38.6,7.8
1795284000,19.8,15.6,9.1,53.4,2.1,18.1,46.4,31.1,43.8,21.3,1006.7,1028.6,1017.9,32,57,43.8,39.4,6.9
1795287600,17.6,15.7,8.9,56.3,1.4,18,46.4,31.1,44.5,20.6,1006.2,1027.7,1017.5,32.9,59,44.5,40.3,7.2
1795291200,19.9,15.1,9.8,53.5,1.7,17.6,46.9,30.8,44.4,20.7,1006,1027.6,1017.3,32,59,44.4,40,5
1795294800,17.7,16.3,9.9,54.1,1.9,17.1,46.9,30.3,43.5,21.6,1006.4,1028,1017.8,32,56.8,43.5,39.2,8
1795298400,15,17.3,11.8,54.1,1.8,17.6,46.4,30.2,41.5,23.5,1006.7,1027.9,1017.9,30.2,54,41.5,37.3,12.1
1795302000,12.9,19.8,10.5,55.2,1.7,17.1,46,30,39.5,25.5,1007.4,1028.4,1018.4,28.4,52,39.5,35.5,17.9
1795305600,11.8,21.6,8.6,55.9,2.1,17.6,46,30,38.5,26.5,1007,1028.4,1018.3,27.1,51.8,38.5,34.5,22.6
1795309200,10.1,24.1,8,56.6,1.2,17.6,46,29.9,37.5,27.5,1007.2,1028.7,1018.5,26.2,51.1,37.5,33.7,25.8
1795312800,12,23.8,7.2,56,0.9,17.2,45,29.6,36.6,28.4,1007,1028.6,1018.5,25,50,36.6,32.8,28.3
1795316400,9.1,23.4,8.4,56.9,2.1,16.9,45,29.5,36.3,28.7,1006.7,1029,1018.4,24.8,50,36.3,32.6,29
1795320000,8.3,22.6,7.3,60.2,1.7,16.9,44.6,29.4,35.8,29.2,1006.5,1028.5,1018.3,23.9,50,35.8,32,28.6
1795323600,9.3,21.2,8.8,59.3,1.5,17,44.4,29.4,35.3,29.7,1006.3,1028.5,1018.2,23.4,50,35.3,31.5,30.3
1795327200,11.7,21.8,6.1,59.7,0.7,17.1,44.1,29.3,34.8,30.2,1006.1,1028.4,1018.1,23,50,34.8,31,31.9
1795330800,12.1,19.5,7.2,59.3,2,17.1,44.1,29.2,34.6,30.5,1006.2,1028.7,1018.2,23,48.2,34.5,30.9,33.2
1795334400,10.7,19.4,6.5,61.9,1.5,17.6,43,29.1,34.2,30.8,1005.5,1028.7,1018,21.9,46.9,34.2,30.3,31.3
1795338000,11.1,19.8,6.2,62.1,0.7,17.1,42.8,29,34,31,1005.7,1028.5,1018,22.1,46.9,34,30.4,35.4
1795341600,8.7,18.7,7.7,62.6,2.2,17.1,42.8,28.9,33.9,31.2,1005.3,1028.9,1018,21.2,46.4,33.8,29.9,32.1
1795345200,11.3,17.7,7.4,61.7,2,17.1,42.8,28.8,33.9,31.1,1005.4,1028.9,1018.2,21.2,46,33.9,29.9,29.9
1795348800,13,13.5,8.2,62.5,2.9,16.2,43,28.8,33.7,31.3,1005.9,1029.6,1018.5,21,46.4,33.7,29.9,30.8
1795352400,16.3,13.6,9.7,59,1.5,16.2,43,29.2,34.2,30.8,1006.3,1030,1019.1,21.2,46.9,34.2,30.2,30.5
1795356000,16.2,13.1,11,57.6,2.1,18.1,45,30.5,36.5,28.6,1006.5,1030.3,1019.2,25,48.9,36.4,32.2,27.6
1795359600,19.8,11.8,8.4,55.2,4.8,18.9,45,31.1,38.8,26.2,1006.1,1030.2,1018.9,28.4,51.8,38.8,34.4,20.2
1795363200,21.5,13.6,8.1,54.3,2.4,19.4,45.9,31.3,40.8,24.2,1006.6,1029.6,1018.9,30,53.6,40.8,36.2,12.5
1795366800,18.9,15,9.2,55.3,1.5,19.4,46,31.5,42.6,22.4,1006.9,1028.7,1018.4,31.1,55,42.6,38,8
1795370400,19.8,14.2,8.9,55,2.1,18.1,46,31,43.4,21.7,1006.7,1028,1017.8,32,57,43.4,38.8,6.5
1795374000,17.8,14.9,8.7,57.5,1.2,18.1,46.4,31,44.1,20.9,1006.1,1027.4,1017.3,32.9,57.2,44.1,39.8,7.4
1795377600,20.7,13.7,9.1,54.6,1.9,18,46.9,30.7,43.9,21.2,1005.7,1027.5,1017.3,32,57.9,43.9,39.3,4.6
1795381200,18.2,15.8,9,55.1,1.9,17.1,46.4,30.2,43,22,1006.5,1027.9,1017.7,32,55.9,43,38.6,7.3
1795384800,16.7,16.9,10.9,53.6,1.9,18,46.4,30.1,41.1,23.9,1006.6,1027.7,1018,30.2,53.6,41.1,36.8,13.1
1795388400,13.8,19.1,10,55.1,1.9,17.6,45,29.9,39.1,25.9,1007.4,1028.2,1018.4,28.4,51.8,39.1,35.1,18.6
1795392000,12.4,21.4,8.4,55.7,2.1,17.6,45,29.8,38.2,26.8,1007,1028.1,1018.3,27,50,38.2,34,21.7
1795395600,10.6,23.2,8,56.5,1.7,17.6,45.9,29.7,37.2,27.8,1007.2,1028.4,1018.5,26.1,50,37.2,33.4,25.7
1795399200,12.3,23,7.7,55.8,1.2,16.9,45,29.4,36.3,28.7,1007,1028.6,1018.5,24.8,48.9,36.3,32.4,29
1795402800,9.2,22.4,9.2,57.2,2.1,16,45,29.4,36.1,28.9,1006.9,1028.7,1018.4,24.8,50,36.1,32.4,28.2
1795406400,8.5,22.6,7.1,59.6,2.2,16,44.6,29.2,35.6,29.4,1006.5,1028.4,1018.3,23.2,50,35.6,31.8,29
1795410000,9.6,21.3,8.8,58.8,1.5,16.4,44.4,29.2,35.2,29.9,1006.3,1028.3,1018.2,23.1,50,35.1,31.3,30.1
1795413600,12.3,21.6,6.6,58.6,1,16.9,44.1,29.2,34.7,30.4,1006.1,1028.2,1018.1,23,50,34.6,30.8,31.1
1795417200,13.2,19.5,6.7,58.6,2,16.2,44.1,29,34.4,30.7,1006.5,1028.4,1018.2,22.1,48.2,34.3,30.6,32.9
1795420800,11,19.8,6.3,61.4,1.5,16.9,43,28.9,34.1,31,1005.7,1028.6,1018.1,21.9,46.9,34,30.1,32.2
1795424400,12.2,19.4,6.2,61.2,1,16.9,43,28.7,33.9,31.1,1005.6,1028.5,1018,22.1,46.9,33.9,30.1,34.7
1795428000,9,19.4,7.7,61.7,2.2,16.2,43,28.7,33.7,31.3,1005.5,1028.6,1018,21.2,46,33.7,29.8,31.9
1795431600,11,17.8,7.3,61.6,2.2,17.1,42.8,28.6,33.8,31.3,1005.5,1028.9,1018.2,21.2,46,33.7,29.8,30.7
1795435200,12.2,13.1,8.6,63,3.1,16.2,42.8,28.6,33.6,31.5,1005.9,1029.6,1018.5,21,46.4,33.5,29.7,30.6
1795438800,16.3,14.1,8.8,59.4,1.5,16.2,43,29,34.2,30.9,1006.3,1030,1019,21,46.9,34.1,30,31.5
1795442400,17.2,13.2,10.3,57.2,2.2,18.1,44.1,30.2,36.4,28.8,1006.3,1030.1,1019.1,24.8,48.9,36.2,32,27
1795446000,19.7,11.5,8.6,55.4,4.8,18.9,45,30.8,38.7,26.4,1006.4,1030.2,1019,28.2,51.8,38.6,34.2,19.4
1795449600,21.2,13.1,8.8,54.9,1.9,19.4,45,31.1,40.6,24.5,1006.6,1029.7,1018.9,29.8,53.6,40.6,35.9,12
1795453200,19.9,14.3,9.4,55,1.5,19.4,45.9,31.2,42.3,22.7,1006.7,1029,1018.4,31.1,54.9,42.3,37.6,7.5
1795456800,19.6,13.8,8.2,56.5,1.9,18.1,46,30.8,43,22,1005.5,1027.9,1017.6,32,55.9,43,38.3,6.5
1795460400,17.7,14.6,8.6,58.1,1,18,46,30.8,43.8,21.2,1005.9,1027.4,1017.2,32,57,43.8,39.4,7.2
1795464000,20,13.9,9.1,56,1,18,46.4,30.5,43.6,21.4,1005.7,1027.5,1017.2,32,57.2,43.6,39,4.6
1795467600,18.5,15.2,8.8,56.1,1.4,17.1,46.4,30.1,42.7,22.3,1006.6,1027.7,1017.6,32,55.4,42.7,38.2,6.4
1795471200,16.6,16.1,10.7,54.7,1.9,17.6,46,29.8,40.8,24.2,1006.8,1027.6,1017.9,30.2,53.6,40.8,36.4,13.4
1795474800,13.3,18.3,10.2,56.8,1.4,17.1,45,29.7,39,26,1007.5,1028.1,1018.3,28.4,51.8,39,34.9,17.9
1795478400,12.2,20.8,8.4,56.4,2.1,17.6,45,29.5,38,27,1007,1028.1,1018.3,27,50,38,33.7,20.8
1795482000,10.9,22.7,7.6,57.2,1.7,17.2,45.9,29.4,37,28,1007.2,1028.3,1018.3,26.1,50,37,33,25.2
1795485600,12.8,22.3,7.7,56,1.2,16.2,45,29.2,36.2,28.8,1007.2,1028.3,1018.3,24.8,48.9,36.2,32.3,28
1795489200,8.7,22.1,9.9,57.4,1.9,16,45,29.1,35.9,29.1,1007,1028.6,1018.3,24.8,48.9,35.9,32.1,28.2
1795492800,8.8,22.4,6.8,59.9,2.2,16,44.1,28.9,35.3,29.7,1006.6,1028.3,1018.3,23.2,48.2,35.3,31.4,29.4
1795496400,9.3,21.4,8.6,59.2,1.5,16.1,43.5,28.9,34.8,30.1,1006.2,1028,1018.1,22.6,48.2,34.8,30.9,30
1795500000,12.3,21.6,6.1,59,1,16.2,43,28.9,34.4,30.6,1005.8,1027.8,1018,22.1,48.2,34.4,30.5,30.7
1795503600,13.2,19.2,6.7,59.2,1.7,16,44.1,28.7,34.1,31,1006.2,1028.2,1018.2,22.1,48,34,30.2,32.6
1795507200,10.8,19.1,6,63,1,16.2,44.1,28.7,33.9,31.2,1005.5,1028.4,1017.9,21.9,46.9,33.8,29.9,32.3
1795510800,11.9,18.1,6,63,1,16.2,43,28.5,33.7,31.3,1005.3,1028.3,1017.8,22.1,46.4,33.7,29.8,34.2
1795514400,10,18,7.2,62.8,2,16.2,42.8,28.6,33.6,31.5,1005,1028.2,1017.8,21.2,46,33.5,29.6,33.3
1795518000,10.5,17.1,6.8,62.7,2.9,16.2,42.8,28.4,33.6,31.5,1005.3,1028.6,1018.1,21,45.9,33.5,29.4,29.7
1795521600,12.8,12.8,8.3,63,3.1,16,42.8,28.4,33.4,31.7,1005.7,1029.6,1018.5,21,46,33.3,29.3,29.6
1795525200,16.4,13.3,9.7,59.2,1.4,16,42.8,28.7,33.9,31.2,1006.2,1029.9,1018.9,21,46.4,33.8,29.6,31
1795528800,18.1,12.8,10.2,56.1,2.9,18,44.1,29.9,36.1,29,1006.3,1029.9,1019.1,24.3,48.2,36,31.6,26.8
1795532400,20.5,11.2,8.4,55.1,4.8,18.1,44.6,30.4,38.3,26.8,1006.4,1030.2,1019.1,27.1,50,38.2,33.6,19.6
1795536000,22.2,12.9,8.8,54.2,1.9,19.2,44.6,30.7,40.3,24.8,1006.3,1029.6,1018.9,29.1,53.1,40.2,35.4,12
1795539600,21.3,14,8.9,54.1,1.7,19.2,45,30.8,42,23.1,1006.4,1029.3,1018.4,30.9,54,42,37.2,8
1795543200,20.2,13.9,7.7,56.4,1.9,18,46,30.5,42.7,22.4,1005.4,1028.3,1017.6,32,55.9,42.7,37.8,6.5
1795546800,17.5,14.4,8.5,57.9,1.7,18,46,30.5,43.6,21.5,1005.6,1027.8,1017.2,32,57,43.5,39,7.6
1795550400,19.7,13.4,9.8,55.9,1.2,17.6,46.4,30.2,43.4,21.7,1005.3,1027.5,1017.1,32,57.2,43.3,38.6,4.8
1795554000,18,14.9,9,56.7,1.4,16.9,46.4,29.8,42.4,22.6,1006.4,1027.9,1017.5,31.1,55.4,42.4,37.8,6.1
1795557600,15.9,16.1,11,55.4,1.6,17.6,46,29.4,40.5,24.6,1006.8,1027.7,1017.9,30.2,53.1,40.5,35.9,13.4
1795561200,13.5,18.3,9.5,57.2,1.4,17.1,45,29.4,38.7,26.3,1007.5,1028.1,1018.3,28.2,51.1,38.7,34.5,17.9
1795564800,12.9,20.8,8.9,55.6,1.9,17.6,45,29.3,37.7,27.3,1007,1028.1,1018.2,26.6,50,37.7,33.3,20.1
1795568400,11.5,23.1,6.8,56.9,1.6,16.2,45,29.1,36.6,28.4,1007,1028.4,1018.4,25.2,48.9,36.6,32.6,25.7
1795572000,13.2,22.2,8.1,55.3,1.2,16,44.6,28.8,35.9,29.1,1006.6,1028.4,1018.4,24.3,48.9,35.9,31.8,28
1795575600,8.9,21.6,9.6,57.5,2.3,15.8,44.6,28.7,35.5,29.5,1007,1028.7,1018.4,23,48.2,35.5,31.6,29
1795579200,8.5,21.7,7.5,60.1,2.2,15.3,43,28.4,34.9,30.1,1007.5,1028.5,1018.5,22.1,48.2,34.9,30.9,29.5
1795582800,8.8,21.6,9.1,59.3,1.2,15.7,42.9,28.4,34.5,30.6,1006.9,1028.3,1018.4,22,48.1,34.5,30.4,29.6
1795586400,11.1,22.3,6.4,58.9,1.2,16,42.8,28.4,34,31,1006.2,1028.2,1018.2,21.9,48,34,29.9,29.7
1795590000,11.7,19.4,7,60.2,1.7,15.8,44.1,28.3,33.7,31.3,1006.6,1028.4,1018.3,21.2,46.9,33.7,29.7,31.4
1795593600,10.1,18.7,6.6,63.5,1,15.3,42.8,28.3,33.6,31.5,1005.5,1028.4,1018,21.2,46.4,33.5,29.5,31.7
1795597200,11.7,18.1,6.5,63,0.7,15.8,42.8,28.1,33.4,31.7,1005.3,1028.4,1018,21.9,46,33.3,29.2,33.3
1795600800,10.2,18.1,7.2,62.5,2,15.8,42.8,28.1,33.2,31.9,1005.3,1028.3,1017.9,21,45.9,33.1,29.1,33.8
1795604400,10.5,16.8,7.6,62.2,2.9,16,42.8,28.1,33.3,31.8,1005.4,1028.8,1018.2,20.1,45,33.2,29,29.1
1795608000,12.6,12.8,8.8,62.7,3.1,15.8,42.8,28,33.2,31.9,1005.9,1029.4,1018.6,19.9,46,33.1,28.9,28.9
1795611600,17.1,12.8,10.4,58,1.7,15.8,42.8,28.3,33.6,31.5,1006.3,1029.7,1019,20.1,46.4,33.5,29.2,30
1795615200,19.1,12.9,10.3,55.6,2.1,17.6,44.1,29.5,35.9,29.3,1006.3,1029.8,1019.1,23.9,48,35.7,31.2,25.3
1795618800,21.5,10.5,8.6,55,4.3,18,44.6,30.1,38.1,27,1006.5,1030.2,1019.2,27,50,38,33.3,18.6
1795622400,23,12.7,8.9,53.8,1.7,18.1,44.6,30.4,40.1,25.1,1006.3,1029.5,1018.9,28.9,53.1,40,35,11.5
1795626000,21.5,13.8,8.5,54.1,2.2,18.1,45,30.5,41.7,23.3,1006.6,1028.7,1018.4,30.2,54,41.7,36.8,8.2
1795629600,20.8,13.4,7.4,56.3,2.1,17.6,45,30.1,42.4,22.7,1005.5,1028.3,1017.6,31.1,55.9,42.4,37.3,5.9
1795633200,17.3,14.3,8.3,58.4,1.7,17.6,46,30.2,43.3,21.7,1005.6,1027.7,1017.2,32,57,43.3,38.7,7.1
1795636800,20.1,13.4,10,55,1.4,17.2,46.4,29.8,43.1,22,1005.3,1027.5,1017.1,31.1,57.2,43,38.3,4.5
1795640400,19.1,14.6,9.4,55.4,1.4,16.2,46.4,29.4,42.2,22.9,1006.5,1027.9,1017.6,30.9,55.9,42.2,37.4,5.4
1795644000,16.2,15.7,11.5,54.9,1.6,17.1,46,29,40.2,24.8,1006.6,1027.7,1017.9,29.1,53.1,40.2,35.6,13.5
1795647600,13.8,18.3,9.7,56.8,1.4,16.2,45,29,38.4,26.6,1007.4,1028.3,1018.3,26.6,51.1,38.4,34.1,17.1
1795651200,12.2,20.4,9.6,55.7,2.1,17.1,45,28.9,37.4,27.6,1007,1028.1,1018.2,26.2,50,37.4,33,19.4
1795654800,11.3,23.5,7,56.3,1.9,15.8,45,28.7,36.4,28.7,1007,1028.4,1018.3,25.2,48.9,36.3,32.3,24.9
1795658400,12.9,23.1,7.9,55.2,0.9,15.8,44.6,28.5,35.6,29.4,1006.6,1028.4,1018.3,24.1,48.9,35.6,31.4,27.4
1795662000,8.9,22,9.8,57.5,1.9,14.9,44.6,28.4,35.2,29.8,1006.9,1028.7,1018.3,23,48.2,35.2,31.3,28.4
1795665600,8.9,21.3,8.2,59.7,1.9,14.2,43,28.1,34.6,30.4,1007,1028.8,1018.4,21.9,48.2,34.6,30.5,29.7
1795669200,8.6,21.5,8.6,60.1,1.2,14.6,43,28.1,34.2,30.8,1006.6,1028.3,1018.2,21.9,48.1,34.2,30.1,29.9
1795672800,11.1,21.2,6.7,59.5,1.5,15.1,43,28.1,33.8,31.2,1006.2,1027.8,1018,21.9,48,33.8,29.6,30.2
1795676400,11,19.8,6.5,60.3,2.5,15.1,44.1,28.1,33.6,31.5,1006.2,1028.7,1018.1,21.2,46.9,33.5,29.4,31
1795680000,10.7,19,6.3,63.2,0.8,15.1,43,28,33.4,31.7,1005.3,1028.4,1017.8,21,46.4,33.3,29.2,31.3
1795683600,11.1,18,6.9,63.5,0.5,15.1,42.8,27.9,33.3,31.7,1004.9,1028.4,1017.7,21.2,46,33.3,29,31.4
1795687200,9.1,18.3,7.9,63,1.7,15.1,42.8,27.9,33.1,32,1004.9,1028.3,1017.6,20.8,46,33,28.8,32.4
1795690800,9.8,17.6,6.8,62.3,3.4,15.3,42.8,27.8,33.1,31.9,1005.1,1028.9,1017.9,19.9,45,33.1,28.7,27.8
1795694400,13,12.8,9.2,61.5,3.5,15.1,42.8,27.7,33,32.1,1005.6,1029.4,1018.3,19.4,46,32.9,28.6,28
1795698000,17.2,13.3,10.7,56.9,1.9,15.1,42.8,28,33.3,31.8,1006.2,1029.7,1018.7,19.9,46,33.2,28.8,28.3
1795701600,18.8,13.5,10.6,55.1,1.9,17.1,44.1,29.2,35.7,29.5,1006.1,1029.6,1018.8,23.2,48,35.5,30.9,24.5
1795705200,22.2,10.5,8.9,54.3,4.1,17.6,44.6,29.8,37.9,27.2,1006.1,1030.2,1018.9,25.2,50,37.8,32.9,17.9
1795708800,23.2,12.7,8.4,53.6,2.2,18,44.6,30,39.8,25.3,1005.8,1029.5,1018.6,28.2,53.6,39.7,34.6,10.8
1795712400,22.8,13.6,8.2,53.3,2.2,18,45,30.1,41.5,23.6,1005.8,1028.7,1018.1,29.1,54,41.4,36.4,7.7
1795716000,21.9,13.2,7.2,55.4,2.3,17.2,45,29.7,42.2,22.9,1004.9,1027.9,1017.2,30.2,55.9,42.1,37,5.3
1795719600,17.3,14,9,58.1,1.7,17.2,46,29.8,43.1,22,1004.9,1027.6,1016.9,31.1,57.2,43.1,38.3,7.1
1795723200,20.5,13.6,10.7,53.2,1.9,16,46.4,29.5,42.9,22.2,1005,1027.5,1016.8,30.9,57.2,42.8,38,4.5
1795726800,18.8,14.5,10.5,54.9,1.4,15.8,46.4,29,41.8,23.2,1006.4,1027.9,1017.3,29.1,55.4,41.8,37,4.7
1795730400,16.4,15.7,11.7,54.6,1.6,16,46,28.7,39.9,25.1,1006.4,1027.6,1017.6,28,53.6,39.9,35.2,12.5
1795734000,15.1,18.2,9.7,55.7,1.4,15.3,45,28.6,38.2,26.8,1007,1028.1,1018.1,26.1,51.1,38.2,33.8,16.5
1795737600,12.6,19.9,10,55.4,2.1,16.2,45,28.5,37.2,27.8,1007,1027.9,1017.9,25,50,37.2,32.7,18.7
1795741200,11.3,22.9,6.9,56.7,2.1,15.3,44.6,28.4,36.1,28.9,1006.8,1028.4,1018.1,23.2,48.9,36.1,31.9,24.2
1795744800,12.6,22.8,7.8,55.9,0.9,14.2,44.1,28.2,35.4,29.6,1006.2,1028.5,1018,22.1,48.2,35.4,31,26.9
1795748400,9.5,21.6,9.3,57.8,1.9,14.2,44.1,28.1,34.9,30.1,1006.2,1028.7,1018.1,22.1,48.2,34.9,30.9,27.4
1795752000,9.2,20.6,8,60.5,1.7,14,43,27.8,34.4,30.7,1006.6,1028.8,1018.1,21.2,48.2,34.4,30.2,29.2
1795755600,8.8,21.2,8.3,60.6,1.2,14,43,27.8,34,31,1006,1028.3,1017.9,21.2,48.1,34,29.8,29.9
1795759200,10.8,20,7.1,60.1,2,14,43,27.8,33.7,31.4,1005.3,1027.8,1017.6,21.2,48,33.6,29.4,30.6
1795762800,11,19.3,6.8,60.8,2.3,14,44.1,27.8,33.4,31.6,1005.2,1028.7,1017.7,21,46.9,33.4,29.1,30.3
1795766400,11.1,19.2,6.3,62.6,0.8,14.2,43,27.7,33.2,31.9,1004.1,1028.4,1017.4,20.1,46.4,33.1,28.9,30.9
1795770000,12.1,18,6.7,62.7,0.5,14,42.8,27.6,33,32,1004.5,1028.5,1017.4,21,46,33,28.5,29.9
1795773600,8.9,18.3,7.9,63,2,14,42.1,27.6,32.8,32.3,1004.5,1028.2,1017.2,19.9,45.9,32.7,28.3,31.2
1795777200,10.5,17.9,6.1,62,3.4,14,42.1,27.4,32.8,32.3,1004.8,1028.9,1017.5,19.9,45,32.7,28.2,26.9
1795780800,13.2,12.2,9.9,61.2,3.5,14,42.1,27.4,32.6,32.4,1004.6,1029.4,1018,19.2,46,32.6,28.1,27.1
1795784400,17.4,13,11.1,56.5,1.9,14,42.8,27.5,32.9,32.2,1005.3,1029.7,1018.3,19.4,46,32.8,28.2,28.1
1795788000,18.6,13.5,10.9,54.8,2.2,16.2,44.1,28.8,35.2,29.9,1005.6,1029.8,1018.4,23,47.8,35.1,30.4,24.8
1795791600,22,10.8,9.3,54.1,3.8,17.1,44.6,29.4,37.4,27.6,1005.9,1030.2,1018.5,24.8,50,37.4,32.4,18.1
1795795200,22.3,12.9,8.4,54.2,2.2,17.1,44.6,29.6,39.3,25.8,1005.7,1029.5,1018.4,26.6,53.1,39.2,34,11.3
1795798800,22.2,13.8,8.5,53.6,1.9,17.2,45,29.6,40.9,24.2,1005.3,1028.7,1017.9,28.9,53.6,40.9,35.7,8.1
1795802400,21.7,13.4,6.7,56.1,2.1,16,45,29.3,41.8,23.3,1004.9,1027.9,1017,29.1,55.9,41.7,36.4,5.5
1795806000,17.4,13.4,8.7,58.4,2.1,16.2,46,29.4,42.7,22.4,1004.9,1027.6,1016.6,30.2,57,42.6,37.7,6.6
1795809600,21,13.4,9.8,53.9,1.9,15.8,46,29.1,42.4,22.7,1005,1027.5,1016.7,30.2,57.2,42.4,37.4,4.8
1795813200,20.4,13.5,10.7,53.8,1.7,15.8,46.4,28.7,41.4,23.7,1006.2,1027.9,1017.2,29.1,55.4,41.4,36.4,4.3
1795816800,16.2,14.8,12.2,55.2,1.6,15.8,45.9,28.3,39.4,25.6,1006.4,1027.6,1017.5,27,52.9,39.4,34.6,12.3
1795820400,15.1,17.9,10.8,54.8,1.4,15.1,45,28.1,37.7,27.3,1007,1028.2,1018,25.2,51.1,37.7,33.2,17.1
1795824000,13.1,19,10.8,55,2.1,16,45,28.1,36.8,28.2,1007,1027.9,1017.9,24.3,50,36.8,32.1,18.8
1795827600,11.9,22.1,7.9,56,2.1,14,44.6,27.9,35.7,29.3,1007,1028.3,1018,23,48.2,35.7,31.3,24.6
1795831200,12.4,22.3,8,56.1,1.1,14,43,27.7,34.9,30.1,1006.2,1028.3,1017.9,21.9,48.2,34.9,30.4,26.7
1795834800,9.5,21.4,8.8,58.4,1.9,14,44.1,27.7,34.6,30.4,1006.2,1028.6,1018,21.2,48.2,34.6,30.4,26.5
1795838400,9,20.3,8.7,60.4,1.7,13.1,43,27.4,34.1,31,1006.6,1028.5,1018.1,21.2,48,34,29.7,28.7
1795842000,8.7,20.3,9,60.8,1.2,13.6,42.9,27.4,33.7,31.4,1006,1028.2,1017.9,21.2,48,33.6,29.3,29.9
1795845600,10.1,18.9,7.4,61.4,2.2,14,42.8,27.3,33.2,31.8,1005.4,1027.8,1017.6,21.2,48,33.2,28.9,31.1
1795849200,10.4,18.6,6.4,62.4,2.2,14,43,27.3,33,32.1,1005.4,1028.2,1017.6,21,46.4,32.9,28.5,30.4
1795852800,11.3,18.1,6.3,63.5,0.8,14,42.8,27.2,32.8,32.3,1004.7,1028.4,1017.5,20.1,45.9,32.7,28.4,31.2
1795856400,12,17.1,6.4,64.1,0.5,13.1,42.8,27.1,32.5,32.5,1004.5,1028.4,1017.4,19.9,45.9,32.5,28,30.7
1795860000,9.4,17.3,7.4,64.2,1.7,14,42.8,27.1,32.4,32.7,1004.6,1028.2,1017.3,19.9,45,32.3,27.8,31.5
1795863600,10.5,17.3,5.9,63.2,3.2,14,42.8,27.1,32.4,32.6,1004.8,1028.6,1017.6,19.9,45,32.4,27.7,27
1795867200,13.6,11.5,9.4,62.1,3.3,14,42.1,27,32.3,32.8,1005,1029.1,1018.1,19,46,32.2,27.7,27.9
1795870800,17.9,12.3,10.6,57.2,1.9,14,42.8,27,32.5,32.6,1005.4,1029.2,1018.4,19.2,46,32.4,27.7,27.5
1795874400,18.8,12.8,10.1,55.8,2.4,15.8,44.1,28.3,34.7,30.4,1005.7,1029.2,1018.4,21.9,46.9,34.6,29.7,24
1795878000,21.1,10,9.8,55.5,3.6,16.2,44.6,28.9,36.8,28.3,1006.1,1029.9,1018.6,24.8,50,36.7,31.7,18.3
1795881600,21.2,12.4,9.1,54.9,2.4,16.2,44.6,29.2,38.8,26.3,1005.8,1029,1018.4,26.6,53.1,38.7,33.3,11.4
1795885200,22.4,13.2,8.7,53.8,1.9,16.2,45,29.2,40.4,24.7,1005.4,1028.6,1017.8,28.4,54,40.3,35,8.6
1795888800,19.9,13.2,7.2,57,2.8,15.8,45,29,41.2,23.9,1005,1027.6,1017.1,28.9,55.9,41.1,35.8,6.2
1795892400,16,13.6,8.5,59.5,2.4,16,46,29.1,42.1,22.9,1005,1027.4,1016.7,30,57.2,42.1,37,6.9
1795896000,20.3,13.4,9.3,54.4,2.6,15.8,46.4,28.8,41.9,23.2,1005.3,1027.1,1016.8,30,57.2,41.8,36.7,5.3
1795899600,20.8,13.2,10.6,53.5,1.9,15.3,46.4,28.3,40.8,24.3,1006.4,1027.6,1017.2,28.4,55.9,40.8,35.6,4.7
1795903200,15.3,14.8,12.2,56.6,1.2,15.3,46,28,38.9,26.1,1006.6,1027.5,1017.5,26.6,53.1,38.9,34,12.8
1795906800,14.3,17.6,10.6,56.1,1.4,14.2,45,27.8,37.4,27.6,1007.2,1027.9,1018,25,51.8,37.4,32.8,16.9
1795910400,12.6,19.2,9.8,56,2.3,15.3,45,27.8,36.5,28.6,1007,1027.8,1017.9,24.1,50,36.4,31.5,17.5
1795914000,11,22,8,56.9,2.1,14,44.6,27.6,35.4,29.6,1007,1028,1018.1,22.1,48.9,35.4,30.8,23.3
1795917600,11.5,21.9,8.1,57,1.4,14,43,27.4,34.7,30.4,1006.6,1028,1018,21.2,48.2,34.6,29.9,25.4
1795921200,8.9,21.7,7.9,59.7,1.9,14,43.9,27.4,34.4,30.6,1006.7,1028.4,1017.9,21.2,48.2,34.4,30,25.2
1795924800,8.1,21.1,8.5,60.7,1.7,12.2,43,27,33.7,31.3,1007,1028.2,1018.1,19.9,48.2,33.7,29.2,28.3
1795928400,8.7,20.3,8.9,60.9,1.2,12.6,42.9,26.9,33.3,31.7,1006.5,1027.8,1017.9,20,47.5,33.3,28.8,29.1
1795932000,9.6,19,7.4,61.7,2.2,12.9,42.8,26.8,32.9,32.1,1006.1,1027.4,1017.6,20.1,46.9,32.9,28.4,29.8
1795935600,11.4,18.9,6.2,60.7,2.7,12.9,43,26.9,32.7,32.3,1006.1,1028,1017.6,19.9,46.4,32.7,28.2,29.6
1795939200,10.4,19,6.9,62.7,1,14,42.8,26.9,32.5,32.6,1005.3,1027.8,1017.5,19.4,45,32.4,28,30.5
1795942800,10.8,18.2,6.9,63.6,0.5,12.2,42.8,26.7,32.3,32.8,1004.8,1028.2,1017.4,19.4,45.9,32.2,27.7,29.3
1795946400,9.6,18,6.9,64,1.5,14,42.8,26.8,32.2,32.9,1004.9,1028.1,1017.3,19.2,45.9,32.1,27.5,30.9
1795950000,11.2,17.1,5.6,62.9,3.2,12.9,42.1,26.8,32.2,32.9,1004.9,1028.1,1017.5,19.2,45,32.1,27.5,26.5
1795953600,13.9,11.6,9,62.2,3.3,13.1,42.1,26.8,32.1,33,1005,1028.5,1017.9,18.1,46,32,27.5,28.2
1795957200,19.3,11.8,10.9,56,1.9,14,42.8,26.7,32.2,32.9,1005.3,1029.1,1018.3,19,46,32.1,27.4,27.4
1795960800,20,12.7,9.4,55.5,2.4,15.1,44.1,27.9,34.4,30.8,1005.6,1028.9,1018.3,21.9,46.9,34.2,29.3,23.6
1795964400,21.2,10.1,9.6,56,3.1,15.8,44.6,28.4,36.5,28.6,1005.9,1029.3,1018.5,24.3,50,36.4,31.2,17
1795968000,21.6,12.4,9,54.6,2.4,15.8,44.6,28.8,38.4,26.7,1005.6,1028.6,1018.2,26.6,53.6,38.4,32.9,10.7
1795971600,23.5,12.9,8.2,53.5,1.9,16,45,28.9,40,25.1,1004.8,1028.4,1017.6,28.2,54,39.9,34.5,8.5
1795975200,19.9,12.5,7.2,57.6,2.8,15.8,45,28.7,40.9,24.2,1004.6,1027.4,1016.9,28.4,55.9,40.8,35.3,6.2
1795978800,16.3,13.4,8.5,59.2,2.6,15.1,46,28.7,41.8,23.3,1004.8,1027,1016.5,29.8,57.2,41.7,36.5,6.7
1795982400,20.7,12.9,8.6,55.2,2.6,15.8,46,28.4,41.5,23.6,1004.9,1026.8,1016.5,28.9,57.2,41.5,36.3,5.5
1795986000,19.9,13.3,10.2,54.5,2.1,14.2,46,28,40.4,24.6,1006.2,1027,1017,28,55.4,40.4,35.2,4.7
1795989600,13.9,15.3,12,57.6,1.2,14,44.6,27.5,38.6,26.5,1006.4,1027,1017.2,26.6,52.9,38.6,33.5,11.8
1795993200,13.9,18.1,9.6,56.9,1.4,14,44.6,27.5,37.1,28,1007,1027.7,1017.8,25,51.1,37,32.3,15.8
1795996800,11.5,18.8,10.4,56.9,2.4,14,44.6,27.5,36.2,28.9,1007,1027.7,1017.7,23.9,48.9,36.1,31.1,16.4
1796000400,11.2,22.2,7.7,57.1,1.6,14,43.9,27.2,35,30,1007,1028,1017.9,22.1,48.2,35,30.2,22.4
1796004000,10.4,21.5,7.6,59.1,1.4,13.1,42.8,27.1,34.4,30.6,1006.1,1027.8,1017.7,21.2,48.2,34.4,29.5,24.3
1796007600,8.1,21.1,7.7,61.3,1.9,14,43,27.1,34.1,31,1006.2,1028.2,1017.7,21,48,34,29.6,25.6
1796011200,7.6,20.5,8.8,61.2,1.9,12.2,42.8,26.7,33.4,31.7,1006.6,1028.1,1017.8,19.9,48,33.3,28.8,27.6
1796014800,8.1,20.6,8.9,61.2,1.2,12.6,42.5,26.5,33,32.1,1006,1027.5,1017.5,19.6,47.2,32.9,28.4,29
1796018400,9.9,19.3,7.2,61.7,2,12.9,42.1,26.4,32.5,32.5,1005.4,1027,1017.3,19.4,46.4,32.5,28,30.3
1796022000,11.7,19.5,5.5,60.8,2.5,12.9,43,26.5,32.4,32.7,1005.7,1027.6,1017.4,19.4,46.4,32.3,27.8,29.6
1796025600,10.4,19.7,6.3,62.5,1,12.9,41.9,26.4,32.1,32.9,1004.7,1027.6,1017.2,19.4,45,32.1,27.6,29.7
1796029200,11,18.6,6.4,63.5,0.5,12.2,42.1,26.3,31.9,33.1,1004.2,1027.7,1017.1,19.4,45,31.9,27.2,28.6
1796032800,9.6,17.6,7.1,64,1.7,14,41,26.5,31.8,33.2,1004.6,1027.7,1017,19.2,45,31.8,27.1,30.4
1796036400,10.9,17.2,5.3,63.3,3.2,12.2,42.1,26.5,31.9,33.2,1004.9,1027.7,1017.3,18.1,45,31.8,27,26.7
1796040000,13.9,11.6,9.2,62,3.3,12.9,42.1,26.4,31.8,33.3,1005.1,1028.3,1017.7,18,45,31.7,27.1,28.3
1796043600,18.8,12.1,10.9,56,2.2,13.1,42.1,26.2,31.9,33.3,1005.7,1028.8,1018.1,19,46,31.7,26.9,26.9
1796047200,19.3,12.1,9.9,56.5,2.2,15.1,43,27.5,33.9,31.2,1005.6,1028.5,1018.1,21.2,46.9,33.8,28.7,23.1
1796050800,21.7,9.6,8.9,56.9,2.9,15.8,43,28,36,29.1,1005.9,1029,1018.3,24.1,50,35.9,30.6,16.2
1796054400,21.2,11.4,8.6,56,2.9,15.8,43,28.3,37.9,27.2,1005.7,1028.5,1018.1,26.1,52.9,37.8,32,9.5
1796058000,23.9,12,7.7,54.5,1.9,15.3,44.6,28.3,39.5,25.7,1005.4,1028.3,1017.5,27.9,53.6,39.3,33.6,7.6
1796061600,20,11.2,7.2,59.1,2.6,15.3,44.6,28.1,40.3,24.8,1004.9,1027.2,1016.7,28.2,55.4,40.2,34.5,5.5
1796065200,16.6,12.1,8.5,60.2,2.6,14.2,45,28.2,41.2,23.9,1004.9,1027,1016.4,28.9,57,41.2,35.7,6.7
1796068800,21,11.8,8.7,55.8,2.6,14.9,45,28,41,24.1,1004.9,1026.8,1016.4,28.4,56.8,40.9,35.6,5.9
1796072400,20.4,11.8,9.7,55.7,2.4,14,44.6,27.4,39.8,25.2,1006.2,1027,1017,27.9,55,39.8,34.4,4.7
1796076000,13.8,14.3,11.7,59.1,1.2,14,43,27,38.1,27,1006.2,1026.8,1017.2,26.1,52,38,32.9,11.3
1796079600,13.4,16.9,10.1,58.1,1.4,13.1,43.9,27,36.7,28.4,1007,1027.5,1017.7,25,51.1,36.6,31.8,15.7
1796083200,10.8,17.9,10.4,58.3,2.6,12.9,43.9,27,35.8,29.2,1007,1027.4,1017.7,23.2,48.9,35.8,30.6,15.9
1796086800,11.9,21.3,7,58.2,1.6,14,42.8,26.8,34.7,30.3,1007,1027.9,1017.9,21.9,48.2,34.7,29.9,22.1
1796090400,10.4,20.5,7.1,60.4,1.6,12.9,42.1,26.7,34.1,30.9,1006.1,1027.8,1017.8,20.1,48.2,34.1,29.2,22.9
1796094000,7.9,19.8,8.2,62.7,1.4,12.9,42.1,26.8,33.9,31.2,1006,1028,1017.7,20.1,48,33.8,29.3,23.9
1796097600,7.8,19.5,9,62.2,1.4,12,42.1,26.2,33.1,31.9,1006.6,1028.1,1017.9,19.9,48,33.1,28.4,26.7
1796101200,8.4,19.6,8.8,62.3,1,12.1,41.5,26.1,32.7,32.3,1006,1027.5,1017.6,19.6,47,32.7,28,28.3
1796104800,11.1,18.9,6.9,61.4,1.7,12.2,41,26,32.2,32.8,1005.4,1027,1017.4,19.4,46,32.2,27.6,29.9
1796108400,11.7,18.5,5.5,61.8,2.5,12.2,41,26,32.1,33,1005.8,1027.9,1017.5,19,46,32,27.4,28
1796112000,9.8,19.9,6.3,63,1,12.2,41,26,31.8,33.2,1005.2,1027.8,1017.3,17.6,45,31.8,27.1,29.6
1796115600,10.3,18.6,6.1,64.5,0.5,12.2,41,26,31.7,33.3,1004.5,1027.7,1017.2,18.9,45,31.7,26.8,27.3
1796119200,9,17.8,7.1,64.2,1.9,12.2,41,26,31.5,33.6,1004.8,1027.9,1017.2,17.6,44.6,31.4,26.7,29.7
1796122800,11,17.6,6.2,61.9,3.3,12.2,42.1,26,31.5,33.6,1004.9,1028.1,1017.4,17.6,44.6,31.4,26.6,25.9
1796126400,13.8,12.6,8.9,61.6,3,12.2,41,25.9,31.4,33.7,1005.4,1028.5,1017.9,17.6,45,31.3,26.5,27
1796130000,18.7,12.2,11,56.4,1.7,12.2,41,25.7,31.4,33.7,1006.2,1028.9,1018.3,18.1,45,31.3,26.4,26.1
1796133600,18.5,12,9.9,57.7,1.9,14,42.8,27,33.4,31.6,1005.7,1029.1,1018.3,21.2,46.4,33.4,28.1,21.1
1796137200,20.3,9.8,10.5,57,2.4,15.1,42.8,27.5,35.5,29.6,1005.9,1029.3,1018.5,23,50,35.4,30,15.9
1796140800,20,11,9.1,57.3,2.6,15.1,42.1,27.8,37.3,27.8,1005.7,1028.7,1018.3,24.8,51.8,37.2,31.4,10.2
1796144400,23.2,10.5,8.4,55.6,2.4,15.1,43,27.8,38.9,26.3,1005.4,1028.4,1017.8,26.6,52,38.7,32.9,8.5
1796148000,18.8,10,8.6,60.3,2.3,14.9,44.1,27.7,39.6,25.5,1004.9,1027.5,1017,28,54,39.5,33.6,5.6
1796151600,16.4,11.4,9.5,60.3,2.4,14,44.6,27.7,40.5,24.6,1004.9,1027.4,1016.7,28.4,55.9,40.5,34.8,6.7
1796155200,21.7,11.8,8.3,55.4,2.8,14.2,45,27.4,40.3,24.8,1004.7,1027.1,1016.7,28.2,55.4,40.3,34.9,6.6
1796158800,20.1,11.6,10.2,55.8,2.4,14,44.1,27,39.2,25.9,1006.2,1027.5,1017.2,27,54,39.1,33.6,4.7
1796162400,13.6,13.8,11.7,59.3,1.6,14,43,26.6,37.4,27.6,1006.2,1027.6,1017.5,25,51.8,37.4,32.1,11.7
1796166000,13.3,16.9,10.5,57.6,1.6,13.1,43,26.5,36,29,1007,1027.9,1018,24.8,50,36,31,16.4
1796169600,11.4,17.8,10,58.1,2.8,12.9,42.8,26.5,35.1,29.9,1007,1027.9,1018.1,23,48.2,35.1,29.8,16.9
1796173200,11.9,21.3,7.3,57.8,1.6,14,42.1,26.3,34.1,31,1007,1028.5,1018.2,21.2,46.9,34,29.1,22.2
1796176800,9.9,20.3,7.2,60.5,2.1,12.9,39.9,26.2,33.5,31.5,1006.1,1028.1,1018.1,20.1,46.4,33.5,28.4,23.1
1796180400,8.4,19.3,8.6,62.2,1.4,12.2,41,26.2,33.2,31.9,1006,1028.5,1018,19.9,46.4,33.1,28.5,24.3
1796184000,8.3,19.7,9.3,61.3,1.4,11.8,41,25.7,32.4,32.6,1006.9,1028.5,1018.2,18.1,45.9,32.4,27.6,27.9
1796187600,9.3,19.3,8.6,61.8,1,11.9,40.1,25.5,32,33,1006.3,1028,1017.9,18.5,45.5,32,27.3,29.5
1796191200,10.5,18.1,7.1,62.1,2.2,12,39.2,25.4,31.6,33.4,1005.8,1027.4,1017.6,18.9,45,31.6,26.9,31.2
1796194800,11.2,17.7,6,62.2,3,12.2,39.9,25.5,31.4,33.6,1006.2,1028.2,1017.7,18,44.6,31.4,26.7,29.3
1796198400,9.8,18.9,7.1,63.1,1,12.2,39.9,25.3,31.1,33.9,1005.5,1027.8,1017.6,17.2,44.6,31.1,26.4,31
1796202000,10.3,17.7,6.9,64.4,0.7,11.8,41,25.4,31.1,33.9,1004.8,1028.3,1017.5,18.1,44.6,31.1,26.2,28.7
1796205600,9.5,16.8,7.8,63.9,2,12.2,39.9,25.4,30.8,34.2,1005,1028.2,1017.4,17.1,44.6,30.8,26,31
1796209200,11,17.4,6.4,61.6,3.6,11.8,41,25.5,30.9,34.1,1005.1,1028.7,1017.7,17.6,44.6,30.9,25.9,26.2
1796212800,14.3,12.9,8.9,60.8,3.1,11.8,39.9,25.3,30.8,34.3,1005.6,1028.9,1018.2,17.6,44.6,30.7,25.9,27
1796216400,17.3,12,11.1,57.9,1.7,11.8,39.9,25.1,30.8,34.3,1006.3,1029.2,1018.6,17.6,44.6,30.7,25.7,26
1796220000,18.6,11.8,9.7,57.7,2.2,12.2,42.1,26.4,32.8,32.3,1005.7,1029.4,1018.6,19.9,45,32.7,27.4,21.5
1796223600,20.1,9.6,10.8,57.4,2.2,14,41,26.9,34.8,30.2,1006,1029.7,1018.7,23,48,34.8,29.2,16.9
1796227200,19.1,12.2,9.1,56.9,2.6,14,41,27.3,36.7,28.4,1005.7,1028.9,1018.5,24.1,50,36.6,30.7,11.2
1796230800,22.7,11.5,8.4,55.3,2.2,14,42.8,27.4,38.3,26.9,1005.4,1028.7,1018,25.2,52,38.2,32.2,8.8
1796234400,18.8,10.2,8.4,60.2,2.3,14,42.8,27.3,39.2,25.9,1005,1027.6,1017.1,27,53.6,39.1,33.2,6
1796238000,15.8,11.8,9.5,60.5,2.4,13.1,44.1,27.3,40,25.1,1004.9,1027.7,1016.8,28,55.4,39.9,34.1,6.7
1796241600,20.9,12.6,8.1,55.6,2.9,12.9,44.1,27.2,40,25.1,1004.9,1027.3,1016.8,28,55.4,39.9,34.4,6.2
1796245200,19,12.8,9.5,56.2,2.6,14,42.1,26.7,38.8,26.2,1006.5,1027.9,1017.4,26.6,53.6,38.8,33.2,5.2
1796248800,14,14,11.2,59.1,1.6,12.9,42.1,26.3,37,28,1006.4,1027.6,1017.5,24.8,50.9,37,31.7,11.3
1796252400,13.4,17.4,10.6,57,1.6,13.1,41.9,26.3,35.5,29.5,1007.2,1028.1,1018.1,23,50,35.5,30.6,17.1
1796256000,10.6,17.9,11.1,57.5,2.8,12.9,42.8,26.2,34.7,30.4,1007,1028,1018.1,23,46.9,34.6,29.5,17.8
1796259600,11.3,21.9,7.5,57.6,1.6,12.9,41,26,33.6,31.4,1007,1028.7,1018.3,21.2,46.4,33.6,28.7,22.9
1796263200,9.7,20.4,7.6,60.2,2.1,12.2,39.9,25.9,33.1,31.9,1006.2,1028.4,1018.1,19.4,46.4,33.1,28,23.2
1796266800,8.4,19.7,8.7,62.1,1.2,12,39.9,25.9,32.8,32.2,1006.2,1028.4,1018.1,18.9,46.4,32.8,28.1,24.3
1796270400,8.6,19,9.5,61.4,1.4,10.9,39.9,25.4,32,33,1007.2,1028.4,1018.3,18,45,32,27.3,29
1796274000,9.6,19.6,8.6,61.5,0.7,10.9,39.5,25.3,31.6,33.4,1006.7,1028,1018,18,44.8,31.6,27,29.9
1796277600,10.4,18.6,7.2,61.9,2,10.9,39.2,25.1,31.3,33.7,1006.1,1027.5,1017.6,18,44.6,31.3,26.6,30.9
1796281200,11.1,18.4,6,61.7,2.8,10.9,39.2,25.1,31.1,33.9,1006.6,1028.2,1017.8,17.6,44.6,31.1,26.4,29.3
1796284800,9.9,18.1,7.6,63.4,1,10.9,39.2,24.9,30.8,34.2,1005.6,1028,1017.6,17.1,44.6,30.8,26.1,30.8
1796288400,10.4,17.3,6.4,64.6,1.2,10.4,39.9,25.1,30.8,34.2,1004.9,1028.4,1017.5,18,44.6,30.8,25.9,28.7
1796292000,9.6,16.5,8.4,63.6,2,10.9,39.2,25,30.5,34.5,1005.3,1028.2,1017.4,16.2,44.1,30.5,25.7,30.8
1796295600,11.3,17.8,6.7,61,3.1,10.4,39.9,25,30.6,34.4,1005.3,1028.7,1017.7,17.2,44.1,30.6,25.6,25.7
1796299200,13.9,12.9,8.9,61.4,2.8,10.4,39.9,25.1,30.7,34.4,1005.7,1028.9,1018.1,17.6,44.1,30.6,25.9,28
1796302800,18.3,11.5,11.1,57.5,1.7,10.9,39.9,24.9,30.6,34.5,1006.3,1029.1,1018.5,16.9,43,30.5,25.5,25.8
1796306400,18.3,12.3,9.2,58.3,1.9,11.8,41,26,32.5,32.5,1006.1,1029.3,1018.5,19.9,44.6,32.5,27.1,21.5
1796310000,18.9,9.6,11,58,2.4,12.2,41,26.6,34.5,30.5,1006.1,1029.3,1018.6,21.9,46.9,34.5,28.8,15.8
1796313600,18.6,12.4,8.3,58.1,2.6,13.1,41,27.1,36.4,28.7,1006,1028.9,1018.4,24.1,48.2,36.4,30.3,10.5
1796317200,21.4,11.2,7.8,57.5,2.1,14,42.1,27.2,38,27.2,1006.2,1028.5,1017.8,25,51.8,37.8,31.8,8.7
1796320800,18.1,9.8,7.9,61.9,2.3,14,41,27,38.8,26.3,1005,1027.5,1017,26.6,52,38.7,32.6,5.1
1796324400,15.4,11.3,9.7,61.5,2.1,12.9,43,27,39.6,25.5,1004.9,1027.6,1016.7,27,55.4,39.5,33.6,5.9
1796328000,20.1,12.1,8.1,56.9,2.8,12.9,42.8,26.9,39.5,25.6,1004.7,1027.1,1016.6,27,55,39.5,33.8,5.7
1796331600,19.5,12.4,9,56.5,2.6,12.9,41,26.3,38.3,26.7,1006.5,1027.5,1017.2,26.2,53.6,38.3,32.6,5
1796335200,14.1,12.7,11.1,60.2,1.9,12.2,41,26,36.6,28.4,1006.5,1027.6,1017.3,24.8,50,36.6,31.2,10.8
1796338800,13.1,16.2,10.3,58.8,1.6,12.9,41,26.1,35.2,29.8,1007.2,1028.1,1017.9,23,48.2,35.2,30.2,17.2
1796342400,11.5,16.5,11.3,57.9,2.8,12.2,41,26.1,34.4,30.6,1007,1027.9,1017.9,22.1,46.9,34.4,29.1,16.7
1796346000,12.2,20.5,7.5,58.1,1.6,12.2,39.9,25.7,33.3,31.7,1006.8,1028.5,1018.1,20.8,46.4,33.3,28.2,21.1
1796349600,9,19.7,7.2,61.6,2.5,12,39.2,25.6,32.8,32.2,1005.9,1028.3,1017.9,19.4,46,32.8,27.7,22.4
1796353200,8.2,19.2,8.9,62.9,0.9,11.1,39.2,25.6,32.5,32.5,1006,1028.4,1017.9,18,45.9,32.5,27.7,23.8
1796356800,9.3,19.5,9.3,60.6,1.4,10.4,39.2,25.1,31.7,33.3,1006.8,1028.4,1018.1,18,45,31.7,26.9,28.3
1796360400,9.7,20,8.2,61.6,0.5,10.4,39.2,25,31.4,33.6,1006,1028,1017.8,18,44.8,31.4,26.5,28.9
1796364000,10.2,18.4,7.2,62.3,2,10.4,39.2,24.8,31.1,33.9,1005.3,1027.5,1017.4,18,44.6,31.1,26.2,29.5
1796367600,10.4,18.3,6.3,62.2,2.8,10.4,39.2,24.7,30.8,34.2,1005.7,1028.2,1017.6,17.1,44.6,30.8,25.9,28
1796371200,9,18.2,8.4,63.2,1.3,10.4,39.2,24.6,30.5,34.5,1005.1,1027.8,1017.4,16,44.6,30.5,25.8,30.8
1796374800,9.7,17.6,6.5,64.8,1.5,10.4,39.2,24.7,30.5,34.5,1004,1028.3,1017.4,17.6,44.6,30.5,25.5,27.7
1796378400,9.2,16.3,8.9,63.9,1.7,10.4,39.2,24.6,30.2,34.8,1004.9,1028.2,1017.4,16,44.1,30.2,25.4,30.6
1796382000,11.1,17.8,7,61,3.1,10.4,39.2,24.7,30.3,34.7,1005.1,1028.7,1017.6,17.1,44.1,30.3,25.1,25.6
1796385600,13.8,13.6,9.2,60.6,2.8,10.2,39.2,24.7,30.3,34.7,1005.4,1028.9,1018,17.6,44.1,30.3,25.4,27.5
1796389200,17.3,11.5,11.5,57.9,1.7,10.4,39.2,24.4,30.2,34.9,1006.3,1029.2,1018.5,16,43,30.1,25,24.8
1796392800,18.3,12.5,8.9,58.4,1.9,11.1,39.9,25.6,32.1,33,1005.7,1029.3,1018.4,19.4,44.6,32,26.6,21.6
1796396400,19,9.7,11.2,58.2,1.9,12,41,26.1,34.1,31,1005.9,1029.5,1018.6,21.2,46.4,34,28.2,15.5
1796400000,18.9,12.2,8.1,58,2.9,12.2,39.9,26.5,35.9,29.2,1005.7,1028.9,1018.4,23.2,48.2,35.8,29.6,11
1796403600,20.8,10.9,7.6,58.6,2.1,13.1,42.1,26.7,37.4,27.7,1005.4,1028.5,1017.8,24.8,50,37.3,31,9
1796407200,17.4,9.5,7.6,63,2.5,12.9,41,26.5,38.2,26.9,1004.6,1027.6,1016.9,26.2,51.8,38.1,31.8,5.3
1796410800,15.8,11.1,9.4,61.6,2.1,12,42.8,26.6,39,26.2,1004.3,1027.7,1016.7,27,54,38.9,32.7,6.4
1796414400,20,12.3,7.5,57.5,2.6,12.2,42.8,26.5,38.9,26.2,1004.9,1027,1016.6,27,53.6,38.8,32.9,5.4
1796418000,19.5,12.6,9,56.4,2.4,12.9,41,25.9,37.8,27.2,1006.4,1027.7,1017.2,25.2,53.1,37.8,31.9,4.7
1796421600,13.8,13.1,10.8,60.7,1.6,12.2,41,25.6,36.1,29,1006.8,1027.6,1017.4,24.3,48.9,36,30.5,10.4
1796425200,13.1,16.1,9.8,59.3,1.6,12.2,39.9,25.6,34.7,30.3,1007.4,1028.1,1017.9,21.2,47.8,34.7,29.4,16
1796428800,11.1,16.7,10.8,58.7,2.6,12.2,41,25.6,33.9,31.1,1007.4,1028,1018,21.2,46.4,33.9,28.4,17.3
1796432400,12.7,20,7.3,58.4,1.6,11.1,39.2,25.3,32.9,32.1,1007,1028.5,1018.1,19.9,46,32.9,27.6,20.4
1796436000,9,19.7,7.2,61.5,2.6,10.9,39.2,25.1,32.3,32.7,1006,1028.3,1017.9,19.2,45,32.3,27,22
1796439600,7.7,19.6,8.6,63.1,0.9,10.9,39.2,25.1,31.9,33.1,1006,1028.4,1017.9,18,45,31.9,27.2,24.5
1796443200,8.3,20.1,9,61.4,1.2,10.4,39.2,24.6,31.2,33.8,1006.8,1028.4,1018.1,17.6,44.6,31.2,26.3,27.7
1796446800,9,20.3,8,62.2,0.5,10.2,38.5,24.5,30.9,34.1,1006,1028.2,1017.8,17.4,44.3,30.9,26,28.3
1796450400,9.4,19.3,6.9,62.4,2,10,37.9,24.3,30.6,34.4,1005.3,1027.9,1017.4,17.2,43.9,30.6,25.7,28.9
1796454000,9.9,18.3,6.9,62.1,2.8,10,37.9,24.1,30.2,34.8,1005.2,1028.2,1017.5,16,43,30.2,25.2,27.4
1796457600,8.2,17.9,9.2,63.4,1.3,10.4,39.2,24.3,30.2,34.9,1004.5,1028.1,1017.3,15.8,44.1,30.1,25.3,29.6
1796461200,8.4,18.1,6.7,65.1,1.7,10,39.2,24.3,30,35,1003.8,1028.3,1017.3,15.8,43,30,24.9,27.7
1796464800,8.2,17.4,8.9,63.8,1.7,10.4,39.2,24.2,29.7,35.3,1004.8,1028.4,1017.3,16,43,29.7,24.7,30
1796468400,10.6,18,7.4,61.2,2.9,10.2,39.2,24.2,29.8,35.2,1004.9,1028.7,1017.5,16.2,42.8,29.8,24.6,26.2
1796472000,13.8,13.8,9.9,60.1,2.3,9.1,39.2,24.2,29.7,35.3,1005,1029,1018,16.2,43,29.7,24.7,26.6
1796475600,16.3,11.5,12.3,58.2,1.7,9.9,39,24,29.7,35.3,1005.4,1029.2,1018.3,15.8,42.8,29.7,24.5,24.8
1796479200,18.8,13,8.9,57.6,1.7,10.9,39.9,25.1,31.5,33.5,1005.6,1029.4,1018.3,18.1,44.6,31.5,26,21.6
1796482800,18.7,10.2,11.8,57.1,2.1,11.1,39.2,25.6,33.5,31.6,1005.9,1029.5,1018.6,21.2,46.4,33.4,27.5,15.4
1796486400,18.1,12.6,8.6,57.5,3.3,12.2,39.9,26.1,35.3,29.8,1005.7,1028.9,1018.3,23,46.9,35.2,29,10.9
1796490000,19.3,11.5,8.1,58.7,2.4,12.2,41,26.2,36.9,28.3,1005.4,1028.6,1017.8,24.8,50,36.7,30.4,9.1
1796493600,16.7,10,8.3,62.7,2.3,12.2,39.9,26.1,37.7,27.4,1004.3,1027.6,1016.8,25.2,51.1,37.6,31.2,5.4
1796497200,15.6,11.6,9.5,61.5,1.9,11.1,41,26.1,38.4,26.7,1004.2,1028,1016.7,26.2,53.1,38.3,31.9,6
1796500800,19.7,13,7.3,57.6,2.4,12.2,41,26,38.3,26.8,1004.7,1027.1,1016.6,26.2,53.6,38.3,32.3,5.9
1796504400,18.6,13.6,9.3,56.6,1.9,12.2,39.2,25.4,37.2,27.8,1006.2,1027.7,1017.1,25,52,37.2,31.1,4.5
1796508000,14,13.7,10.7,59.8,1.9,11.8,39.2,25.1,35.4,29.6,1006.6,1027.6,1017.4,23.2,46.9,35.4,29.8,10.3
1796511600,12.4,16.8,9.6,59.6,1.6,11.8,39.2,25.2,34.1,30.9,1007.3,1028.1,1017.9,21.2,46,34.1,28.7,17.2
1796515200,10.6,18.1,10.6,58.7,2.1,12,38.8,25,33.2,31.8,1007.4,1028.1,1018.1,20.1,45,33.2,27.8,17.6
1796518800,12,21,7.8,58,1.2,10.9,39,24.8,32.3,32.7,1007,1028.7,1018.1,19.4,45,32.3,27.1,20.6
1796522400,8.4,20.5,7,61.6,2.6,10.4,37.9,24.6,31.6,33.4,1006,1028.4,1017.9,18,44.1,31.6,26.3,22.4
1796526000,7.7,20.3,7.9,63.1,0.9,10.4,37.9,24.5,31.3,33.7,1006,1028.4,1018,17.2,44.6,31.3,26.4,24.1
1796529600,9,20.9,8.5,60.4,1.2,10.2,37.9,24.1,30.6,34.4,1006.8,1028.5,1018.2,17.1,43,30.6,25.6,27.5
1796533200,9.2,20.4,7.5,62.4,0.5,9.6,37.9,24,30.4,34.6,1006,1028,1017.8,17,43,30.4,25.4,27.3
1796536800,8.9,19.8,6.9,62.5,2,9.1,37.9,23.8,30.1,34.9,1005.3,1027.6,1017.4,16.9,43,30.1,25.1,27
1796540400,10.1,18.9,6.3,61.7,3,9,37.9,23.6,29.7,35.3,1005.2,1028.2,1017.6,15.3,43,29.7,24.6,27.3
1796544000,8.4,18.1,8.9,63,1.5,9.1,39,23.7,29.6,35.4,1004.5,1028,1017.4,15.3,43,29.6,24.7,29.7
1796547600,8.2,18.9,6.5,64.8,1.7,9.1,37.9,23.8,29.5,35.5,1003.9,1028.2,1017.3,14.9,43,29.5,24.4,27.6
1796551200,7.9,18.2,9.1,63.3,1.5,8.6,39,23.6,29.1,35.9,1005.3,1028.2,1017.5,15.1,42.8,29.1,24,30.3
1796554800,9.5,18.9,7.4,61.1,3.1,8.6,39,23.5,29.1,35.9,1005.5,1028.7,1017.7,14,42.8,29.1,23.8,25.6
1796558400,13.3,14.3,10.5,59.7,2.1,8.2,39.2,23.5,29.1,36,1005.6,1029.1,1018.2,14.9,42.8,29,24,27.3
1796562000,16.1,12.3,12.3,57.7,1.7,9,37.9,23.3,29.1,36,1006.4,1029.3,1018.6,14.2,42.8,29,23.8,25.8
1796565600,19,14,8.7,56.1,2.2,10,39.2,24.4,30.8,34.2,1005.7,1029.5,1018.6,17.2,44.1,30.8,25.2,22.4
1796569200,19.1,10.6,11.1,57.1,2.1,10.9,39,25,32.8,32.3,1006.4,1029.7,1018.8,19.9,46,32.7,26.7,15.9
1796572800,17.4,13.1,8.4,57.8,3.3,10.9,39.2,25.5,34.6,30.5,1006,1028.9,1018.5,22.1,46.9,34.5,28.1,11.2
1796576400,19.1,12,8.4,58.4,2.2,11.1,39.9,25.7,36.2,29,1006.2,1028.8,1018,24.1,48.2,36,29.7,9.8
1796580000,16.9,10.4,8.1,62,2.5,12,39.2,25.5,36.9,28.1,1005.3,1028.3,1017.1,24.8,50,36.9,30.5,6.1
1796583600,15.8,12,9.7,60.4,2.1,10.9,41,25.4,37.6,27.5,1004.3,1028.3,1016.9,25,51.8,37.6,31.1,6.9
1796587200,19.7,13.7,7.6,56.4,2.6,11.1,39.2,25.3,37.6,27.5,1005,1028,1016.8,25,51.8,37.5,31.4,6.6
1796590800,19,14,10,55,1.9,10.9,39,24.8,36.5,28.5,1006.5,1028,1017.3,24.8,50,36.5,30.3,4.9
1796594400,14.5,14.7,11.2,58,1.6,10.4,37.9,24.4,34.7,30.3,1006.8,1027.9,1017.5,21.2,46,34.7,28.9,10
1796598000,13.1,18,9.6,57.6,1.6,10.9,37.4,24.6,33.4,31.7,1007.2,1028.6,1018,19.9,46,33.3,27.9,17.2
1796601600,10.8,18.9,10.8,57.5,1.9,11.1,37.4,24.5,32.5,32.6,1007.4,1029.1,1018.3,19.2,44.6,32.4,26.9,17.6
1796605200,12.1,21.4,7.8,57.5,1.2,10.4,37.9,24.3,31.6,33.5,1006.9,1029.3,1018.3,18,43.9,31.5,26.2,21.4
1796608800,8.2,20.6,7.7,61.2,2.3,10.2,37.9,24.2,31,34.1,1005.9,1028.9,1018.1,17.6,43.9,30.9,25.5,22.4
1796612400,8.5,20.2,7.7,62.4,1.2,10.2,37.4,24,30.6,34.5,1005.8,1029.6,1018.2,16.2,43.9,30.5,25.5,24.7
1796616000,9.2,20.4,9,60.2,1.2,10,37.4,23.5,29.9,35.1,1006.6,1029.4,1018.4,16.2,42.8,29.9,24.9,28.4
1796619600,10,19.9,7.8,61.9,0.5,9.3,37.4,23.4,29.6,35.4,1005.9,1028.8,1018,16,42.8,29.6,24.6,27.4
1796623200,9.4,19.7,6.9,62.1,2,8.6,37.4,23.2,29.4,35.6,1005.1,1028.3,1017.6,15.8,42.8,29.4,24.3,26.3
1796626800,10.9,19.4,6.1,60.9,2.8,8.6,37.4,23.1,29.1,35.9,1004.9,1028.5,1017.7,14,43,29.1,23.9,26.8
1796630400,8.4,18.5,8.6,62.9,1.5,8.6,37.4,23.1,29,36,1004.5,1028.2,1017.5,12.9,42.8,29,24,30.1
1796634000,7.5,19,6.7,65.1,1.7,9,37.4,23.2,28.9,36.2,1003.8,1028.5,1017.5,14,42.8,28.8,23.7,28.6
1796637600,7.6,17.6,9.3,63.7,1.7,7.9,37.9,23,28.5,36.6,1004.9,1028.4,1017.7,14,42.8,28.4,23.3,30.3
1796641200,9.5,18.6,7.6,61.1,3.1,7.9,38.8,22.9,28.4,36.6,1005.5,1029.3,1017.9,12.9,42.8,28.4,23.1,25.5
1796644800,13.1,14.3,10.8,59.7,2.1,8.1,37.9,22.9,28.4,36.6,1005.4,1029.6,1018.4,13.1,42.1,28.4,23.2,26.5
1796648400,16.7,12.3,11.8,57.5,1.7,8.2,37.9,22.7,28.4,36.7,1006.4,1029.8,1018.7,13.1,42.8,28.3,23.1,26
1796652000,19.3,14,8.9,55.6,2.2,9.1,39,23.9,30.2,34.8,1005.6,1030.3,1018.8,16.9,44.1,30.2,24.5,22.5
1796655600,19.1,11.3,11.1,56.7,1.9,10.4,37.4,24.5,32.2,32.9,1006,1030.4,1019,19.4,45,32.1,26,16.8
1796659200,17,13.4,8.6,57.3,3.6,10.9,39,25,34,31.1,1005.7,1030,1018.6,21.2,46.4,33.9,27.4,12
1796662800,18.8,11.9,8.8,57.9,2.6,10.4,39,25.2,35.5,29.6,1005.4,1029.3,1018,24.1,48,35.4,29,10.2
1796666400,17,11,7.9,61.5,2.6,10.9,39,25.1,36.5,28.6,1004.3,1028.5,1017.2,24.8,48.9,36.4,30,6.4
1796670000,15.8,12.2,9.3,60.6,2.1,10.4,39.2,24.9,37.1,28,1004.2,1028.7,1017,24.8,50,37,30.5,6.5
1796673600,20,14,7.4,55.7,2.9,11.1,39,24.9,37.1,27.9,1004.7,1028.2,1016.9,25,50,37.1,30.9,6.4
1796677200,19.3,14,10,54.5,2.1,10.9,37.4,24.3,36.1,29,1005.9,1028.7,1017.4,24.1,48.9,36,29.7,4.7
1796680800,13.3,14.7,11.7,58.9,1.4,10.4,37,24,34.2,30.8,1006.4,1028.8,1017.5,21.2,46,34.2,28.3,9.1
1796684400,13.1,18.2,9.6,57.9,1.2,10.4,37,24.1,32.9,32.1,1007,1029.2,1018.1,19.4,45,32.9,27.4,16.7
1796688000,11.1,18.6,10.4,57.8,2.1,10.9,37,24,32.1,33,1007.2,1029.4,1018.3,18.9,43.9,32,26.4,17.1
1796691600,11,21,8.1,59,1,10.4,37.4,23.9,31.2,33.8,1006.9,1029.5,1018.4,18,42.8,31.2,25.7,21.3
1796695200,7.7,20.6,7.7,61.7,2.3,10,37,23.8,30.6,34.4,1005.9,1029.3,1018.2,17.1,43,30.6,25.1,21.1
1796698800,8.5,20,7.5,62.9,1.2,9.1,37.4,23.5,30.1,34.9,1005.8,1030.1,1018.2,16,43,30.1,25,25.1
1796702400,8.8,20.4,8.3,61.8,0.7,9,36.9,23.2,29.6,35.4,1006.5,1029.7,1018.4,15.8,42.8,29.6,24.4,28
1796706000,8.9,20.2,7.5,63.1,0.2,8.6,36.5,22.9,29.3,35.7,1006,1029.1,1018,15,42.5,29.3,24,26.8
1796709600,8.4,19.2,6.7,63.8,2,8.1,36,22.7,29,36,1005.4,1028.5,1017.7,14.2,42.1,29,23.7,25.6
1796713200,10.1,19.6,6.5,61.3,2.5,7.2,37,22.7,28.7,36.3,1005.2,1028.8,1017.8,13.1,42.1,28.7,23.5,27.3
1796716800,8.3,18.4,8.8,63.2,1.3,7,37,22.6,28.6,36.4,1004.6,1028.5,1017.6,12,42.8,28.6,23.5,29.8
1796720400,6.5,19.4,6.5,66.2,1.5,8.1,37.4,22.8,28.4,36.6,1003.9,1028.8,1017.6,13.1,42.1,28.4,23.3,29
1796724000,7.8,16.9,9,64.8,1.5,6.3,37.4,22.5,28,37,1005.1,1028.9,1017.8,12.2,41,28,22.8,29.8
1796727600,9.5,18.6,7.4,61.3,3.1,6.8,37,22.4,28,37,1005.5,1029.4,1018.1,12.2,42.1,28,22.6,25
1796731200,13.1,15,10.3,59.6,1.9,6.8,37.4,22.5,28,37,1005.9,1029.7,1018.5,12.2,41,28,22.8,26.7
1796734800,16.9,12.8,12.1,56.5,1.7,6.8,37,22.2,27.9,37.2,1006.6,1030,1018.9,12.2,42.1,27.8,22.6,25.3
1796738400,17.9,14.7,9.2,56,2.2,8.6,37,23.4,29.7,35.3,1005.9,1030.6,1019,15.3,43,29.7,24,22.2
1796742000,18.1,12.2,11.1,56.7,1.9,10,37,24.1,31.6,33.5,1006.5,1030.8,1019.1,18,45,31.5,25.4,17.5
1796745600,17.1,13.7,8,57.3,3.9,10.4,37.4,24.6,33.4,31.6,1006,1030,1018.7,21,46.4,33.4,26.9,11.8
1796749200,18.6,12.2,8.8,58,2.4,10,37.9,24.7,35,30.1,1006,1029.3,1018.1,23,46.9,34.9,28.5,11
1796752800,17.2,11.4,8.4,60.6,2.6,10.4,37.9,24.7,36.1,28.9,1004.9,1028.5,1017.3,24.3,48.9,36.1,29.6,7.5
1796756400,16.1,12.5,9.4,59.7,2.4,10.4,39,24.4,36.6,28.4,1004.3,1028.5,1017,24.1,50,36.6,30,6.8
1796760000,19.5,14.5,7.6,55.5,2.9,10.9,37.9,24.4,36.7,28.4,1005,1028.2,1017,24.8,50,36.7,30.4,6.3
1796763600,18.5,14.2,10.4,54.7,2.1,10.4,37.4,24,35.7,29.4,1006,1028.8,1017.6,23.2,48.2,35.6,29.3,5.1
1796767200,12.6,15,12.6,58.6,1.2,10.2,36,23.7,33.8,31.2,1006.4,1028.8,1017.6,21.2,46,33.8,27.9,9.3
1796770800,12.6,18.2,9.8,58.2,1.2,10.4,37,23.8,32.5,32.5,1006.8,1029.5,1018.1,19.4,45,32.5,26.9,16.4
1796774400,11.1,18.6,10.4,57.5,2.4,10.4,37,23.8,31.6,33.4,1007.2,1029.5,1018.4,18.9,43,31.6,26,17.8
1796778000,10.2,21.2,8.8,58.8,1,10.2,36,23.5,30.8,34.2,1007,1029.5,1018.4,18,42.8,30.8,25.3,21.9
1796781600,7.9,20.5,7.5,62.2,1.9,9.1,37,23.4,30.2,34.9,1005.9,1029.4,1018.2,17.1,42.8,30.2,24.6,21.7
1796785200,8.5,20,7.1,63.1,1.4,9.1,36,23.1,29.7,35.3,1006,1030,1018.3,15.8,42.1,29.7,24.6,25.4
1796788800,8.8,20.1,8.1,62.3,0.7,8.6,36,22.9,29.2,35.8,1006.6,1029.7,1018.5,15.8,41.9,29.2,23.9,28.2
1796792400,9.2,19.6,7.5,63.8,1.4,8.3,35.8,22.6,28.9,36,1006.5,1029.1,1018.1,14.9,41.5,28.9,23.6,26.6
1796796000,7.6,18.2,6.9,65.4,2,8.1,35.6,22.4,28.7,36.3,1006.3,1028.5,1017.8,14,41,28.7,23.3,25.1
1796799600,9.6,19.4,6.3,62.2,2.5,7,35.6,22.4,28.4,36.6,1005.4,1028.9,1017.9,12.9,41,28.4,23.1,26.4
1796803200,7.8,18.8,8.3,63.9,1.3,7,36,22.3,28.3,36.7,1004.6,1028.8,1017.7,12,41,28.3,23,29.2
1796806800,6.3,19.8,6.3,66.1,1.5,8.1,37,22.5,28.2,36.8,1005.7,1028.8,1017.7,13.1,41,28.2,23,28.1
1796810400,6.9,17.5,9.1,65,1.5,6.3,36,22.1,27.8,37.2,1006,1028.9,1017.9,12.2,39.9,27.8,22.3,28
1796814000,9.5,18.6,8.1,61.1,2.6,6.3,35.6,22.1,27.7,37.3,1005.9,1029.3,1018.2,12.2,41,27.7,22.3,24.8
1796817600,13.4,14.4,10.6,59.4,2.1,6.3,35.6,22.1,27.6,37.4,1006.3,1029.5,1018.6,12.2,41,27.6,22.4,26.9
1796821200,17.4,13.3,11.1,56.7,1.5,6.8,35.6,21.9,27.6,37.4,1007.2,1029.7,1019,12.2,41,27.6,22.3,25.5
1796824800,17.9,15.2,8.5,56.8,1.7,8.6,36,23.1,29.4,35.6,1006.8,1030.5,1019.1,15.1,42.1,29.4,23.6,22.7
1796828400,18.1,12.7,11,56.6,1.6,10,36.9,23.8,31.2,33.8,1007.1,1030.4,1019.1,18,44.6,31.2,25,17
1796832000,17.3,13.7,7.7,57.7,3.6,10.4,37,24.3,33.1,31.9,1006.6,1029.6,1018.7,21,45.9,33.1,26.5,11.8
1796835600,18.2,12.2,9.6,57.9,2.2,10,37.4,24.4,34.6,30.5,1006.7,1029.3,1018.1,22.1,46.9,34.5,28.1,10.8
1796839200,16.8,11.4,8.9,60,2.8,10.2,37.4,24.4,35.7,29.3,1006,1028.3,1017.3,24.1,48.2,35.7,29.1,7.8
1796842800,16.2,13.1,9.9,59.1,1.7,10.2,37.9,24.1,36.2,28.8,1005.4,1028.3,1017.1,23.9,50,36.2,29.5,6.8
1796846400,19.2,15.4,7.5,55.5,2.4,10.2,37.4,24,36.2,28.8,1005.6,1028.2,1017.2,24.8,48.9,36.2,29.9,6.4
1796850000,18.1,15,10.7,54.3,1.9,10,37.4,23.7,35.3,29.7,1006.2,1028.7,1017.5,23,46.9,35.3,28.9,5.6
1796853600,13.1,15,12.2,58.5,1.2,10,36,23.4,33.5,31.5,1006.6,1028.8,1017.8,21.2,44.6,33.5,27.5,9.3
1796857200,12,18.8,9.4,58.8,0.9,10.2,37,23.5,32.1,32.9,1007,1029.2,1018.2,19.4,44.1,32.1,26.5,16.6
1796860800,11.1,18.9,9.4,58.3,2.4,10.2,36.9,23.5,31.3,33.7,1007.5,1029.2,1018.5,18,43,31.3,25.6,18.3
1796864400,9.9,21.2,7.9,59.9,1.2,10.2,36,23.3,30.5,34.5,1007.5,1029.5,1018.5,17.6,42.1,30.5,25,22.3
1796868000,7.3,20,6.6,63.9,2.1,9.9,36,23.1,29.8,35.2,1007,1029.3,1018.4,16.9,42.8,29.8,24.2,20.7
1796871600,9,20,6.9,63.2,1,9.1,36,23,29.5,35.5,1006.7,1029.3,1018.4,15.8,42.1,29.5,24.3,25.5
1796875200,9.3,20,7.6,62.4,0.7,8.6,36,22.6,29,36,1006.9,1029.2,1018.5,15.8,41,29,23.5,27.3
1796878800,9.6,19,7,64.2,0.2,8.3,35.8,22.5,28.8,36.3,1006.6,1028.7,1018.1,14.9,41,28.8,23.3,26.1
1796882400,8.3,17.5,6.8,65.7,1.7,7.9,35.6,22.3,28.5,36.5,1006.3,1028.2,1017.7,14,41,28.5,23,24.8
1796886000,9.3,18.8,6.5,62.9,2.5,7,35.6,22.1,28.2,36.8,1006,1028.5,1017.9,12.9,39.9,28.2,22.8,27
1796889600,8,18.2,8.7,63.8,1.2,6.8,36,22.1,28,37,1005.4,1028.2,1017.8,12,41,28,22.7,29.5
1796893200,5.5,19,6.5,67.4,1.5,7,37,22.3,27.9,37.1,1006,1028.3,1017.7,13.1,39.9,27.9,22.7,28.2
1796896800,6.2,17.2,9.1,66,1.5,6.3,36.9,22.1,27.6,37.4,1006.4,1028.2,1017.9,12.2,39.9,27.6,22.1,28.4
1796900400,8.6,17.9,8.1,62.6,2.9,6.3,36,21.9,27.5,37.5,1006.3,1029,1018.3,12.9,39.9,27.5,22.1,25.3
1796904000,13.4,13.4,10.6,60.4,2.1,6.1,36,22,27.4,37.6,1006.4,1029.2,1018.6,12.2,39.9,27.4,22.2,27.5
1796907600,17.1,12.8,10.6,58.1,1.4,6.1,36,21.9,27.4,37.6,1007.2,1029.3,1018.9,12.2,41,27.4,22.2,26.8
1796911200,17.1,15.2,8,58,1.7,8.2,36.9,23,29.1,35.9,1006.8,1030.3,1019,15.1,42.1,29.1,23.3,22.9
1796914800,17.8,12.6,10.5,57.1,1.9,9.1,37,23.7,30.9,34.1,1007.4,1030.3,1019.1,18,43,30.9,24.6,16.2
1796918400,16.7,13.2,7.9,58.9,3.3,10.2,37,24.3,32.8,32.2,1006.6,1030,1018.7,20.1,45,32.8,26.3,12.5
1796922000,18,11.8,10.8,58,1.4,10,37.4,24.4,34.3,30.8,1006.4,1029.5,1018.1,21.9,46.9,34.2,27.7,10.8
1796925600,16.7,10.7,9.5,60.5,2.6,9.9,37.9,24.4,35.5,29.5,1005.7,1028.5,1017.3,23.2,48.9,35.5,29,8
1796929200,16.6,12.3,10.8,58.7,1.7,10,39,24,35.8,29.2,1005.4,1028.6,1017.1,23.2,48.9,35.8,29.1,7
1796932800,19,15.4,7.2,55.9,2.4,10,39,24,35.9,29.1,1005.5,1028.5,1017.1,24.1,48.9,35.9,29.5,7.1
1796936400,17.9,15,10.7,54.8,1.7,10,37.4,23.7,35,30,1005.9,1028.8,1017.4,23,46.9,35,28.6,5.6
1796940000,13.9,15.5,10.8,58.4,1.4,10,36,23.3,33.1,31.9,1006.8,1029,1017.8,21,44.6,33.1,27.1,8.6
1796943600,11.8,19.3,8.9,59.3,0.7,10,37,23.5,31.9,33.1,1006.8,1029.2,1018.1,19.2,44.1,31.9,26.2,17.3
1796947200,11.3,20,8.7,57.8,2.1,10,37,23.3,31,34,1007.5,1029.4,1018.5,17.6,42.8,31,25.4,19.2
1796950800,9.7,20.8,7.7,60.9,1,10,36,23.1,30.2,34.8,1007.5,1029.5,1018.6,17.1,42.1,30.2,24.7,23.7
1796954400,7.5,19.8,6.6,63.9,2.1,9,36,22.9,29.5,35.5,1007,1029.3,1018.3,16,42.1,29.5,23.9,21.4
1796958000,9.3,19.7,6.9,63.2,1,9,36,22.6,29.2,35.8,1006.6,1029.5,1018.4,15.3,42.1,29.2,23.9,25.4
1796961600,9.1,19.9,7.2,63.1,0.7,8.2,35.6,22.2,28.6,36.4,1006.8,1029.2,1018.6,15.1,41,28.6,23,26.4
1796965200,9.7,18.6,7.5,63.9,0.2,7.3,35.6,22.1,28.4,36.6,1006.5,1028.7,1018.2,14,40.5,28.4,22.8,25.3
1796968800,8.3,17.8,7.1,65.4,1.5,6.3,35.6,22,28.1,36.9,1006.3,1028.2,1017.8,12.9,39.9,28.1,22.5,24.2
1796972400,8.8,18.8,7.8,63,1.8,6.3,35.6,21.7,27.8,37.2,1006.6,1028.5,1018,12.2,39.9,27.8,22.4,27.4
1796976000,7.2,18.2,9.5,64.1,1,6.3,36,21.7,27.6,37.4,1005.5,1028.2,1017.9,11.1,39.9,27.6,22.3,30
1796979600,5,18.4,6.8,68,1.8,6.8,35.6,21.9,27.5,37.5,1006,1028.3,1017.8,12.2,39.9,27.5,22.3,29.7
1796983200,6.9,15.8,9.2,66.1,2,5.2,36,21.7,27.2,37.8,1006.5,1028.2,1018,11.1,39.9,27.2,21.7,28.3
1796986800,8.8,16.9,9,62.5,2.9,5.2,35.6,21.5,27.2,37.8,1006.5,1029.1,1018.4,12.2,39.9,27.2,21.6,25.3
1796990400,13,13.4,10.6,61.3,1.7,5.9,36,21.6,27.1,37.9,1006.7,1029.2,1018.7,12,39.9,27.1,21.7,27.8
1796994000,16.9,12.3,10.6,58.7,1.4,5.9,36,21.5,27,38,1007.4,1029.3,1019,11.8,41,27,21.7,28.1
1796997600,17,14.6,8.4,57.7,2.4,8.1,36,22.6,28.5,36.5,1006.8,1030.1,1019.2,14.2,41,28.5,22.7,22.9
1797001200,17.3,13.3,11,56.4,1.9,9.1,36,23.3,30.3,34.7,1007.5,1030.4,1019.3,17.2,42.8,30.3,24.1,17.5
1797004800,16.9,13.8,7.9,58,3.3,9.9,37,24,32.3,32.7,1007.1,1030,1018.9,19.9,44.6,32.3,25.8,13.4
1797008400,17,12.7,10.8,57.7,1.9,9.1,37.4,24,33.7,31.4,1006.7,1029.5,1018.3,21.2,46,33.6,27.1,10.8
1797012000,16.4,12.2,9.4,59.5,2.6,9.9,37.9,24.2,35,30,1006,1028.5,1017.5,23,46.9,35,28.4,9
1797015600,17,13.2,10.8,56.8,2.2,9.1,37.9,23.6,35.4,29.6,1005.6,1028.5,1017.3,23,48,35.4,28.6,7.2
1797019200,19.2,16.8,6.5,55.4,2.2,9.1,37.4,23.5,35.4,29.6,1005.6,1028.2,1017.3,24.1,48,35.4,28.9,7.3
1797022800,17.7,15.8,10.4,54,2.1,9.1,37.4,23.3,34.6,30.4,1005.8,1028.7,1017.6,23,46.4,34.6,28.2,6.1
1797026400,13.7,16.5,11.3,57.1,1.4,9.1,36,22.8,32.6,32.4,1006.8,1028.6,1018,20.8,43,32.6,26.6,9.4
1797030000,10.8,20.2,9.6,58.7,0.7,9.1,36,23,31.4,33.6,1006.8,1029.2,1018.3,19.2,43,31.4,25.7,17.9
1797033600,11.3,21,8.3,57.2,2.1,9,36,22.8,30.5,34.5,1007.5,1029.2,1018.6,17.6,42.1,30.5,24.9,19.7
1797037200,9.5,21.7,8,60.1,0.7,9,35.6,22.6,29.7,35.3,1007.5,1029.3,1018.7,17.1,41,29.7,24.2,23.6
1797040800,7.4,21,6.4,62.8,2.4,9,36,22.3,29,36,1007,1029.2,1018.5,16,42.1,29,23.4,22.2
1797044400,9.3,20.7,6.9,62.1,1,8.6,35.6,22.1,28.7,36.3,1006.7,1029.3,1018.5,15.3,41,28.7,23.4,25.9
1797048000,8.9,20.5,7.5,62.2,1,7.2,35.6,21.7,28.1,36.9,1006.9,1029.2,1018.7,14.9,39.9,28.1,22.6,27.6
1797051600,9.2,18.9,7.8,63.8,0.2,6.8,35.4,21.5,27.9,37.1,1006.6,1028.7,1018.3,13.6,39.5,27.9,22.3,25.5
1797055200,8.3,18.5,7.3,64.7,1.2,6.3,35.1,21.4,27.6,37.4,1006.3,1028.1,1017.9,12.2,39.2,27.6,21.9,23.4
1797058800,8.8,19.5,7.5,62.3,2,6.3,35.1,21.2,27.3,37.7,1006.7,1028.5,1018.2,12.2,39.2,27.3,21.9,26.4
1797062400,7.2,18.2,9.7,63.7,1.2,6.1,35.1,21.2,27.1,37.9,1007.1,1028.1,1018.1,10.9,39.9,27.1,21.8,29
1797066000,4.5,18.3,7.8,67.7,1.8,6.3,35.1,21.5,27.1,37.9,1006.5,1028.2,1018,12.2,39.9,27.1,21.9,29.7
1797069600,7.9,15.8,9.1,65.4,1.7,5,35.6,21.2,26.8,38.2,1006.9,1028.2,1018.2,10.9,39.9,26.8,21.3,28.2
1797073200,8.5,16.8,8.7,63.1,2.8,5,35.1,21.2,26.8,38.2,1007.1,1029,1018.6,11.1,39.9,26.8,21.2,25.1
1797076800,12.5,13.4,10.6,62.1,1.4,5.2,35.1,21.2,26.7,38.3,1007.1,1029,1018.9,11.8,39.2,26.7,21.3,28.3
1797080400,16.2,12.1,10.7,59.6,1.5,5,35.6,21.1,26.6,38.4,1007.8,1029.3,1019.2,11.1,39.9,26.6,21.3,27.7
1797084000,16.7,14.4,8.1,58.4,2.4,7.9,36,22.2,28.3,36.7,1007.6,1030,1019.3,14.2,41,28.3,22.4,22.4
1797087600,16.9,13.6,10.8,56.7,2.1,9,36,22.8,29.9,35.1,1008.3,1030.3,1019.5,16.9,42.1,29.9,23.7,17.9
1797091200,17.1,13.7,8.1,57.6,3.6,9,36.9,23.5,31.9,33.1,1007.8,1029.6,1019,19.9,43,31.9,25.3,13.3
1797094800,16.8,12.7,11,56.8,2.6,9.1,37,23.6,33.2,31.8,1007.4,1029.5,1018.4,21.2,45,33.2,26.5,10.9
1797098400,16.4,12.7,9.6,58.5,2.8,9.1,37,23.8,34.5,30.5,1006.2,1028.4,1017.6,23,46.4,34.5,27.9,9.3
1797102000,17.1,14,11.3,55.9,1.7,9,37,23.2,34.9,30.2,1006,1028.6,1017.4,23,48,34.9,28.1,7.2
1797105600,19,16.6,7.7,54.3,2.4,8.6,36,23.1,34.9,30.1,1005.8,1028.2,1017.3,23.2,46.9,34.9,28.3,7.1
1797109200,17.1,16.6,9.5,54.9,1.9,8.6,36,22.8,34.1,30.9,1005.9,1028.7,1017.7,22.1,46,34.1,27.6,5.9
1797112800,13.9,16.7,10.1,57.3,1.9,8.2,35.1,22.4,32.2,32.8,1006.8,1028.8,1018,20.1,43,32.2,26.1,9.1
1797116400,11,20.2,8.7,59.4,0.7,8.1,35.6,22.7,31,34,1006.6,1029.2,1018.3,18,42.8,31,25.3,18.2
1797120000,11.8,21.3,7.1,57.7,2.1,8.1,35.6,22.4,30.2,34.8,1007.5,1029.2,1018.7,16.9,41,30.2,24.5,19.4
1797123600,9,21.8,7.6,60.9,0.7,8.1,35.1,22.3,29.4,35.6,1007.7,1029.5,1018.8,16.2,41,29.4,23.9,23.7
1797127200,8.2,20.9,6,62.8,2.2,7.2,35.1,22,28.7,36.3,1007.1,1029.3,1018.6,15.1,39.9,28.7,23,22
1797130800,9.5,20.5,6.4,62.3,1.2,7.2,35.1,21.7,28.2,36.8,1006.9,1029.7,1018.6,14.2,39.9,28.2,22.8,26.2
1797134400,9.7,19.8,6.8,62.8,1,6.8,34,21.4,27.8,37.2,1006.6,1029.2,1018.7,14,39.2,27.8,22.2,27
1797138000,9.7,18.2,7,64.6,0.5,6.4,34,21.3,27.6,37.5,1006.5,1028.8,1018.4,13.1,39.2,27.6,21.8,24.1
1797141600,8.8,18.5,6.6,65.2,1,6.1,34,21.1,27.3,37.7,1006.3,1028.3,1018,12.2,39.2,27.3,21.4,21.3
1797145200,8.5,19,7.3,62.9,2.3,6.1,34,20.8,27.1,37.9,1006.7,1028.9,1018.2,12,39.2,27.1,21.5,25.2
1797148800,7,18.5,9.7,63.6,1.2,5.2,34,20.7,26.8,38.2,1006.9,1028.5,1018.1,10.9,39.2,26.8,21.3,27.8
1797152400,4.8,18.8,7.8,66.9,1.8,5,34.9,21,26.8,38.2,1006.4,1028.4,1018,11.8,39.2,26.8,21.4,28.2
1797156000,7.4,16.6,8.9,65.3,1.7,4.1,35.1,20.8,26.5,38.5,1006.6,1028.4,1018.2,10.4,39,26.5,20.9,27.3
1797159600,8.3,17.3,8.5,63,2.8,5,34,20.7,26.4,38.6,1007.1,1029.3,1018.6,10.9,39,26.4,20.8,25.3
1797163200,12,14.1,11.1,61.4,1.4,4.1,34,20.7,26.3,38.7,1007.1,1029.5,1018.9,10.9,39,26.3,20.7,27.3
1797166800,15.3,13.1,10.2,59.8,1.7,4.1,34.9,20.7,26.3,38.7,1007.7,1029.7,1019.1,10.9,38.8,26.3,20.9,27.3
1797170400,15.7,14.8,8.8,58.6,2.1,6.8,35.1,21.7,27.8,37.2,1007.9,1030.4,1019.5,13.1,39.2,27.8,21.9,22.4
1797174000,17.3,13.8,10.7,56.5,1.6,8.2,35.6,22.4,29.6,35.4,1008.3,1030.7,1019.6,16.2,41,29.6,23.2,17.6
1797177600,16.8,13.7,8.3,57.9,3.3,8.2,35.6,23,31.5,33.5,1008.1,1030.1,1019.1,19.2,43,31.5,24.8,12.8
1797181200,15.6,12.7,12.4,56.9,2.4,9,36.9,23.1,32.8,32.2,1007.4,1029.9,1018.6,20.1,44.1,32.8,26,10.4
1797184800,16.4,12.7,10.3,58.2,2.3,9,36,23.3,34.2,30.8,1006.2,1028.8,1017.7,21.2,46,34.2,27.3,8.6
1797188400,18.1,13.5,12.3,54.7,1.4,8.1,36,22.6,34.5,30.5,1006,1029.1,1017.6,22.1,46.9,34.5,27.6,7.4
1797192000,17.9,16.5,8.9,54.8,1.9,7.2,36,22.7,34.5,30.5,1005.6,1028.7,1017.5,23,46.4,34.5,27.8,6.6
1797195600,15.6,16.8,10.4,55.6,1.7,7.2,35.1,22.3,33.7,31.3,1005.8,1028.9,1017.8,21.2,46,33.7,27.2,5.9
1797199200,14.4,16.2,11.1,56.5,1.9,7,35.1,21.9,31.7,33.3,1006.8,1029,1018.2,19.4,42.8,31.7,25.5,8.6
1797202800,11.4,20.5,9.1,58,0.9,7,35.1,22.1,30.6,34.4,1006.6,1029.2,1018.4,17.2,42.1,30.6,24.8,18.1
1797206400,12.3,21.3,7.6,57,1.9,7,35.1,21.8,29.7,35.3,1007.8,1029.5,1018.9,15.3,41,29.7,24,19.6
1797210000,9.5,21.4,8,60.3,0.7,7.2,35.1,21.8,29,36,1007.8,1029.9,1019,15.3,39.9,29,23.5,23.7
1797213600,8.4,20.7,6.5,62.5,1.9,6.8,34.9,21.5,28.2,36.8,1007.4,1029.7,1018.8,12.9,39.9,28.2,22.7,22.7
1797217200,11,20,6.2,61.6,1.2,6.1,34.9,21.1,27.7,37.3,1007,1029.9,1018.8,12.2,39.9,27.7,22.3,26.9
1797220800,9.2,18.4,7.5,63.9,1,6.1,34,21,27.4,37.6,1006.8,1029.7,1019,12,39.2,27.4,21.8,27
1797224400,9.7,18,7,64.8,0.5,5.5,34,20.9,27.2,37.8,1006.5,1029.3,1018.6,11.9,39.2,27.2,21.5,24
1797228000,8.7,18.4,6.3,65.3,1.2,5,34,20.7,27,38,1006.3,1028.8,1018.2,11.8,39.2,27,21.1,21
1797231600,7.7,19.7,7,63.6,2,5,34,20.5,26.8,38.2,1006.6,1029,1018.4,11.1,39.2,26.8,21.2,25
1797235200,6.4,18.3,9.7,64.6,1,3.9,34,20.4,26.5,38.5,1006.3,1028.8,1018.3,10.4,39.2,26.5,21,27.2
1797238800,5.5,18.7,7.5,66.7,1.7,4.1,34,20.7,26.5,38.5,1006.4,1028.5,1018.2,10.9,39.2,26.5,21,27.5
1797242400,7.2,17.1,8.9,64.9,2,4.1,34,20.5,26.2,38.8,1006.4,1028.6,1018.5,10.2,39,26.2,20.5,26.4
1797246000,7.3,18.7,8,63.1,2.8,4.1,34,20.3,26,39,1007,1029.4,1018.9,10.4,39,26,20.3,25.6
1797249600,11,15.2,11,61.6,1.2,3.9,34,20.3,25.9,39.1,1007.1,1029.7,1019.2,10.4,38.8,25.9,20.3,27
1797253200,14.7,12.5,11.1,60.2,1.4,4.1,34,20.4,26,39,1007.7,1029.8,1019.4,10.2,37.9,26,20.5,27.2
1797256800,14.6,14.6,9.8,58.9,2.1,6.1,34,21.3,27.4,37.6,1008.2,1030.6,1019.7,12.9,39,27.4,21.5,22.6
1797260400,18.5,13.3,11.5,54.8,1.9,7,34.9,22.1,29.3,35.7,1008.4,1031,1019.9,16,41,29.3,23.1,18.7
1797264000,17.6,12.9,8.8,57.4,3.3,8.2,35.6,22.6,31.1,33.9,1008.2,1030.6,1019.4,18.1,42.8,31.1,24.3,12.9
1797267600,16.5,12,13.2,56,2.4,8.6,35.1,22.7,32.5,32.5,1007.4,1030.1,1018.8,20.1,44.1,32.5,25.6,10.1
1797271200,15.8,13.2,11.3,57.6,2.1,9,35.6,22.9,33.9,31.1,1006.7,1029,1018,21.2,46,33.9,26.9,8.9
1797274800,18.8,13.5,12.3,53.9,1.4,8.1,35.1,22.3,34.2,30.8,1005.9,1029.2,1017.8,21.9,46.4,34.2,27.2,7.4
1797278400,17.4,17.2,9.3,54.2,1.9,7.2,35.1,22.2,34.2,30.8,1005.8,1029,1017.8,22.1,46.4,34.2,27.3,6.6
1797282000,15.8,17.4,10.6,54.8,1.4,7,34,21.9,33.4,31.6,1005.8,1029.2,1018.1,21.2,45,33.4,26.7,5.8
1797285600,14.8,17.1,10.6,55.4,2.1,6.8,35.1,21.6,31.5,33.5,1007.2,1029.2,1018.5,19.2,42.8,31.5,25.1,8.4
1797289200,11,20.6,9.8,57.7,0.9,7,35.1,21.8,30.3,34.7,1006.8,1029.2,1018.7,17.2,41,30.3,24.5,17.9
1797292800,13.2,22.1,7.3,55.8,1.6,7,34.9,21.5,29.4,35.6,1007.8,1030.1,1019.1,15.3,41,29.4,23.7,19.5
1797296400,9.5,21.7,8.5,59.6,0.7,7,34,21.5,28.7,36.3,1007.8,1029.9,1019.2,15.3,39.9,28.7,23.2,23.9
1797300000,8.9,20.9,7,61.3,1.9,6.3,34,21.1,27.9,37.1,1007.6,1029.7,1019.1,12.9,39.2,27.9,22.4,23.2
1797303600,11.2,20.8,6.2,60.8,1,5.2,34,20.8,27.4,37.6,1007.3,1030,1019.1,12.9,39.2,27.4,22,26.4
1797307200,9.9,19.2,7.5,62.7,0.7,5.9,34,20.6,27.1,37.9,1006.6,1030,1019.2,12,39,27.1,21.5,27.6
1797310800,9.4,18.2,7.3,64.6,0.5,5.5,34,20.6,27,38,1006.5,1029.4,1018.9,11.6,39.1,27,21.2,24
1797314400,8.5,19.6,6.1,64.6,1.2,5,34,20.5,26.8,38.2,1006.3,1028.8,1018.5,11.1,39.2,26.8,20.9,20.3
1797318000,8.5,20.1,6.7,62.9,1.7,5,34,20.3,26.6,38.4,1006.6,1029.2,1018.7,10.9,39.2,26.6,20.9,24.6
1797321600,7.4,18.9,9.7,63.3,0.7,3.9,34,20.2,26.3,38.7,1006.9,1028.8,1018.5,10.2,39.2,26.3,20.8,27.5
1797325200,5.5,19.2,7.5,66.2,1.7,4.1,34,20.5,26.3,38.7,1006.5,1028.6,1018.5,10.9,39.2,26.3,20.8,27.8
1797328800,6.9,17.8,9.2,64.1,2,3.9,33.8,20.3,26,39,1006.4,1028.9,1018.7,9.1,39,26,20.4,27.2
1797332400,7.3,19.6,7.8,62.7,2.6,3.2,33.8,20.1,25.8,39.2,1007.1,1029.6,1019.1,10.2,39,25.8,20.1,25.5
1797336000,11.5,15,10.8,61.5,1.2,3.9,33.8,20.1,25.6,39.4,1007.1,1030.2,1019.4,9.9,38.8,25.6,20,26.5
1797339600,14.5,12,11.3,60.7,1.4,3.9,33.8,20.2,25.8,39.2,1007.7,1030.5,1019.5,9.9,37.9,25.8,20.4,28.1
1797343200,15,14.7,9.5,58.7,2.1,6.1,33.8,21.1,27.3,37.7,1008.2,1030.9,1019.9,12.9,37.9,27.3,21.4,23
1797346800,17.8,13.6,11,55.4,2.3,7,34,22,29.2,35.8,1008.4,1031.3,1020.1,15.3,41,29.2,23,19.3
1797350400,18.8,12.8,8.8,56.5,3.1,8.2,35.1,22.5,31.1,33.9,1008.1,1030.8,1019.5,18,42.8,31.1,24.4,13.8
1797354000,17.4,11.9,13.4,54.4,2.9,8.6,35.1,22.6,32.5,32.5,1007.6,1030.4,1019,19.9,44.1,32.5,25.6,10.8
1797357600,15.5,13.4,11.7,56.8,2.6,9,36,22.8,33.8,31.2,1006.7,1029,1018.1,21.2,45,33.8,26.9,9.3
1797361200,19.1,14,12.6,52.9,1.4,8.1,35.1,22.2,34.2,30.8,1006.1,1029.1,1017.9,21.2,46.9,34.2,27.2,7.7
1797364800,17,17.7,9.3,53.8,2.2,7,35.6,22.1,34.1,30.9,1006.1,1028.9,1017.9,22.1,46.4,34.1,27.2,6.3
1797368400,15.7,17.8,11,54,1.4,7,34,21.8,33.4,31.6,1006.4,1029,1018.2,21.2,45,33.4,26.6,5.6
1797372000,14.8,17.2,11.5,54.1,2.4,6.3,35.1,21.5,31.4,33.6,1007.6,1029.2,1018.6,19.2,42.8,31.4,24.9,8.4
1797375600,12.1,21,9.1,56.6,1.2,6.8,34.9,21.7,30.2,34.8,1006.8,1029.2,1018.8,17.2,41,30.2,24.4,17.6
1797379200,13.4,23,7.7,54.2,1.6,6.3,34,21.4,29.3,35.7,1008.1,1029.6,1019.2,15.3,39.9,29.3,23.6,19.7
1797382800,9,21.8,9.7,58.7,0.7,6.3,34,21.3,28.6,36.4,1007.8,1029.9,1019.2,15.3,39.2,28.6,23,24.2
1797386400,9.1,21.3,7.4,60.3,1.9,6.1,34,21.1,27.8,37.2,1007.8,1029.4,1019.1,12.9,39.2,27.8,22.3,23.6
1797390000,11.6,21.3,5.5,60.7,0.9,6.1,34,20.8,27.4,37.6,1007.7,1029.8,1019.1,12.9,39.2,27.4,21.9,26.1
1797393600,9.4,19,7.5,63.5,0.7,5.2,34,20.6,27.1,37.9,1006.8,1030,1019.2,12,39,27.1,21.4,27.1
1797397200,9.2,17.7,7.5,65.1,0.5,5.1,34,20.6,27,38,1006.6,1029.4,1018.9,11.9,39.1,27,21.1,23.6
1797400800,8,18.7,6.3,65.3,1.7,5,34,20.5,26.9,38.1,1006.4,1028.8,1018.5,11.8,39.2,26.9,20.9,20.1
1797404400,8.4,19.9,7.4,62.8,1.5,5,34,20.4,26.7,38.3,1006.6,1029.2,1018.6,10.9,39.2,26.7,21,24.6
1797408000,7.9,17.9,9.9,63.3,1,3.9,34,20.3,26.4,38.6,1006.9,1028.8,1018.4,9.1,39.9,26.4,20.8,26
1797411600,6.4,19,7.4,65.4,1.7,4.1,34,20.5,26.3,38.7,1006.6,1028.6,1018.3,10.4,39.2,26.3,20.8,27
1797415200,6.7,17.6,9.2,64.5,2,3.9,34,20.5,26.1,38.9,1006.3,1028.8,1018.5,8.6,39,26.1,20.5,26.2
1797418800,7.3,19.6,7.1,63.9,2.1,3.2,34,20.2,25.9,39.1,1006.5,1029.5,1018.8,9.1,39,25.9,20.2,25.2
1797422400,11.5,14.8,10.1,62.7,0.9,3.2,34,20.3,25.8,39.2,1007,1029.9,1019.2,9.1,39,25.8,20.2,26.5
1797426000,14,11.8,11.1,61.7,1.4,3.2,34,20.4,26.1,38.9,1007.1,1030.4,1019.2,9.9,39,26.1,20.6,27.4
1797429600,14.7,14.9,9.5,58.5,2.4,5.2,34,21.3,27.4,37.6,1007.4,1030.6,1019.6,12.2,39.2,27.4,21.6,23.4
1797433200,17.2,13.8,10,55.9,3,6.8,35.1,22.1,29.3,35.7,1008.3,1031.3,1019.8,15.3,41,29.3,23.1,19.1
1797436800,19.2,12.6,8.6,56.3,3.3,8.2,35.6,22.7,31.3,33.7,1007.8,1030.8,1019.2,17.6,42.8,31.3,24.4,12.7
1797440400,17.6,12.6,11.9,55.3,2.6,8.6,35.6,22.8,32.6,32.4,1007.1,1030.4,1018.6,19.9,44.1,32.6,25.6,9.6
1797444000,15.5,13.6,11,57,2.8,9,36,22.9,34,31,1006.1,1029,1017.8,21.2,46,34,27,9
1797447600,19.3,14,11.6,53.1,1.9,7.2,36,22.3,34.3,30.7,1005.7,1029.3,1017.5,21.2,46.9,34.3,27.2,7
1797451200,16.9,16.9,9.3,54.7,2.1,7,36,22.3,34.2,30.8,1005.8,1028.9,1017.6,21.9,46.4,34.2,27.2,5.4
1797454800,15.5,16.9,11.3,54.9,1.4,6.8,35.1,21.9,33.5,31.5,1005.8,1029,1017.9,20.8,45,33.5,26.7,5.8
1797458400,14.6,16.7,12.2,54.9,1.6,6.3,35.1,21.5,31.4,33.6,1007.6,1029.2,1018.4,18.9,42.8,31.4,24.9,7.7
1797462000,11.2,20.3,8.9,58.4,1.2,6.3,35.1,21.8,30.3,34.7,1006.8,1029.2,1018.5,17.1,41,30.3,24.4,16.3
1797465600,12.4,22.4,8.4,55.1,1.6,6.1,35.1,21.5,29.4,35.6,1007.8,1029.7,1018.9,15.3,39.9,29.4,23.6,18.1
1797469200,8.7,21.5,9.7,59.4,0.7,6.1,34,21.3,28.6,36.4,1007.5,1030,1018.9,14.9,39.9,28.6,23.1,23.9
1797472800,8.8,21.5,7.6,60.6,1.4,5,34,21.1,27.9,37.1,1007.6,1029.4,1018.8,12.2,39.2,27.9,22.4,23.3
1797476400,10.7,21.3,5.2,61.4,1.4,5.2,34,20.7,27.5,37.5,1007.7,1029.8,1018.8,12.2,39.2,27.5,21.9,26.1
1797480000,8.9,18.8,7.7,64.2,0.5,5.2,34,20.6,27.2,37.8,1006.8,1029.8,1018.9,10.9,39.2,27.2,21.5,25.6
1797483600,8.4,18.3,7.2,65.3,0.7,4.7,34,20.5,27,38,1006.5,1029.2,1018.5,11,39.5,27,21.2,22.6
1797487200,8,19.5,6.1,65.2,1.2,4.1,34,20.4,26.9,38.1,1006.3,1028.6,1018.2,11.1,39.9,26.9,20.9,19.6
1797490800,8.4,20,7.7,62.6,1.2,4.1,34,20.2,26.7,38.3,1006.5,1029,1018.3,10.9,39.2,26.7,20.8,23.3
1797494400,7.7,18.3,9.4,63.5,1.2,3.2,34,20.2,26.4,38.6,1006,1028.7,1018.1,9.1,39.9,26.4,20.7,24.4
1797498000,6.4,19.7,6.7,65.5,1.7,3.9,34,20.4,26.2,38.8,1006,1028.5,1018.1,10.2,39.2,26.2,20.5,24.8
1797501600,6.5,18.6,7.9,65,2,3.9,34,20.3,26.1,38.9,1006.3,1028.4,1018.2,8.6,39.2,26.1,20.5,25.1
1797505200,7.5,19,6.6,65,1.9,3.2,34,20.2,25.9,39.1,1006.3,1029.5,1018.5,10,39,25.9,20.1,24
1797508800,11.5,14.3,9.6,63,1.6,3.2,34,20.3,25.9,39.1,1006.9,1029.9,1018.9,9.1,39,25.9,20.2,25.8
1797512400,14.7,11.6,10.9,61.4,1.4,3.2,34,20.4,26.1,38.9,1006.6,1030.2,1018.9,9.1,39,26.1,20.5,27.3
1797516000,14.4,14.4,9.2,59.4,2.6,5.2,34,21.2,27.4,37.6,1007,1030.6,1019.3,12,39.2,27.4,21.5,22.6
1797519600,17.4,13.5,9.8,56.3,3,6.8,35.1,22.1,29.3,35.7,1007.6,1031.2,1019.6,15.3,41,29.3,22.9,17.6
1797523200,19.9,10.9,9.2,56.4,3.6,8.2,36,22.6,31.2,33.8,1006.8,1030.6,1018.9,17.6,43,31.2,24.3,11.7
1797526800,18.7,11.1,12.1,55.6,2.6,8.2,36,22.7,32.5,32.5,1006.8,1030,1018.3,19.4,44.6,32.5,25.5,10
1797530400,15.4,12.9,10.7,57.7,3.3,8.6,36,22.8,33.8,31.2,1006.1,1028.8,1017.6,21.2,46,33.8,26.7,8.7
1797534000,20.1,13.1,11.4,53.3,2.2,7.2,36,22.1,34.1,30.9,1005.4,1028.9,1017.3,21.2,46.9,34.1,27,6.3
1797537600,16.8,16.1,9.2,55.2,2.6,7,36,22.2,34,31,1005.3,1028.8,1017.3,21.2,46.4,34,26.9,5.1
1797541200,16.2,15.7,11.2,55.5,1.4,6.8,35.1,21.8,33.3,31.7,1005.6,1028.9,1017.7,20.1,45,33.3,26.4,5.6
1797544800,13.9,16.5,12,56,1.6,6.3,35.1,21.3,31.2,33.8,1007.2,1029.2,1018.1,18.1,42.8,31.2,24.6,7.5
1797548400,10.5,19.8,9.1,59.2,1.4,6.3,35.1,21.5,30.2,34.8,1006.6,1029.2,1018.3,16.2,41,30.2,24.1,15.1
1797552000,12.9,22.2,7.3,56,1.6,6.1,34.9,21.3,29.3,35.7,1007.5,1029.6,1018.7,15.3,39.9,29.3,23.3,16.7
1797555600,8.7,21.2,9.2,60,1,5.9,34,21.1,28.6,36.4,1007.2,1029.9,1018.7,14.9,39.9,28.6,22.8,23.6
1797559200,8.9,21.3,7.2,61,1.7,5,34,20.9,27.8,37.2,1007.1,1029.4,1018.5,12.2,39.2,27.8,22.1,22.4
1797562800,10.4,21.1,5.5,61.1,1.9,5.2,34,20.6,27.4,37.6,1007.3,1029.8,1018.6,12.2,39.2,27.4,21.6,25
1797566400,10.3,18.5,7,63.2,1,5.2,34,20.4,27.1,37.9,1007,1029.7,1018.6,10.9,39,27.1,21.2,24.4
1797570000,8,17.6,7.2,65.9,1.2,4.7,34,20.3,26.9,38.1,1006.6,1029.1,1018.3,11,39.1,26.9,20.9,21.7
1797573600,7.7,18.8,6.3,65.7,1.4,4.1,34,20.2,26.7,38.3,1006.3,1028.5,1018,11.1,39.2,26.7,20.5,19
1797577200,8.9,20,6.9,62.7,1.5,3.9,34,20,26.4,38.6,1006.4,1028.9,1018.2,10.9,39.2,26.4,20.5,22.4
1797580800,8.1,18.5,8.9,63.3,1.2,3.9,33.8,20,26.2,38.8,1006,1028.6,1018,10.4,39,26.2,20.4,24.3
1797584400,5.9,19.9,6.6,66.2,1.5,4.1,33.8,20.1,26,39,1006,1028.4,1017.9,10.4,39,26,20.1,24.6
1797588000,6.9,18.6,7.4,64.9,2.2,3.9,34,20.1,25.9,39.1,1006.1,1028.4,1018,10.2,39,25.9,20,23.7
1797591600,8.1,18.6,6,65.1,2.1,3.2,34,20,25.7,39.3,1006,1029.5,1018.4,10.4,39,25.7,19.7,23.6
1797595200,11.7,14,10,62.5,1.9,3,34,19.9,25.5,39.5,1006.7,1029.9,1018.8,9.1,38.8,25.5,19.7,25.3
1797598800,13.8,11.1,11.6,61.3,2.2,2.8,34,20,25.8,39.2,1006,1030.4,1018.9,9.1,37.9,25.8,20.1,27.3
1797602400,14.4,13.5,10.4,59.1,2.6,4.1,34,20.9,27.1,37.9,1006.3,1030.6,1019.3,12,39,27.1,21.1,22.3
1797606000,17.7,13.7,10,55.8,2.8,6.3,35.1,21.7,29,36,1006.7,1031.3,1019.5,15.3,41,29,22.5,17.9
1797609600,20.7,10.7,9.5,55.8,3.3,6.3,35.6,22.1,30.8,34.2,1006.2,1030.8,1018.9,17.2,42.8,30.8,23.8,12.6
1797613200,20,10.7,12.6,54.2,2.6,7.2,35.6,22.2,32.1,32.9,1006.7,1030.2,1018.4,19.2,44.6,32.1,25.1,10.1
1797616800,16,12.4,11.5,57,3.1,7.2,36,22.3,33.4,31.6,1006,1029,1017.6,20.1,46,33.4,26.3,9
1797620400,20.5,12.8,10.9,53.1,2.7,6.8,36,21.7,33.7,31.3,1005.4,1029.1,1017.3,20.1,46.9,33.7,26.5,6.7
1797624000,17.3,15.6,9.5,54.7,2.8,6.3,36,21.7,33.7,31.3,1005.3,1028.8,1017.4,21,46.4,33.7,26.5,5.3
1797627600,15.5,15.7,11.7,55.4,1.6,6.3,35.1,21.4,33,32,1005.4,1029,1017.7,20.1,45,33,26,6.3
1797631200,13.6,16.7,12,56.1,1.6,5.9,34,20.9,30.9,34.1,1006.6,1029.2,1018.2,18.1,42.8,30.9,24.2,7.7
1797634800,10.5,20.6,9.1,58.2,1.6,5.9,34.9,21,29.8,35.2,1006.5,1029.2,1018.3,16,41,29.8,23.6,14.7
1797638400,11.7,22.7,7.7,56.2,1.6,5.2,34,20.9,29,36,1007,1030,1018.8,14.9,39.9,29,22.9,16.7
1797642000,8,22.2,9.4,59.5,1,5.2,34,20.7,28.2,36.8,1007.2,1030,1018.8,14,39.9,28.2,22.5,23.7
1797645600,8.9,23.1,7,59.8,1.2,5,34,20.5,27.5,37.5,1007.3,1029.7,1018.7,12.2,39.2,27.5,21.7,22.5
1797649200,10.9,22.1,5.2,59.9,1.9,5.2,34,20.2,27.1,37.9,1007.3,1030,1018.7,12.2,39.2,27.1,21.2,24.1
1797652800,9.8,19.7,6.7,62.8,1,5,34,20,26.8,38.2,1007.1,1029.8,1018.7,10.4,39,26.8,20.7,23
1797656400,8.2,18.9,7,64.7,1.2,4.5,34,19.9,26.6,38.4,1006.8,1029.3,1018.4,10.4,39.1,26.6,20.4,20.5
1797660000,7.4,19.9,6,65.2,1.4,4.1,34,19.7,26.4,38.6,1006.4,1028.9,1018,10.4,39.2,26.4,20.1,18
1797663600,8.4,20.6,6.6,62.9,1.5,3.9,33.8,19.6,26.1,38.9,1006.5,1029.2,1018.2,10.4,39,26.1,20,21.7
1797667200,9,18.7,8.3,63,1,3.9,33.8,19.4,25.9,39.1,1006.5,1029,1018.2,9.1,37.9,25.9,19.8,23.4
1797670800,6.6,20,7.1,65.2,1.2,3.9,33.8,19.5,25.6,39.4,1006,1028.7,1018,10.2,39,25.6,19.6,24
1797674400,7.6,19.6,6.9,63.7,2.2,3.2,33.8,19.6,25.5,39.5,1006.1,1028.9,1018,8.6,39,25.5,19.4,22.6
1797678000,7.9,19.3,6,64.7,2.1,2.1,34,19.5,25.4,39.6,1006.1,1029.8,1018.6,10.2,37.9,25.4,19.4,23.4
1797681600,12.4,14,10.3,61.4,1.9,2.1,34,19.4,25.2,39.8,1006.7,1030.3,1018.9,9,37.9,25.2,19.2,24.1
1797685200,14.8,11.7,12.1,59.2,2.2,2.1,33.8,19.4,25.3,39.7,1006,1030.6,1018.9,9,37.9,25.3,19.5,26.6
1797688800,14.2,13.5,11.3,58.4,2.6,4.1,34,20.2,26.7,38.3,1006.8,1031.1,1019.4,10.9,39,26.7,20.6,21.6
1797692400,17.6,13.8,10.3,55.5,2.8,6.3,35.1,21.2,28.6,36.4,1006.7,1031.4,1019.6,14.9,39.9,28.6,22,18
1797696000,22,10.9,9.5,54.4,3.3,6.3,35.1,21.6,30.5,34.5,1006.4,1031,1019.1,17.2,42.8,30.5,23.3,11.8
1797699600,20.1,10.9,13.9,52.2,2.8,7.2,35.1,21.7,31.9,33.1,1006.7,1030.6,1018.5,19.2,44.1,31.9,24.7,9
1797703200,16.7,12.7,12.9,54.8,2.8,6.8,36,21.8,33.2,31.8,1006.1,1029.6,1017.7,20.1,45.9,33.2,26,8.5
1797706800,21.4,13.3,10.8,51.8,2.7,6.3,35.6,21.1,33.5,31.5,1005.7,1029.3,1017.4,20.1,46.9,33.5,26.1,6.2
1797710400,18.5,15.9,9.7,53.1,2.8,6.1,36,21,33.4,31.6,1005.8,1028.9,1017.5,20.1,46.4,33.4,26.1,5.1
1797714000,15.7,15.7,11.9,55.1,1.6,6.1,35.1,20.8,32.7,32.3,1005.6,1029.1,1017.9,19.9,45,32.7,25.6,6.3
1797717600,13.1,16.4,13.4,55.4,1.6,5,34,20.2,30.7,34.3,1006.6,1029.2,1018.4,18,42.8,30.7,23.8,7.4
1797721200,10.1,20.9,9.6,57.7,1.6,5.2,34,20.5,29.6,35.4,1006.5,1029.6,1018.6,16,41,29.6,23.2,13.8
1797724800,12.4,23.1,7.7,55.1,1.6,4.1,34,20.2,28.7,36.3,1007.1,1030.4,1019,14.2,39.9,28.7,22.5,15.5
1797728400,7.7,23.1,9.4,58.9,1,5,34,20.2,27.9,37.1,1007.2,1030.5,1019.1,13.1,39.9,27.9,22,23.2
1797732000,9.4,23.2,7.5,58.5,1.4,4.1,34,20,27.2,37.8,1007.5,1029.7,1018.9,12.2,39,27.2,21.2,22.2
1797735600,10.9,22.1,6.2,58.7,2.1,5,33.8,19.6,26.7,38.3,1007.4,1030,1019,10.9,39.2,26.7,20.7,23.3
1797739200,9.8,20.1,7.2,61.9,1,5,33.8,19.5,26.4,38.6,1007.1,1030,1019,10.2,39,26.4,20.2,22
1797742800,8.6,19.6,6.9,63.7,1.2,4.1,33.8,19.4,26.2,38.8,1006.8,1029.5,1018.6,10.2,39,26.2,19.9,19.9
1797746400,8.4,19.5,6.5,64.2,1.4,3.2,33.8,19.2,26,39,1006.5,1028.9,1018.3,10.2,39,26,19.6,17.8
1797750000,8.8,21,6.8,62,1.5,3.2,33.8,19.1,25.7,39.3,1006.6,1029.3,1018.5,10.2,37.9,25.7,19.6,21.3
1797753600,9.4,19.1,8.5,61.8,1.2,3.2,33.8,18.8,25.4,39.6,1007.1,1029,1018.5,9.1,37.9,25.4,19.3,24.3
1797757200,6.9,20.6,7.1,64.2,1.2,3.2,33.1,19,25.2,39.8,1006.5,1028.8,1018.3,9.9,37.9,25.2,19.1,23.6
1797760800,7.3,19.6,7.1,63.8,2.2,3.2,33.8,19.1,25.1,39.9,1006.3,1029,1018.4,8.6,37.9,25.1,19,23.1
1797764400,8.7,19,5.6,64.4,2.3,2.1,33.8,19,25,40,1006.5,1030,1018.8,10,37.9,25,19,24
1797768000,13.1,14.3,9.6,61,1.9,2.1,33.8,18.9,24.8,40.2,1006.9,1030.6,1019.2,8.6,37.9,24.8,18.8,25.1
1797771600,16,11.4,11.4,59.2,1.9,1.9,33.8,19,24.9,40.1,1007.1,1030.7,1019.1,8.6,37.9,24.9,19,26.6
1797775200,14.2,12.3,11.1,59.5,2.8,4.1,33.8,19.9,26.4,38.6,1007.4,1031.1,1019.6,10.9,37.9,26.4,20.2,21.4
1797778800,17.6,12.9,9.4,57.3,2.8,6.1,35.1,20.8,28.3,36.7,1007.6,1031.5,1019.8,14.2,39.9,28.3,21.6,18.5
1797782400,23.3,10,9,54.5,3.1,6.1,35.1,21.3,30.2,34.8,1006.8,1031.1,1019.4,17.2,42.8,30.2,22.9,11.9
1797786000,21.1,9.9,13.4,53.1,2.6,7,35.1,21.4,31.7,33.3,1006.7,1030.4,1018.6,18.1,43,31.7,24.4,9
1797789600,17.5,12,12,55.7,2.8,6.8,36,21.4,32.9,32.1,1006.1,1029.6,1017.9,20.1,45,32.9,25.6,9.2
1797793200,21.3,12.7,10.8,52.6,2.6,6.3,35.1,20.9,33.4,31.6,1005.7,1029.4,1017.5,19.9,46.4,33.4,26,6.7
1797796800,18,14.9,9.7,54.3,3.1,6.1,35.6,20.8,33.3,31.7,1005.8,1029,1017.7,20.1,45,33.3,25.9,5.1
1797800400,15.3,14.7,12.1,56.3,1.6,6.1,35.1,20.7,32.5,32.5,1005.9,1029.2,1018,19.4,44.6,32.5,25.4,6.3
1797804000,12.7,16,13.6,56.3,1.4,5.2,34,20,30.5,34.5,1006.6,1029.5,1018.6,17.6,41,30.5,23.5,7.7
1797807600,10.3,20.1,10.1,57.8,1.6,5.2,34,20.2,29.4,35.6,1006.6,1029.6,1018.7,16,39.9,29.4,23,13.5
1797811200,13.6,22.4,8.2,54.2,1.6,4.1,33.8,20,28.5,36.5,1007.2,1030.4,1019.1,14.2,39.9,28.5,22.3,15.7
1797814800,8.4,22.7,9.1,58.9,1,5,34,19.9,27.8,37.2,1007.6,1030.6,1019.2,14,39.2,27.8,21.9,23.2
1797818400,9.7,22.7,8.2,57.7,1.7,4.1,33.8,19.7,27,38,1007.6,1029.8,1019,12.2,39,27,21.1,22.9
1797822000,10.9,22.8,6.7,57.5,2.1,4.1,33.1,19.4,26.5,38.5,1007.7,1030,1019.1,11.1,39,26.5,20.6,23.9
1797825600,9.8,20.3,7.7,61.2,1,4.1,33.1,19.3,26.3,38.7,1007.1,1030.1,1019,10.2,39,26.3,20,21.3
1797829200,8.6,20.7,6.9,62.6,1.2,3.6,33.1,19.1,26,39,1006.8,1029.5,1018.7,10.1,38.5,26,19.6,20.1
1797832800,8.7,20,6.3,63.2,1.9,3.2,33.1,18.9,25.7,39.3,1006.5,1029,1018.4,9.9,37.9,25.7,19.3,19
1797836400,8.3,21.7,7.1,61.8,1.2,3.2,33.1,19,25.5,39.5,1006.7,1029.4,1018.6,10.2,37.9,25.5,19.5,21.7
1797840000,9.2,19.5,8.4,61.9,1,3.2,33.1,18.6,25.2,39.8,1007.2,1029.2,1018.6,9.1,37.4,25.2,19.1,25.4
1797843600,6.8,20.5,7.1,64.1,1.5,3.2,33.1,18.8,25,40,1006.5,1029.2,1018.4,9.1,37.4,25,18.9,24
1797847200,7.9,19.7,6.9,63.4,2.2,3.2,33.1,18.9,25,40,1006.3,1029.3,1018.4,8.6,37.9,25,18.9,24.4
1797850800,9.9,18.5,5.6,63.8,2.1,2.1,33.1,18.8,24.9,40.1,1006.5,1030.1,1018.7,10.2,37.4,24.9,18.9,25.6
1797854400,14.7,13.7,9,60.5,2.1,2.1,33.8,18.8,24.8,40.2,1006.9,1031,1019.1,9,37.9,24.8,18.7,24.7
1797858000,17.8,10.7,10.9,58.6,1.9,1.9,33.1,18.8,24.8,40.2,1007.1,1030.9,1019.1,8.6,37.4,24.8,18.9,26.5
1797861600,14.2,12.1,10.9,60.3,2.6,4.1,33.8,19.7,26.3,38.7,1007.4,1031.1,1019.6,10.9,37.9,26.3,20.1,21.1
1797865200,17.4,12.7,9.4,57.4,3.1,6.1,34,20.6,28.2,36.8,1007,1031.5,1019.8,14.2,39.9,28.2,21.5,18.7
1797868800,23,10.2,9.3,54.2,3.3,5.9,35.1,21,30.1,34.9,1006.2,1031.1,1019.3,17.2,42.1,30.1,22.9,13
1797872400,20.9,9.2,13.9,52.9,3.1,6.8,34.9,21.3,31.6,33.4,1006.3,1030.4,1018.5,18.1,42.8,31.6,24.3,9
1797876000,16.7,12.3,12.3,55.9,2.8,6.3,35.1,21.3,32.9,32.1,1005.7,1029.5,1017.7,20.1,44.6,32.9,25.6,9.4
1797879600,21.5,12.4,11,52.6,2.4,6.3,34,20.9,33.4,31.6,1005.4,1029.1,1017.3,20.1,46.4,33.4,26.1,6.2
1797883200,18.2,14.2,10.2,54.4,3.1,6.1,34,20.8,33.4,31.6,1005.3,1028.9,1017.6,20.1,46,33.4,26,5.3
1797886800,15.9,15,11.4,56.1,1.6,6.1,34,20.5,32.6,32.4,1005.4,1029.1,1017.9,19.9,44.6,32.6,25.5,6.3
1797890400,12.7,15.3,13.2,56.7,2.1,5.2,33.1,19.9,30.6,34.4,1006.2,1029.5,1018.5,18,41.9,30.6,23.6,7.7
1797894000,10.5,19.3,10.2,58.4,1.6,5.2,34,20.2,29.6,35.4,1006.5,1029.5,1018.5,16,39.9,29.6,23.2,13
1797897600,13.5,22.4,8.2,54.1,1.9,4.1,33.8,19.9,28.7,36.3,1007,1030.2,1018.9,15.3,39.9,28.7,22.5,15.2
1797901200,8.6,22.4,9,58.8,1.2,4.1,33.8,19.9,28,37,1007.2,1030.4,1019.1,14.9,39.9,28,22,22.1
1797904800,9.4,22.5,8.2,58.3,1.7,4.1,33.1,19.7,27.2,37.8,1007.4,1029.7,1018.9,12.2,39,27.2,21.3,22.8
1797908400,10.4,22.9,6.6,58.2,1.9,4.1,33.1,19.5,26.7,38.3,1007.3,1030,1018.9,11.1,39,26.7,20.9,25.5
1797912000,9.3,20.3,6.9,62.4,1,4.1,33.1,19.4,26.5,38.5,1007.1,1029.7,1018.8,10.2,39,26.5,20.3,21
1797915600,8.6,21,6.4,62.6,1.4,3.6,33.5,19.1,26.1,38.9,1006.8,1029.3,1018.5,10.1,39,26.1,19.9,20.4
1797919200,7.9,20.4,6.3,63.5,1.9,3.2,33.8,18.9,25.8,39.2,1006.5,1029,1018.2,9.9,39,25.8,19.5,19.9
1797922800,8,21.3,7,62.6,1.2,3.2,33.1,19,25.7,39.3,1006.9,1029.3,1018.4,10.2,37.9,25.7,19.7,21.9
1797926400,9.4,19,8.7,61.9,1,3.2,33.1,18.7,25.3,39.7,1007.5,1029.1,1018.5,9.1,37.9,25.3,19.4,24.8
1797930000,7.3,20.2,7.1,64,1.5,3.2,33.1,18.8,25.2,39.8,1006.5,1028.8,1018.2,9.9,37.4,25.2,19.1,22.8
1797933600,8.3,19.9,6.6,63.2,2,3.2,33.1,19,25.2,39.8,1006.3,1028.9,1018.2,8.6,37.9,25.2,19.1,23.8
1797937200,9.6,18.4,5.6,64.2,2.1,2.1,33.1,18.9,25,40,1007,1029.8,1018.6,10.2,37.4,25,19.1,24.4
1797940800,15.1,13.4,9.2,60.4,1.9,1.9,33.1,18.8,25,40,1007,1030.2,1018.9,9.1,37.9,25,18.9,24.8
1797944400,16.9,10.1,11.4,59.4,2.2,2.1,33.1,18.9,25.1,39.9,1007.3,1030.6,1019,9.1,37.9,25.1,19.1,25.9
1797948000,13.9,12,11.1,60.4,2.6,4.1,33.1,19.6,26.4,38.6,1007.6,1031.1,1019.4,10.9,37.9,26.4,20.1,20.6
1797951600,17.2,12.9,9.2,57.4,3.3,6.3,34,20.5,28.3,36.7,1007.6,1031.3,1019.6,14.2,39.9,28.3,21.6,18
1797955200,23,10.2,9.7,53.8,3.3,5.9,35.1,20.9,30.2,34.8,1006.4,1031,1019.3,17.2,42.1,30.2,22.9,12.2
1797958800,21.6,9.2,12.9,53.5,2.8,6.8,35.1,21.1,31.7,33.3,1006.7,1030.2,1018.4,18.1,43,31.7,24.3,9.2
1797962400,16.8,12.1,12.1,56.2,2.8,6.3,34.9,21.1,32.9,32.1,1006.1,1029,1017.6,19.9,45,32.9,25.6,9.5
1797966000,21.3,12.1,11.4,52.6,2.6,6.3,34,20.8,33.4,31.6,1005.7,1028.5,1017.3,20.1,46.4,33.4,26,6.1
1797969600,18.1,14.6,9.9,54.7,2.8,6.1,34,20.6,33.3,31.7,1005.4,1028.7,1017.5,20.1,46,33.3,25.9,5.8
1797973200,15.6,15.1,11.2,56.7,1.4,6.1,34,20.4,32.6,32.4,1005.6,1028.8,1017.8,19.9,44.6,32.6,25.4,6.7
1797976800,12.4,15.7,12.6,56.7,2.6,5.2,33.1,19.8,30.6,34.4,1006.5,1029.2,1018.4,18,42.1,30.6,23.7,8.2
1797980400,9.8,19.5,10.7,58.1,1.9,5.2,34,20,29.6,35.4,1006.5,1029.2,1018.5,16.2,41,29.6,23.1,12.3
1797984000,13.5,21.6,8.8,54.4,1.6,4.1,33.8,19.8,28.7,36.3,1006.9,1030,1018.8,15.3,39.9,28.7,22.4,15.7
1797987600,9.3,22.4,9.3,57.9,1.2,4.1,33.1,19.6,27.8,37.2,1007,1030.1,1019,14,39.2,27.8,21.8,22.2
1797991200,10,22.5,7.7,58.1,1.7,4.1,33.1,19.5,27.2,37.8,1007.3,1029.7,1018.8,12.2,39,27.2,21.3,23.9
1797994800,10,22.5,6.2,58.8,2.6,4.1,33.1,19.3,26.7,38.3,1007.3,1029.9,1018.8,12.2,39,26.7,20.8,24.4
1797998400,10,20.2,6.9,62,1,4.1,33.1,19.2,26.4,38.6,1007,1029.8,1018.7,10.4,39,26.4,20.2,20.9
1798002000,9.3,21,6.2,62.1,1.4,3.6,33.1,19.1,26.1,38.9,1006.6,1029.4,1018.4,10.2,39,26.1,19.9,20.6
1798005600,7.9,20.9,5.8,63.5,1.9,3.2,33.1,19,25.8,39.2,1006.2,1029,1018.1,10,39,25.8,19.5,20.3
1798009200,7.7,21.5,6.5,62.6,1.7,3.2,32.9,18.7,25.5,39.5,1006.7,1029.3,1018.3,9.1,37.9,25.5,19.4,21.2
1798012800,8.7,19,8.2,63.1,1,3.2,32.9,18.6,25.2,39.8,1007.1,1029.2,1018.4,9.1,37.4,25.2,19.2,23.8
1798016400,7.3,19.9,6.8,64.6,1.5,3.2,33.1,18.6,25,40,1006.2,1029.1,1018.1,9.1,37.4,25,18.9,22.6
1798020000,8.1,20.1,6.4,63.4,2,3,33.1,18.8,25,40,1006.1,1029,1018.1,8.6,37.4,25,18.9,24.8
1798023600,10.1,18.3,5.6,64.1,1.9,2.1,32.9,18.7,24.8,40.2,1006.3,1030,1018.5,10,37.4,24.8,18.8,25.5
1798027200,14.8,14.1,9.2,60,1.9,1.9,33.1,18.6,24.7,40.3,1006.9,1030.3,1018.9,9,37.4,24.7,18.5,25.1
1798030800,16.3,10.1,11.5,59.6,2.4,2.1,33.1,18.7,24.8,40.2,1006.9,1030.6,1019,8.6,37,24.8,18.8,26.2
1798034400,14.6,12,10.8,59.9,2.8,3.9,33.1,19.3,26,39,1007.5,1031.1,1019.4,10.4,37.4,26,19.7,20.3
1798038000,17.4,12.9,9.4,56.8,3.5,6.3,33.8,20.2,28.1,36.9,1007.5,1031.3,1019.6,14,39.2,28.1,21.1,17.9
1798041600,23.5,10.6,9.6,53.1,3.3,5.2,34,20.6,29.9,35.1,1006.4,1031.1,1019.4,16.9,42.1,29.9,22.5,12.6
1798045200,22.1,9.2,12.9,52.7,3.1,6.3,34.9,20.8,31.4,33.6,1006.8,1030.4,1018.5,18.1,42.8,31.4,23.9,8.9
1798048800,16.4,12.2,12.2,56,3.3,6.3,34,20.8,32.6,32.4,1006.1,1029.1,1017.8,19.4,44.1,32.6,25.1,9.1
1798052400,22,12.1,11.8,51.7,2.4,6.1,34,20.5,33.1,31.9,1005.7,1029,1017.5,19.9,46,33.1,25.6,6.3
1798056000,18.7,14.5,10.3,53.6,2.8,5.2,34,20.2,32.9,32.1,1005.7,1028.8,1017.7,19.9,44.6,32.9,25.4,6
1798059600,15.9,15.4,11.4,55.4,1.9,5.2,33.8,20,32.2,32.8,1005.8,1029,1017.9,19.4,44.1,32.2,25,6.6
1798063200,13.1,15.7,12.6,56,2.6,4.1,32,19.4,30.3,34.7,1006.5,1029.7,1018.5,17.6,41,30.3,23.3,7.9
1798066800,10.6,19.2,11.3,56.9,1.9,4.1,32.9,19.6,29.2,35.8,1006.5,1029.6,1018.7,15.8,39.9,29.2,22.7,13.7
1798070400,13.5,21.4,9.6,54.1,1.4,3.9,32.9,19.3,28.2,36.8,1006.9,1030.5,1019,14.2,39.9,28.2,21.9,15.7
1798074000,9.4,22.8,8.9,57.8,1.2,3.9,32,19.1,27.2,37.8,1007.1,1030.9,1019.3,12.9,39,27.2,21.3,22.9
1798077600,9.8,22.7,8.4,57.5,1.7,3.9,32.9,19,26.7,38.3,1007.4,1030.4,1019.1,12.2,39,26.7,20.8,24.6
1798081200,9.7,22.3,6.9,58.8,2.4,3.9,33.1,18.9,26.2,38.8,1007.4,1030.1,1019,10.9,37.9,26.2,20.3,25.4
1798084800,9.7,20.9,6.9,61.5,1,3.2,33.1,18.8,26,39,1007,1030.3,1018.9,10.2,37.9,26,19.7,19.7
1798088400,9,21.4,6.4,61.7,1.4,3.2,32.5,18.7,25.7,39.3,1006.6,1029.9,1018.6,9.6,37.9,25.7,19.4,21
1798092000,8.9,21,5.6,62.3,2.2,3.2,32,18.6,25.4,39.6,1006.2,1029.6,1018.3,9.1,37.9,25.4,19.2,22.3
1798095600,8,21.7,6.6,61.8,1.9,2.8,32,18.3,25.1,39.9,1006.7,1029.7,1018.6,9.1,37.4,25.1,19.1,22.7
1798099200,9.4,19.1,8.5,62,1,1.9,32,18.2,24.9,40.1,1007.2,1029.4,1018.6,8.6,37.4,24.9,18.9,25.5
1798102800,7,19.8,7.2,64.3,1.7,3.2,32,18.2,24.6,40.4,1006.5,1029.5,1018.4,9.1,37.4,24.6,18.6,23.9
1798106400,8.3,20.3,6.6,62.8,2,2.8,33.1,18.4,24.6,40.4,1006.1,1029.3,1018.3,8.6,37.4,24.6,18.7,26.6
1798110000,10.5,18.9,4.9,64,1.6,1.9,32,18.2,24.4,40.6,1006.3,1030.1,1018.7,9,37.4,24.4,18.5,27.3
1798113600,14.3,14.3,9.2,60.6,1.6,1.9,32.9,18.2,24.4,40.6,1007,1030.4,1019.1,8.6,37.4,24.4,18.2,25.2
1798117200,15.9,9.9,11.3,60.5,2.4,1.4,33.1,18.2,24.4,40.6,1007,1030.7,1019.1,8.6,37,24.4,18.3,26.7
1798120800,14.4,12,11.1,60,2.6,3.2,32.9,19,25.7,39.3,1007.6,1031.1,1019.6,10.4,37.4,25.7,19.4,21
1798124400,16.4,13.1,9.3,57.2,4,5.2,33.1,19.9,27.8,37.2,1007.5,1031.3,1019.8,13.1,39.2,27.8,20.9,18.8
1798128000,21.8,11,9.9,53.5,3.8,5.9,34,20.3,29.6,35.4,1007,1031.1,1019.6,16.2,42.1,29.6,22.3,13.2
1798131600,21.5,9.7,12.3,53.1,3.5,6.3,35.1,20.6,31.2,33.8,1006.8,1030.3,1018.7,18.1,42.8,31.2,23.8,9.6
1798135200,16.3,12.6,11.7,56.4,3,6.3,34,20.7,32.5,32.5,1006.1,1029.1,1018,19.2,44.1,32.5,25.1,9.3
1798138800,21.6,12,11.3,52.5,2.6,5.9,34,20.5,33.1,31.9,1005.7,1029,1017.5,19.4,46,33.1,25.7,6.5
1798142400,19.3,14,10.2,53.7,2.8,5.2,34,20.2,33,32,1005.6,1028.8,1017.7,19.9,45,33,25.5,6.5
1798146000,16.8,15.7,10.7,54.9,1.9,5.2,33.8,19.9,32.2,32.8,1005.8,1029.2,1018.1,19.4,44.1,32.2,25,6.7
1798149600,12.4,15.4,12.6,56.8,2.8,3.9,32,19.3,30.4,34.6,1006.5,1029.8,1018.6,17.6,41,30.4,23.4,8.6
1798153200,10.8,18.7,11.3,57.1,2.1,4.1,32,19.6,29.2,35.8,1006.7,1030.1,1018.8,15.8,39.9,29.2,22.8,13.8
1798156800,13,21.2,10.1,54.2,1.4,3.9,33.1,19.2,28.1,36.9,1006.9,1030.9,1019.2,14,39.2,28.1,21.9,15.8
1798160400,9.3,22.7,9.1,57.4,1.4,3.2,32,19.1,27.2,37.8,1007.1,1031,1019.3,12.2,39,27.2,21.3,23
1798164000,10.2,23.5,8.8,56.2,1.4,3.9,32.9,19.1,26.7,38.3,1007.3,1030.6,1019.1,12.2,39,26.7,20.9,25.9
1798167600,9.2,22.6,7.5,58.1,2.6,3.2,33.1,18.9,26.2,38.8,1007.4,1030.6,1019.1,10.9,37.9,26.2,20.4,25.4
1798171200,9.3,21,7.1,61.4,1.2,3.2,33.1,18.8,26,39,1007,1030.4,1018.9,10.2,38.8,26,19.8,20.5
1798174800,8.6,21.7,6.9,61,1.9,3.2,32.5,18.6,25.6,39.4,1006.6,1030.4,1018.6,9.6,38.3,25.6,19.5,21.9
1798178400,8.4,21.4,6,61.7,2.4,3.2,32,18.4,25.2,39.8,1006.2,1030.4,1018.4,9.1,37.9,25.2,19.1,23.3
1798182000,8.7,22.3,6.6,60.2,2.2,2.8,32,18.2,24.9,40.1,1007.2,1030.5,1018.7,9,37.9,24.9,19,22.8
1798185600,9.9,20.5,7.5,61.1,1,1.4,32,18.1,24.7,40.3,1007.6,1030.3,1018.8,8.2,37.4,24.7,18.8,26.1
1798189200,7,20.5,7,63.3,2.2,1.4,32,18,24.5,40.5,1007,1029.8,1018.5,8.6,37.4,24.5,18.6,24.5
1798192800,9,20,6.6,62.2,2.2,2.1,33.1,18.2,24.4,40.6,1006.3,1029.9,1018.6,8.2,37.4,24.4,18.6,26.8
1798196400,10.7,19.5,4.9,63.3,1.6,1.4,32,18,24.2,40.8,1007,1030.2,1018.8,7.2,37.4,24.2,18.4,27.6
1798200000,14.1,15.5,8.9,59.7,1.9,1.4,32,17.9,24.1,40.9,1007,1030.8,1019.2,8.6,37.4,24.1,17.9,25.4
1798203600,16.6,10.6,11.5,58.7,2.6,1.4,32.9,18,24.1,40.9,1007.1,1031.1,1019.3,8.2,37,24.1,18,26.5
1798207200,15.4,11.9,11.2,58.5,3,3.2,32,18.7,25.5,39.5,1007.6,1031.1,1019.8,10.2,37.4,25.5,19.3,21.4
1798210800,16.8,13.5,9.2,56.2,4.3,5,33.1,19.7,27.6,37.4,1007.6,1031.5,1020,12.9,39.2,27.6,20.8,19.4
1798214400,21.9,12,9.9,52.2,4,5.2,33.8,20.1,29.4,35.6,1007.8,1031.1,1019.8,15.8,41.9,29.4,22.1,13
1798218000,21.1,10.8,11.7,52.8,3.5,6.3,34,20.4,31.1,33.9,1006.9,1030.4,1018.9,18.1,42.8,31.1,23.6,9.6
1798221600,15.9,14.3,11.2,55.5,3,5.9,34,20.5,32.4,32.6,1006.6,1029.2,1018.2,19.2,44.1,32.4,24.9,9.6
1798225200,20.7,13.6,10.6,52.6,2.6,5.9,33.8,20.3,33,32,1005.9,1029,1017.6,19.4,46,33,25.6,6.5
1798228800,19.3,14.4,10,53.7,2.6,5.2,33.8,20.1,33,32,1006.2,1029.3,1017.9,19.4,45,33,25.5,5.8
1798232400,16.8,16.4,10,54.7,2.1,5,33.1,19.7,32.1,32.9,1006.6,1029.3,1018.3,19.4,44.1,32.1,24.9,6.8
1798236000,11.2,16.1,13.3,56.4,3,3.2,32,19.2,30.4,34.6,1006.5,1029.9,1018.7,17.6,41,30.4,23.4,9
1798239600,10.8,18.9,12.4,55.8,2.1,4.1,32,19.4,29.2,35.8,1006.8,1030.2,1018.9,15.8,39.9,29.2,22.8,13.8
1798243200,12.7,21.6,10.6,53.7,1.4,3.2,32.9,19.1,28.1,36.9,1007.1,1030.9,1019.3,14.2,39.2,28.1,21.9,15.8
1798246800,9.8,23.3,9.3,56.2,1.4,3.2,32,19,27.2,37.8,1007.2,1031,1019.4,13.1,39.2,27.2,21.2,21.8
1798250400,10,23.9,8.5,56.2,1.4,3.2,32.9,19.1,26.7,38.3,1007.5,1030.7,1019.3,12.2,39,26.7,21,26.2
1798254000,8.5,23,7.3,58.7,2.6,3.2,33.1,18.9,26.3,38.7,1007.8,1030.7,1019.2,11.1,37.9,26.3,20.5,26
1798257600,9.3,21.4,7.1,61,1.2,3.2,33.1,18.8,26,39,1007.2,1030.4,1019,10.4,37.9,26,20,20.9
1798261200,8.3,21.7,6.6,61.2,2.1,3.2,32.5,18.6,25.6,39.4,1006.9,1030.5,1018.8,9.8,37.9,25.6,19.6,22.5
1798264800,8.2,20.8,6.1,62.5,2.4,3.2,32,18.4,25.3,39.7,1006.5,1030.5,1018.6,9.1,37.9,25.3,19.2,24.2
1798268400,9.3,22,5.6,60.9,2.2,3.2,32,18.2,25,40,1007.2,1030.5,1018.8,9.1,37.4,25,19.1,23.4
1798272000,10.2,20.1,6.5,62.2,1,1.9,32,18.1,24.7,40.3,1007.8,1030.3,1018.9,9,37.4,24.7,18.8,26.2
1798275600,8.2,20.2,6,63.6,1.9,2.1,32,18,24.5,40.5,1007.2,1030.3,1018.7,9.1,37,24.5,18.6,24.8
1798279200,9,20.1,5.8,63.1,1.9,2.8,32.9,18.1,24.4,40.6,1006.3,1030.1,1018.6,8.6,37.4,24.4,18.7,27.2
1798282800,10.7,19.5,4.4,64,1.4,1.9,32,18.1,24.2,40.8,1007.1,1030.6,1018.9,8.6,37,24.2,18.5,28.2
1798286400,13.8,15.5,8.4,60.4,1.9,1.9,32,18,24.1,40.9,1007.1,1031,1019.3,8.6,36.9,24.1,17.9,25.2
1798290000,16.2,10.7,11.2,59.4,2.4,1.4,32,18,24.2,40.8,1007.4,1031.1,1019.4,8.6,36,24.2,18.1,26
1798293600,15.4,11.7,10.5,60.1,2.3,3.2,32,18.7,25.6,39.4,1007.9,1031.3,1019.9,10.4,37.4,25.6,19.3,21.7
1798297200,16.2,12.6,9,58.2,4,5,32.9,19.7,27.7,37.3,1007.9,1031.7,1020.1,14,39,27.7,20.9,19.7
1798300800,21.6,10.8,10.4,53.4,3.8,5,33.1,20.1,29.4,35.6,1008,1031.5,1019.9,15.8,41,29.4,22.1,12.8
1798304400,21.3,9.7,11.8,53.4,3.8,5.9,33.8,20.4,31.1,33.9,1007.4,1030.6,1019,18,42.8,31.1,23.6,10.5
1798308000,15.7,13.1,11.4,56.8,3,5.2,33.8,20.4,32.2,32.8,1006.8,1029.5,1018.3,18.9,44.1,32.2,24.8,9
1798311600,20.8,12.7,10.1,54,2.4,5.2,33.8,20.3,32.9,32.1,1006,1029.4,1017.8,19.2,46,32.9,25.4,6.5
1798315200,18.7,13.3,10.1,55.5,2.3,5.2,33.8,20.1,32.9,32.1,1006.2,1029.5,1018,19.2,45,32.9,25.4,5.8
1798318800,16.9,15.2,10.1,56.2,1.6,4.1,33.1,19.9,32.1,32.9,1006.8,1029.7,1018.4,19,44.1,32.1,24.8,6.5
1798322400,11.6,14.7,12.3,58.1,3.3,3.2,32,19.4,30.4,34.6,1006.6,1030.3,1018.7,17.6,41,30.4,23.4,8.3
1798326000,10.9,17.8,12.2,57,2.1,4.1,32,19.6,29.2,35.8,1006.8,1030.5,1019,15.8,39.9,29.2,22.7,13.4
1798329600,12.4,20.3,10.7,55.1,1.4,3.2,33.1,19.3,28.2,36.8,1006.9,1031.2,1019.4,14,39.2,28.2,21.8,14.9
1798333200,9.7,22.6,8.8,57.5,1.4,3.2,32,19.1,27.2,37.8,1007.2,1031.2,1019.5,12.2,39.2,27.2,21.1,21
1798336800,9.9,22.9,8.7,57.3,1.2,3.9,33.1,19.2,26.8,38.2,1007.5,1031,1019.4,12.2,39.2,26.8,20.9,24.8
1798340400,7.7,22,7.3,60.4,2.6,3.2,33.1,19.1,26.4,38.6,1007.8,1031.2,1019.3,12,39,26.4,20.6,24.7
1798344000,9,20.9,6.9,62.1,1.2,3.2,33.1,18.9,26.1,38.9,1007.3,1031.3,1019.2,10.4,39,26.1,19.8,18.8
1798347600,8.2,20.9,6.4,62.4,2.1,3.2,33,18.8,25.8,39.2,1006.9,1031.3,1019,9.8,38.5,25.8,19.6,21.4
1798351200,8.7,20.4,5.3,63.3,2.2,3.2,32.9,18.6,25.5,39.5,1006.5,1031.2,1018.7,9.1,37.9,25.5,19.4,24
1798354800,8.3,21,5.1,63.3,2.2,3.2,32,18.4,25.2,39.8,1007.3,1031.3,1018.8,9.1,37.9,25.2,19.3,23.1
1798358400,9.2,19.7,5.8,64.5,0.7,1.9,32,18.3,24.9,40.1,1007.8,1030.9,1019,9.1,37.4,24.9,19,26
1798362000,7.5,20,4.9,65.5,2.2,3,32,18.2,24.7,40.3,1007.2,1030.7,1018.8,9.9,37.4,24.7,18.7,24
1798365600,8,19.4,5.6,65,1.9,2.8,33.1,18.3,24.6,40.4,1006.3,1030.4,1018.7,8.6,37.4,24.6,18.8,26.8
1798369200,9.8,18.8,4.7,65.6,1.2,2.1,32,18.2,24.4,40.6,1007.1,1030.7,1019,9,37.4,24.4,18.7,27.7
1798372800,14.8,14.8,8,60.7,1.9,1.9,32,18.1,24.3,40.7,1007,1031.1,1019.3,8.6,37.4,24.3,18.1,24.7
1798376400,16.6,10.2,10.5,59.9,2.9,1.4,32.9,18.2,24.4,40.6,1007.1,1031.2,1019.4,8.6,37,24.4,18.4,24.5
1798380000,15.4,11.4,10.5,60.6,2.1,3.2,32,18.7,25.6,39.4,1007.6,1031.5,1020,10.4,37.4,25.6,19.3,21.9
1798383600,16.6,11.6,8.6,59.1,4,5,33.1,19.8,27.7,37.3,1007.8,1031.8,1020.1,13.1,39.2,27.7,21,19.3
1798387200,21.3,10.4,9.9,54.6,3.8,5,34,20.3,29.5,35.5,1007,1031.5,1019.9,15.8,42.1,29.5,22.3,13.1
1798390800,22.7,9,11.3,53.9,3.1,6.3,35.1,20.5,31.1,33.9,1006.9,1030.6,1019,17.6,42.8,31.1,23.8,10.3
1798394400,15.9,12.1,11.2,57.9,2.8,5.2,34,20.6,32.3,32.7,1006.6,1029.7,1018.3,18.9,44.6,32.3,24.9,8.6
1798398000,19.7,12.2,10.3,55.5,2.3,5.9,34,20.6,33.1,31.9,1005.8,1029.4,1017.8,19.2,46,33.1,25.7,6.7
1798401600,18.6,13.5,9.5,56.3,2.1,5,35.1,20.3,33,32,1005.7,1029.4,1018.1,19.4,46,33,25.6,6
1798405200,16.6,15.2,10,56.3,1.9,4.1,34,20.1,32.2,32.8,1006.6,1029.5,1018.4,19,44.1,32.2,25,6.3
1798408800,12.1,14.9,12.8,57.3,2.8,3.2,33.1,19.5,30.5,34.5,1006.5,1030.1,1018.8,17.6,41.9,30.5,23.5,8.3
1798412400,11.1,17.6,12.3,56.6,2.3,4.1,33.1,19.7,29.3,35.8,1006.8,1030.5,1019.1,15.8,41,29.2,22.7,12.5
1798416000,12,20.3,11.2,55,1.4,3.9,33.8,19.4,28.3,36.7,1006.9,1031.2,1019.4,14.2,39.2,28.3,21.8,14.7
1798419600,9.5,22.7,9,57.3,1.4,3.2,33.1,19.2,27.3,37.7,1007.2,1031,1019.5,12.9,39.2,27.3,21.2,20.6
1798423200,10.4,23.1,8.7,56.6,1.2,4.1,33.1,19.2,26.8,38.2,1008,1031,1019.4,12.2,39.2,26.8,20.9,24.6
1798426800,7.7,22.3,7.5,59.9,2.6,3.9,33.1,19.1,26.4,38.6,1008,1031.1,1019.4,12,39,26.4,20.5,23.8
1798430400,8.3,21.7,6.9,61.9,1.2,3.9,33.1,19,26.2,38.8,1007.7,1030.9,1019.2,10.9,39,26.2,19.9,19
1798434000,8.2,21.9,6.6,61.2,2.1,3.5,33.1,18.8,25.8,39.2,1007.3,1031,1019,10,39,25.8,19.6,21.9
1798437600,9,21.2,5.9,61.7,2.2,3.2,33.1,18.6,25.4,39.6,1006.8,1031.1,1018.7,9.1,39,25.4,19.4,24.7
1798441200,8.1,22.1,5.7,62.2,2,2.8,32.9,18.4,25.1,39.9,1007.5,1030.8,1018.8,9.1,37.9,25.1,19.2,23.6
1798444800,9.2,20.7,6.1,63.3,0.7,1.9,32,18.3,24.8,40.2,1008.4,1031.2,1019.1,9.1,37.4,24.8,18.9,26
1798448400,6.8,20.2,5.1,65.4,2.4,1.9,33.1,18.3,24.7,40.3,1007.5,1030.7,1018.8,9.9,37.4,24.7,18.6,23.8
1798452000,8.5,19.5,5.8,64.2,1.9,2.8,33.1,18.4,24.6,40.4,1006.3,1030.4,1018.6,9,37,24.6,18.8,26.5
1798455600,10.2,18.6,5.3,64.7,1.2,1.4,32.9,18.3,24.3,40.7,1007.4,1030.7,1018.9,9,37.4,24.3,18.5,27.7
1798459200,14.7,14.5,8.6,60.5,1.6,1.9,33.1,18.2,24.3,40.7,1007,1031.1,1019.2,8.6,37.4,24.3,18.1,24.9
1798462800,16.6,9.5,11.4,60,2.6,1.4,33.1,18.2,24.3,40.7,1007,1031.2,1019.4,8.6,37,24.3,18.3,25.1
1798466400,15.7,11.2,10.8,60.2,2.1,3.2,33.8,18.8,25.6,39.4,1007.6,1031.5,1019.9,10.4,37.4,25.6,19.3,22.2
1798470000,16.6,11.6,8.6,59.1,4,5,33.8,19.9,27.7,37.3,1007.6,1031.8,1020,14,39.9,27.7,21,19.4
1798473600,20.8,10.9,10.2,54.4,3.8,5,35.1,20.4,29.5,35.5,1007,1031.5,1019.8,15.8,42.8,29.5,22.3,13.8
1798477200,23.5,9.3,10.5,53.4,3.3,6.3,35.6,20.7,31.2,33.8,1006.8,1030.7,1018.9,18,42.8,31.2,23.8,10.3
1798480800,16.4,12.9,10.5,57.1,3,5,35.6,20.7,32.3,32.7,1006.3,1029.7,1018.2,18.9,45,32.3,25,8.8
1798484400,19,13.1,9.9,55.9,2.1,5,35.6,20.7,33,32,1005.7,1029.4,1017.7,19.4,46.4,33,25.7,6.8
1798488000,19.1,14.2,8.6,56.2,1.9,5,35.6,20.4,33,32,1005.7,1029.3,1018,19.4,46.4,33,25.7,6.7
1798491600,16.9,15.7,9.4,56.1,1.9,4.1,36,20.3,32.3,32.7,1006,1029.3,1018.2,19,44.6,32.3,25.1,6.1
1798495200,12.4,15.2,12.6,57.1,2.8,3.2,33.8,19.7,30.6,34.4,1006.5,1030.1,1018.6,17.6,42.1,30.6,23.6,8.1
1798498800,10.9,17.6,12.1,57.3,2.1,3.9,34,19.8,29.3,35.7,1006.7,1030.4,1018.9,15.8,41,29.3,22.7,12
1798502400,12.2,20.4,11,54.9,1.4,3.2,34,19.6,28.4,36.6,1006.9,1030.9,1019.1,14.2,39.9,28.4,21.9,14.8
1798506000,10.2,22.9,8.5,57,1.4,3.2,33.1,19.3,27.3,37.7,1007,1031,1019.3,12.9,39.9,27.3,21.1,20.8
1798509600,10.5,23.1,8.6,56.5,1.2,3.9,34,19.4,27,38,1007.5,1031,1019.2,12.2,39.2,27,20.9,24.5
1798513200,7.2,22.2,7.7,60.3,2.6,3.2,34,19.3,26.6,38.4,1007.6,1031.1,1019.1,12.2,39,26.6,20.6,23.3
1798516800,8.4,22.2,7,61.1,1.2,3.2,33.8,19.1,26.3,38.7,1007.3,1030.9,1018.9,10.9,39,26.3,20,18.9
1798520400,8.6,21.9,7,60.4,2.1,3.1,33.8,18.9,25.9,39.8,1007,1030.8,1018.6,9.1,37.9,25.2,19.7,21.9
1798524000,9.2,21.2,5.8,61.6,2.2,3,33.8,18.7,25.5,39.5,1006.7,1030.7,1018.4,9.1,37.9,25.5,19.4,24.9
1798527600,8.3,21.3,6.1,62.3,2,2.8,33.1,18.5,25.1,39.9,1007.2,1030.6,1018.6,9.1,37.9,25.1,19.1,23.6
1798531200,9.5,19.9,6.1,63.8,0.7,1.9,33.1,18.5,24.9,40.1,1008.2,1030.9,1018.9,9.1,37.4,24.9,19,25.5
1798534800,6.8,19.3,5.1,66.1,2.7,1.4,33.1,18.5,24.8,40.2,1007.1,1030.6,1018.5,10,37.4,24.8,18.8,24.3
1798538400,8.5,18.5,5.6,65.6,1.7,2.8,33.8,18.5,24.8,40.3,1006.1,1030.2,1018.4,9.1,37,24.7,18.8,27
1798542000,10.2,17.2,6,65.6,0.9,1.4,33.1,18.5,24.5,40.5,1006.7,1030.6,1018.7,9,37.4,24.5,18.7,27.9
1798545600,15.6,13.3,8.6,60.6,1.9,1.9,33.8,18.4,24.4,40.6,1006.9,1030.8,1019,8.6,37.4,24.4,18.2,24.4
1798549200,16.9,9.8,10.2,60.5,2.6,1.9,33.1,18.4,24.4,40.6,1006.8,1031.2,1019.2,8.6,37,24.4,18.4,24.6
1798552800,15.5,11.3,10.6,60.3,2.3,3.2,33.8,19,25.7,39.3,1007.4,1031.5,1019.7,10.4,37.9,25.7,19.4,21.3
1798556400,15.8,11.8,8.3,60.3,3.8,5,34,20,27.7,37.3,1007.6,1031.7,1019.8,14,39.2,27.7,20.8,18.6
1798560000,19.2,11.5,9.9,55.6,3.8,5,35.6,20.4,29.6,35.4,1007,1031.5,1019.6,15.8,42.1,29.6,22.4,14.6
1798563600,22,9.9,9.7,54.6,3.8,5,35.6,20.7,31.1,33.9,1006.9,1030.4,1018.8,17.6,42.8,31.1,23.8,11.2
1798567200,17.3,12.6,10,57,3,4.1,35.6,20.7,32.2,32.8,1006.3,1029.5,1018,18.9,44.6,32.2,24.9,9.2
1798570800,18.5,12.9,10.3,56.2,2.1,5,35.6,20.7,33,32,1006,1029.3,1017.6,19.4,46,33,25.6,7.2
1798574400,20.1,13.6,8.4,56.1,1.9,4.1,35.6,20.3,32.9,32.1,1005.8,1029.3,1017.9,19.2,45,32.9,25.5,6.5
1798578000,17.4,14.8,9.9,56,1.9,3.2,36,20.3,32.2,32.8,1006.5,1029.2,1018.1,18.9,44.1,32.2,25,6.1
1798581600,12.1,13.8,13.8,57.8,2.6,3,34,19.6,30.5,34.5,1006.5,1029.8,1018.4,17.6,42.1,30.5,23.6,8.5
1798585200,12,17.1,11.6,57.6,1.6,3.2,34,19.8,29.3,35.8,1006.6,1030.4,1018.7,15.8,41,29.2,22.6,12.4
1798588800,12.5,19.3,10.6,56.1,1.4,3.2,34,19.6,28.3,36.7,1006.7,1030.9,1018.9,14,39.9,28.3,22,15.8
1798592400,9.9,22.5,8.2,58,1.4,3.2,33.1,19.3,27.2,37.8,1006.9,1031,1019.2,12.2,39.9,27.2,21.1,21.9
1798596000,10.3,22.7,8.2,57.5,1.4,3.2,34,19.3,26.9,38.1,1007.1,1031,1019.1,12.2,39.2,26.9,20.8,24.2
1798599600,7.2,21.5,7.9,60.7,2.6,3.2,33.8,19.1,26.4,38.6,1007.4,1031.1,1019,12,39,26.4,20.3,23.1
1798603200,8.3,22.4,6.8,61.3,1.2,3.2,33.8,19,26.2,38.8,1007.3,1030.9,1018.8,10.4,39,26.2,19.9,18.5
1798606800,8.2,22,6.8,60.9,2.1,3,33.8,18.9,25.8,40.1,1007,1031,1018.5,8.6,37.9,24.9,19.6,22.1
1798610400,9.2,20.2,6.6,61.8,2.2,2.8,33.8,18.7,25.4,39.6,1006.7,1031.1,1018.3,9.1,37.9,25.4,19.4,25.6
1798614000,7.8,20.8,6.6,62.7,2,2.8,33.1,18.4,25,40,1007.3,1030.6,1018.5,9,37.9,25,19,24.1
1798617600,9.2,19.4,5.8,64.9,0.7,1.9,33.1,18.5,24.9,40.1,1008.2,1031.2,1018.8,9.1,37.4,24.9,18.9,25.9
1798621200,7.3,18.4,5.3,66.3,2.7,1.4,33.1,18.5,24.8,40.2,1007.1,1030.6,1018.4,9.9,37.4,24.8,18.8,25.7
1798624800,9,18.1,5.6,65.8,1.5,2.1,33.8,18.4,24.6,40.4,1006.1,1030.2,1018.3,9,37,24.6,18.7,26.3
1798628400,10.3,16.6,6.8,65.2,1.2,1.4,33.1,18.4,24.4,40.6,1006.3,1030.6,1018.5,9,37.4,24.4,18.5,28.1
1798632000,15.3,14,8.6,60.5,1.6,1.9,33.8,18.3,24.4,40.6,1006.8,1030.8,1018.8,8.6,37.4,24.4,18.1,24.4
1798635600,17,10,9.6,60.8,2.6,1.9,33.8,18.4,24.4,40.6,1006.1,1031.3,1019,8.6,37.4,24.4,18.3,23.7
1798639200,15.1,11.3,10.4,61.1,2.1,3.2,33.8,18.9,25.6,39.4,1007.4,1031.5,1019.5,10.4,39,25.6,19.2,21.4
1798642800,15.7,11.9,8.6,60.5,3.3,4.1,33.8,19.8,27.5,37.5,1007.8,1031.7,1019.7,14,39.9,27.5,20.6,18.4
1798646400,18.1,11.8,9.9,56.5,3.8,3.9,35.6,20.4,29.4,35.6,1006.7,1031.5,1019.4,15.8,42.1,29.4,22.2,14.3
1798650000,20.7,9.7,9.7,56.1,3.8,5,35.6,20.7,30.9,34.1,1006.8,1030.4,1018.5,17.6,42.8,30.9,23.6,10.7
1798653600,17.5,12.6,9.3,57.7,2.8,3.9,35.6,20.7,32,33,1006.1,1029.5,1017.8,18.9,44.6,32,24.8,9.2
1798657200,18.3,12,9.9,57.3,2.6,5,35.6,20.7,32.8,32.2,1005.7,1029.3,1017.4,19.4,46,32.8,25.4,6.8
1798660800,20,13.1,7.9,57.1,1.9,3.9,35.6,20.4,32.8,32.2,1005.7,1029.3,1017.7,19,46,32.8,25.4,6.5
1798664400,17.3,14.3,9,57.2,2.1,3.2,36,20.3,32.1,32.9,1006.1,1029.2,1017.9,18,44.1,32.1,24.9,6.8
1798668000,13,12.8,12.3,59.3,2.6,3,34,19.6,30.5,34.5,1006.4,1029.9,1018.2,17.6,42.1,30.5,23.5,8.5
1798671600,12,15.7,11.3,59.5,1.4,3.2,34,19.8,29.3,35.8,1006.6,1030.4,1018.5,15.8,41,29.2,22.6,11.7
1798675200,12.7,17.8,9.9,57.9,1.7,3.2,34,19.7,28.3,36.7,1006.7,1030.9,1018.7,14,39.9,28.3,21.9,15
1798678800,10.4,21.3,7.3,59.6,1.4,3.2,34,19.4,27.3,37.7,1006.9,1031,1018.9,12.2,39.9,27.3,21.2,21.7
1798682400,10.1,21.5,7.7,59.5,1.2,3.2,34,19.4,26.9,38.1,1007.1,1031,1018.9,12.2,39.9,26.9,20.9,23.5
1798686000,6.8,20.8,7.8,62,2.6,3.2,34,19.1,26.4,38.6,1007.1,1031.2,1018.8,12,39,26.4,20.4,23.5
1798689600,9.2,22,6.4,61.4,0.9,3.2,33.8,19.1,26.2,38.8,1007,1030.4,1018.5,10.4,39,26.2,19.8,18.3
1798693200,9.1,21.7,6.1,60.7,2.3,3,33.8,18.9,25.8,40.1,1006.8,1030.7,1018.3,8.6,37.9,24.9,19.6,21.9
1798696800,8.8,19.8,6.6,62.8,2,2.8,33.8,18.7,25.3,39.7,1006.5,1031,1018.1,9.1,37.9,25.3,19.3,25.4
1798700400,7.8,20.3,6.1,63.6,2.2,2.1,32.9,18.4,24.8,40.2,1006.9,1030.4,1018.3,9,37.9,24.8,18.9,24.5
1798704000,9,19.4,5.8,65.3,0.5,1.9,32.9,18.4,24.7,40.3,1007.6,1030.9,1018.6,9.1,37.4,24.7,18.8,26.7
1798707600,6.8,17.5,6.1,66.9,2.7,1.4,32.9,18.3,24.6,40.4,1006.7,1030.3,1018.2,9.9,37.4,24.6,18.6,26.6
1798711200,10,16.8,5.6,66.2,1.5,2.1,33.1,18.3,24.5,40.5,1005.7,1030.1,1018.1,9,37.4,24.5,18.5,26.4
1798714800,10.1,15.5,6.6,66.5,1.4,1.4,33.1,18.2,24.3,40.7,1006.1,1030.1,1018.4,9,37.4,24.3,18.4,27.7
1798718400,15.5,12.8,8.6,61.3,1.9,1.9,33.1,18.2,24.2,40.8,1006.5,1030.8,1018.6,8.6,37.4,24.2,17.9,24.8
1798722000,17.3,9.6,9.1,61.3,2.6,1.9,33.1,18.2,24.2,40.8,1006.1,1031.1,1018.9,8.6,37,24.2,18.2,24.7
1798725600,15.1,10.9,9.7,62.4,1.9,3.2,33.8,18.7,25.4,39.6,1006.9,1031.5,1019.4,10.4,37.9,25.4,19,21.7
1798729200,16.7,11.4,7.9,61.4,2.6,3.9,33.8,19.6,27.3,37.7,1007.1,1031.7,1019.6,12.9,39.2,27.3,20.4,18.8
1798732800,18.9,11.3,9.2,57.1,3.5,3.9,35.1,20.1,29.1,35.9,1006.4,1031.5,1019.4,15.8,42.1,29.1,21.9,14.7
1798736400,21.5,8.9,9.6,56.2,3.8,5,35.1,20.5,30.7,34.3,1006.5,1030.3,1018.4,17.6,42.8,30.7,23.3,11
1798740000,18.1,12.2,8.7,58.4,2.6,3.9,35.1,20.5,31.7,33.3,1005.8,1029.4,1017.7,18.1,44.1,31.7,24.4,9
1798743600,18.3,11.3,10.6,57.3,2.6,5,35.1,20.5,32.4,32.6,1005.8,1029.2,1017.4,18.9,45.9,32.4,24.9,7
1798747200,20.5,13.3,7.9,56.6,1.6,3.2,35.6,20.2,32.4,32.6,1005.8,1028.9,1017.7,18.9,45,32.4,25,6.7
1798750800,17.5,14.2,8.8,56.6,2.8,2.8,35.1,20,31.7,33.3,1006.5,1029.2,1017.9,17.6,44.1,31.7,24.4,7
1798754400,13.5,13.2,11.8,58.7,2.8,1.9,34,19.4,30.2,34.8,1005.9,1029.8,1018.1,16,42.1,30.2,23.1,8.7
1798758000,11.6,16.2,11.1,59.6,1.4,2.1,33.8,19.5,28.9,36.1,1006.6,1030.3,1018.4,15.1,41,28.9,22.1,11.7
1798761600,13,17.8,9.6,57.9,1.7,2.8,34,19.4,28.1,36.9,1006.7,1031,1018.6,13.1,39.9,28.1,21.5,15
1798765200,10.4,21.1,7.3,59.7,1.4,2.1,33.1,19.2,27.1,37.9,1006.9,1031.4,1018.8,12,39.2,27.1,20.8,20.7
1798768800,9.6,21,7.9,60.3,1.2,2.8,33.8,19.1,26.7,38.3,1006.9,1031.3,1018.8,12,39.2,26.7,20.5,22.8
1798772400,7.8,20,8,62,2.1,2.1,33.1,19,26.2,38.8,1006.9,1031.3,1018.7,11.1,39,26.2,20,21.4
1798776000,9.5,21.3,6.6,61.6,0.9,3,33.8,18.9,26,39,1006.8,1031.4,1018.4,10.4,39,26,19.5,17.8
